index,Rank,Model,Model Size (Million Parameters),"Memory Usage (GB, fp32)",Embedding Dimensions,Max Tokens,Average,AmazonCounterfactualClassification (en),AmazonPolarityClassification,AmazonReviewsClassification (en),Banking77Classification,EmotionClassification,ImdbClassification,MassiveIntentClassification (en),MassiveScenarioClassification (en),MTOPDomainClassification (en),MTOPIntentClassification (en),ToxicConversationsClassification,TweetSentimentExtractionClassification
223,1,"<a target=""_blank"" style=""text-decoration: underline"" href=""https://huggingface.co/nvidia/NV-Embed-v2"">NV-Embed-v2</a>",7851,29.25,4096,32768,90.37,94.28,97.74,63.96,92.42,93.38,97.14,86.1,92.17,99.25,94.37,92.74,80.87
102,2,"<a target=""_blank"" style=""text-decoration: underline"" href=""https://huggingface.co/Salesforce/SFR-Embedding-2_R"">SFR-Embedding-2_R</a>",7111,26.49,4096,32768,89.05,92.72,97.31,61.04,90.02,93.37,96.8,85.97,90.61,98.58,91.3,91.14,79.7
22,3,"<a target=""_blank"" style=""text-decoration: underline"" href=""https://huggingface.co/BAAI/bge-en-icl"">bge-en-icl</a>",7111,26.49,4096,32768,88.95,93.15,96.98,61.46,91.49,93.36,96.91,82.93,85.6,98.42,94.0,93.17,79.93
25,4,"<a target=""_blank"" style=""text-decoration: underline"" href=""https://huggingface.co/BAAI/bge-multilingual-gemma2"">bge-multilingual-gemma2</a>",9242,34.43,3584,8192,88.08,89.48,96.9,61.6,92.53,92.97,96.66,82.05,84.4,98.61,95.51,87.34,78.86
153,5,"<a target=""_blank"" style=""text-decoration: underline"" href=""https://huggingface.co/dunzhang/stella_en_1.5B_v5"">stella_en_1.5B_v5</a>",1543,5.75,8192,131072,87.63,92.87,97.16,59.36,89.79,84.29,96.66,85.83,90.2,99.01,92.78,88.76,74.84
222,6,"<a target=""_blank"" style=""text-decoration: underline"" href=""https://huggingface.co/nvidia/NV-Embed-v1"">NV-Embed-v1</a>",7851,29.25,4096,32768,87.35,95.12,97.14,55.47,90.34,91.7,97.06,80.07,81.74,96.51,89.77,92.6,80.64
154,7,"<a target=""_blank"" style=""text-decoration: underline"" href=""https://huggingface.co/dunzhang/stella_en_400M_v5"">stella_en_400M_v5</a>",435,1.62,8192,8192,86.67,92.36,97.19,59.53,89.3,78.77,96.49,85.17,89.62,98.83,92.3,86.94,73.58
17,8,"<a target=""_blank"" style=""text-decoration: underline"" href=""https://huggingface.co/Alibaba-NLP/gte-Qwen2-7B-instruct"">gte-Qwen2-7B-instruct</a>",7613,28.36,3584,131072,86.58,91.31,97.5,62.56,87.57,79.45,96.75,85.41,89.77,99.04,91.88,85.12,72.58
27,9,"<a target=""_blank"" style=""text-decoration: underline"" href=""https://huggingface.co/BN7002/gte-Qwen2-7B-instruct-Q4_K_M-GGUF"">gte-Qwen2-7B-instruct-Q4_K_M-GGUF</a>",,,,,86.58,91.31,97.5,62.56,87.57,79.45,96.75,85.41,89.77,99.04,91.88,85.12,72.58
191,10,"<a target=""_blank"" style=""text-decoration: underline"" href=""https://huggingface.co/jinaai/jina-embeddings-v3"">jina-embeddings-v3</a>",572,2.13,1024,8194,82.58,89.49,95.38,49.77,84.08,73.3,91.9,77.61,84.71,97.49,84.53,91.29,71.4
16,11,"<a target=""_blank"" style=""text-decoration: underline"" href=""https://huggingface.co/Alibaba-NLP/gte-Qwen2-1.5B-instruct"">gte-Qwen2-1.5B-instruct</a>",1776,6.62,1536,131072,82.47,83.99,96.61,55.61,87.31,61.37,95.83,82.4,84.5,97.69,88.76,82.66,72.95
36,12,"<a target=""_blank"" style=""text-decoration: underline"" href=""https://huggingface.co/DecisionOptimizationSystemProduction/DeepFeatTextEmbeddingLarge"">DeepFeatTextEmbeddingLarge</a>",1776,6.62,1536,131072,82.47,83.99,96.61,55.61,87.31,61.37,95.83,82.4,84.5,97.69,88.76,82.66,72.95
6,13,"<a target=""_blank"" style=""text-decoration: underline"" href=""https://docs.voyageai.com/embeddings/"">voyage-large-2-instruct</a>",,,1024,16000,81.49,77.6,96.58,50.77,86.96,59.81,96.13,81.08,87.95,98.86,86.97,83.58,71.55
1,14,"<a target=""_blank"" style=""text-decoration: underline"" href=""https://cloud.google.com/vertex-ai/generative-ai/docs/embeddings/get-text-embeddings#latest_models"">google-gecko.text-embedding-preview-0409</a>",1200,4.47,768,2048,81.17,75.34,97.34,51.17,88.62,52.51,95.65,80.22,87.19,98.35,83.43,89.67,74.52
62,15,"<a target=""_blank"" style=""text-decoration: underline"" href=""https://huggingface.co/Linq-AI-Research/Linq-Embed-Mistral"">Linq-Embed-Mistral</a>",7111,26.49,4096,32768,80.2,84.43,95.7,57.64,87.88,51.82,94.78,82.67,85.01,96.83,89.57,71.29,64.76
15,16,"<a target=""_blank"" style=""text-decoration: underline"" href=""https://huggingface.co/Alibaba-NLP/gte-Qwen1.5-7B-instruct"">gte-Qwen1.5-7B-instruct</a>",7099,26.45,4096,32768,79.6,83.16,96.7,62.17,81.68,54.53,95.58,78.47,78.19,95.75,84.26,78.75,66.0
9,17,"<a target=""_blank"" style=""text-decoration: underline"" href=""https://docs.voyageai.com/embeddings/"">voyage-lite-02-instruct</a>",1220,4.54,1024,4000,79.25,88.31,96.32,56.25,88.59,50.28,95.75,73.97,83.99,97.65,75.16,81.75,62.98
0,18,"<a target=""_blank"" style=""text-decoration: underline"" href=""https://cloud.google.com/vertex-ai/generative-ai/docs/embeddings/get-text-embeddings#latest_models"">google-gecko-256.text-embedding-preview-0409</a>",1200,4.47,256,2048,79.0,70.93,97.34,48.47,86.01,51.53,95.7,75.67,85.16,98.02,77.82,88.33,72.97
291,19,"<a target=""_blank"" style=""text-decoration: underline"" href=""https://huggingface.co/zeta-alpha-ai/Zeta-Alpha-E5-Mistral"">Zeta-Alpha-E5-Mistral</a>",7111,26.49,4096,32768,78.77,77.76,96.62,59.26,83.11,57.72,95.5,77.31,79.98,96.35,80.52,75.88,65.22
45,20,"<a target=""_blank"" style=""text-decoration: underline"" href=""https://huggingface.co/GritLM/GritLM-7B"">GritLM-7B</a>",7240,26.97,,4096,78.65,80.54,96.64,59.91,84.44,56.01,95.07,79.1,80.37,95.37,81.23,68.81,66.26
46,21,"<a target=""_blank"" style=""text-decoration: underline"" href=""https://huggingface.co/GritLM/GritLM-8x7B"">GritLM-8x7B</a>",46703,173.98,4096,32768,78.53,80.48,96.32,57.18,87.46,50.06,94.32,79.72,81.09,95.29,87.08,70.89,62.48
103,22,"<a target=""_blank"" style=""text-decoration: underline"" href=""https://huggingface.co/Salesforce/SFR-Embedding-Mistral"">SFR-Embedding-Mistral</a>",7111,26.49,4096,32768,78.33,77.93,95.97,54.35,88.81,50.24,94.79,79.99,82.2,96.36,86.3,69.33,63.64
19,23,"<a target=""_blank"" style=""text-decoration: underline"" href=""https://huggingface.co/Alibaba-NLP/gte-large-en-v1.5"">gte-large-en-v1.5</a>",434,1.62,1024,8192,77.75,73.01,93.97,54.2,87.33,46.77,92.1,78.94,81.41,96.6,82.9,82.61,63.16
192,24,"<a target=""_blank"" style=""text-decoration: underline"" href=""https://huggingface.co/jspringer/echo-mistral-7b-instruct-lasttoken"">echo-mistral-7b-instruct-lasttoken</a>",7111,26.49,4096,32768,77.43,82.97,90.98,48.71,88.15,52.18,87.42,79.67,82.82,96.16,85.75,71.91,62.4
170,25,"<a target=""_blank"" style=""text-decoration: underline"" href=""https://huggingface.co/intfloat/e5-mistral-7b-instruct"">e5-mistral-7b-instruct</a>",7111,26.49,4096,32768,77.37,74.57,96.26,55.97,81.41,58.42,94.73,77.0,79.13,95.33,78.99,71.75,64.89
230,26,"<a target=""_blank"" style=""text-decoration: underline"" href=""https://huggingface.co/raghavlight/TDTE"">TDTE</a>",,,,,77.17,79.66,94.48,48.16,88.91,52.01,89.47,80.12,82.7,96.46,85.38,66.18,62.54
18,27,"<a target=""_blank"" style=""text-decoration: underline"" href=""https://huggingface.co/Alibaba-NLP/gte-base-en-v1.5"">gte-base-en-v1.5</a>",137,0.51,768,8192,77.17,74.79,93.02,53.31,86.73,46.39,87.48,77.67,81.77,96.5,82.81,83.98,61.57
71,28,"<a target=""_blank"" style=""text-decoration: underline"" href=""https://huggingface.co/McGill-NLP/LLM2Vec-Mistral-7B-Instruct-v2-mntp-supervised"">LLM2Vec-Mistral-supervised</a>",7111,26.49,4096,32768,76.63,77.58,91.12,49.97,88.31,52.04,87.42,79.29,81.64,96.04,84.77,69.26,62.14
33,29,"<a target=""_blank"" style=""text-decoration: underline"" href=""https://huggingface.co/Cohere/Cohere-embed-english-v3.0"">Cohere-embed-english-v3.0</a>",,,1024,512,76.49,81.3,95.62,51.72,85.53,51.57,93.57,73.84,78.74,94.88,76.52,72.61,62.02
67,30,"<a target=""_blank"" style=""text-decoration: underline"" href=""https://huggingface.co/McGill-NLP/LLM2Vec-Llama-2-7b-chat-hf-mntp-supervised"">LLM2Vec-Llama-2-supervised</a>",6607,24.61,4096,4096,76.33,82.22,89.69,48.47,88.17,51.71,85.78,78.06,81.35,95.57,82.81,71.01,61.11
131,31,"<a target=""_blank"" style=""text-decoration: underline"" href=""https://huggingface.co/avsolatorio/GIST-small-Embedding-v0"">GIST-small-Embedding-v0</a>",33,0.12,384,512,76.11,75.27,93.23,49.72,86.65,55.89,89.49,75.53,79.23,95.48,79.09,72.8,61.0
128,32,"<a target=""_blank"" style=""text-decoration: underline"" href=""https://huggingface.co/avsolatorio/GIST-Embedding-v0"">GIST-Embedding-v0</a>",109,0.41,768,512,76.03,75.96,93.51,50.45,87.3,54.68,89.66,76.01,79.64,95.3,78.1,72.42,59.32
130,33,"<a target=""_blank"" style=""text-decoration: underline"" href=""https://huggingface.co/avsolatorio/GIST-large-Embedding-v0"">GIST-large-Embedding-v0</a>",335,1.25,1024,512,76.01,75.58,93.41,49.06,88.1,54.72,91.23,76.2,79.35,95.25,78.24,71.86,59.17
35,34,"<a target=""_blank"" style=""text-decoration: underline"" href=""https://huggingface.co/Cohere/Cohere-embed-multilingual-v3.0"">Cohere-embed-multilingual-v3.0</a>",,,1024,512,76.01,77.85,95.6,49.79,86.09,48.15,93.97,74.51,79.0,94.92,78.89,71.2,62.18
104,35,"<a target=""_blank"" style=""text-decoration: underline"" href=""https://huggingface.co/Santyyy/ember-v1-Q8_0-GGUF"">ember-v1-Q8_0-GGUF</a>",,,,,75.99,76.06,91.98,47.94,87.9,52.03,92.79,77.41,80.45,94.59,79.26,71.42,60.0
196,36,"<a target=""_blank"" style=""text-decoration: underline"" href=""https://huggingface.co/llmrails/ember-v1"">ember-v1</a>",335,1.25,1024,512,75.99,76.06,91.98,47.94,87.9,52.03,92.79,77.41,80.45,94.59,79.26,71.42,60.0
231,37,"<a target=""_blank"" style=""text-decoration: underline"" href=""https://huggingface.co/sabafallah/bge-large-en-v1.5-Q4_K_M-GGUF"">bge-large-en-v1.5-Q4_K_M-GGUF</a>",,,,,75.97,75.85,92.42,48.18,87.79,51.52,92.85,77.56,80.53,94.59,79.49,70.91,59.94
23,38,"<a target=""_blank"" style=""text-decoration: underline"" href=""https://huggingface.co/BAAI/bge-large-en-v1.5"">bge-large-en-v1.5</a>",335,1.25,1024,512,75.97,75.85,92.42,48.18,87.79,51.52,92.85,77.56,80.53,94.59,79.49,70.91,59.94
232,39,"<a target=""_blank"" style=""text-decoration: underline"" href=""https://huggingface.co/sabafallah/bge-large-en-v1.5-Q8_0-GGUF"">bge-large-en-v1.5-Q8_0-GGUF</a>",,,,,75.97,75.85,92.42,48.18,87.79,51.52,92.85,77.56,80.53,94.59,79.49,70.91,59.94
132,40,"<a target=""_blank"" style=""text-decoration: underline"" href=""https://huggingface.co/avsolatorio/NoInstruct-small-Embedding-v0"">NoInstruct-small-Embedding-v0</a>",33,0.12,384,512,75.97,75.76,93.3,49.99,86.4,55.07,90.15,76.01,79.33,95.29,79.57,69.44,61.27
69,41,"<a target=""_blank"" style=""text-decoration: underline"" href=""https://huggingface.co/McGill-NLP/LLM2Vec-Meta-Llama-3-8B-Instruct-mntp-supervised"">LLM2Vec-Meta-Llama-3-supervised</a>",7505,27.96,4096,8192,75.92,79.94,86.07,46.84,88.05,51.2,82.94,79.8,81.52,96.14,86.11,70.59,61.9
151,42,"<a target=""_blank"" style=""text-decoration: underline"" href=""https://huggingface.co/dopeba/mxbai-embed-large-v1-Q6_K-GGUF"">mxbai-embed-large-v1-Q6_K-GGUF</a>",,,,,75.64,75.04,93.84,49.18,87.82,50.88,92.83,76.24,79.95,93.95,76.79,71.48,59.71
204,43,"<a target=""_blank"" style=""text-decoration: underline"" href=""https://huggingface.co/mixedbread-ai/mxbai-embed-large-v1"">mxbai-embed-large-v1</a>",335,1.25,1024,512,75.64,75.04,93.84,49.18,87.82,50.88,92.83,76.24,79.95,93.95,76.79,71.48,59.71
116,44,"<a target=""_blank"" style=""text-decoration: underline"" href=""https://huggingface.co/WhereIsAI/UAE-Large-V1"">UAE-Large-V1</a>",335,1.25,1024,512,75.58,75.55,92.84,48.29,87.69,51.75,92.78,76.5,79.75,94.02,76.92,71.09,59.75
133,45,"<a target=""_blank"" style=""text-decoration: underline"" href=""https://huggingface.co/aws-neuron/bge-base-en-v1-5-seqlen-384-bs-1"">bge-base-en-v1-5-seqlen-384-bs-1</a>",,,,,75.53,76.15,93.39,48.85,86.95,51.9,90.81,76.15,80.16,94.17,76.91,71.58,59.38
21,46,"<a target=""_blank"" style=""text-decoration: underline"" href=""https://huggingface.co/BAAI/bge-base-en-v1.5"">bge-base-en-v1.5</a>",109,0.41,768,512,75.53,76.15,93.39,48.85,86.95,51.9,90.81,76.15,80.16,94.17,76.91,71.58,59.38
305,47,"<a target=""_blank"" style=""text-decoration: underline"" href=""https://openai.com/blog/new-embedding-models-and-api-updates"">text-embedding-3-large</a>",,,3072,8191,75.45,78.93,92.85,48.7,85.69,51.58,87.67,74.64,79.79,95.36,75.07,72.92,62.22
165,48,"<a target=""_blank"" style=""text-decoration: underline"" href=""https://huggingface.co/infgrad/stella-base-en-v2"">stella-base-en-v2</a>",55,0.2,768,512,75.28,77.19,93.26,49.61,84.73,54.47,91.31,73.88,78.28,93.5,71.06,72.99,63.07
169,49,"<a target=""_blank"" style=""text-decoration: underline"" href=""https://huggingface.co/intfloat/e5-large-v2"">e5-large-v2</a>",335,1.25,1024,512,75.24,79.22,93.75,48.61,84.55,49.45,91.69,73.84,78.11,94.62,77.14,70.9,60.94
55,50,"<a target=""_blank"" style=""text-decoration: underline"" href=""https://huggingface.co/KeyurRamoliya/e5-large-v2-GGUF"">e5-large-v2-GGUF</a>",,,,,75.24,79.22,93.75,48.61,84.55,49.45,91.69,73.84,78.11,94.62,77.14,70.9,60.94
279,51,"<a target=""_blank"" style=""text-decoration: underline"" href=""https://huggingface.co/w601sxs/b1ade-embed"">b1ade-embed</a>",335,1.25,1024,512,75.16,75.18,93.07,48.42,88.03,51.93,91.91,75.91,79.43,94.33,76.61,67.91,59.22
207,52,"<a target=""_blank"" style=""text-decoration: underline"" href=""https://huggingface.co/neuralmagic/bge-base-en-v1.5-quant"">bge-base-en-v1.5-quant</a>",,,,,74.98,76.16,92.95,48.21,86.35,51.27,89.72,75.16,78.93,93.95,75.26,72.12,59.67
56,53,"<a target=""_blank"" style=""text-decoration: underline"" href=""https://huggingface.co/KeyurRamoliya/multilingual-e5-large-GGUF"">multilingual-e5-large-GGUF</a>",,,,,74.81,79.06,93.49,47.56,84.73,46.5,90.23,73.76,77.51,93.67,77.9,71.32,61.98
8,54,"<a target=""_blank"" style=""text-decoration: underline"" href=""https://docs.voyageai.com/embeddings/"">voyage-lite-01-instruct</a>",,,1024,4000,74.79,71.43,96.41,57.06,81.64,48.29,95.49,71.29,76.74,96.3,67.93,75.45,59.44
57,55,"<a target=""_blank"" style=""text-decoration: underline"" href=""https://huggingface.co/Labib11/MUG-B-1.6"">MUG-B-1.6</a>",335,1.25,1024,512,74.5,72.39,93.71,50.85,85.41,55.93,93.57,73.88,77.42,94.25,67.51,67.3,61.76
32,56,"<a target=""_blank"" style=""text-decoration: underline"" href=""https://huggingface.co/Cohere/Cohere-embed-english-light-v3.0"">Cohere-embed-english-light-v3.0</a>",,,,,74.31,78.63,94.8,51.02,79.7,52.74,92.17,70.01,76.34,93.63,64.93,73.04,64.72
26,57,"<a target=""_blank"" style=""text-decoration: underline"" href=""https://huggingface.co/BAAI/bge-small-en-v1.5"">bge-small-en-v1.5</a>",33,0.12,384,512,74.14,73.79,92.75,46.99,85.74,47.84,90.61,74.81,78.7,93.36,74.75,69.89,60.51
203,58,"<a target=""_blank"" style=""text-decoration: underline"" href=""https://huggingface.co/mixedbread-ai/mxbai-embed-2d-large-v1"">mxbai-embed-2d-large-v1</a>",335,1.25,1024,512,74.14,74.76,93.26,46.16,86.65,49.32,90.4,73.87,78.17,93.1,73.24,71.53,59.25
213,59,"<a target=""_blank"" style=""text-decoration: underline"" href=""https://huggingface.co/nomic-ai/nomic-embed-text-v1"">nomic-embed-text-v1</a>",137,0.51,768,8192,74.12,76.85,91.52,47.36,84.54,48.35,85.56,73.72,77.8,93.41,77.25,71.5,61.54
72,60,"<a target=""_blank"" style=""text-decoration: underline"" href=""https://huggingface.co/McGill-NLP/LLM2Vec-Mistral-7B-Instruct-v2-mntp-unsup-simcse"">LLM2Vec-Mistral-unsupervised</a>",7111,26.49,4096,32768,74.07,76.94,85.29,47.09,86.16,48.88,77.95,76.65,79.99,95.48,82.84,70.71,60.9
183,61,"<a target=""_blank"" style=""text-decoration: underline"" href=""https://huggingface.co/jamesgpt1/sf_model_e5"">sf_model_e5</a>",335,1.25,1024,512,73.96,70.85,91.81,48.94,84.61,54.9,93.14,73.49,77.38,93.64,66.01,71.19,61.55
163,62,"<a target=""_blank"" style=""text-decoration: underline"" href=""https://huggingface.co/hkunlp/instructor-large"">instructor-large</a>",335,1.25,768,512,73.86,88.13,91.53,47.86,78.51,52.73,88.32,68.9,73.35,93.89,67.98,71.05,64.13
155,63,"<a target=""_blank"" style=""text-decoration: underline"" href=""https://huggingface.co/dwzhu/e5-base-4k"">e5-base-4k</a>",112,0.42,768,4096,73.84,77.78,92.81,46.71,83.53,46.95,86.15,73.04,77.65,93.69,75.31,72.11,60.39
167,64,"<a target=""_blank"" style=""text-decoration: underline"" href=""https://huggingface.co/intfloat/e5-base-v2"">e5-base-v2</a>",110,0.41,768,512,73.84,77.78,92.81,46.71,83.53,46.95,86.15,73.04,77.65,93.69,75.31,72.11,60.39
214,65,"<a target=""_blank"" style=""text-decoration: underline"" href=""https://huggingface.co/nomic-ai/nomic-embed-text-v1-ablated"">nomic-embed-text-v1-ablated</a>",137,0.51,768,8192,73.65,78.67,90.41,47.81,83.82,48.81,83.78,72.76,76.7,93.47,75.27,71.39,60.87
100,66,"<a target=""_blank"" style=""text-decoration: underline"" href=""https://huggingface.co/RinaChen/nomic-embed-text-v1.5-Q4_K_M-GGUF"">nomic-embed-text-v1.5-Q4_K_M-GGUF</a>",,,,,73.55,75.21,91.81,47.16,84.25,47.99,85.31,73.46,77.08,93.01,75.03,71.42,60.92
220,67,"<a target=""_blank"" style=""text-decoration: underline"" href=""https://huggingface.co/nomic-ai/nomic-embed-text-v1.5"">nomic-embed-text-v1.5</a>",137,0.51,768,8192,73.55,75.21,91.81,47.16,84.25,47.99,85.31,73.46,77.08,93.01,75.03,71.42,60.92
293,68,"<a target=""_blank"" style=""text-decoration: underline"" href=""https://huggingface.co/zyj2003lj/nomic-embed-text-v1.5-Q4_K_M-GGUF"">nomic-embed-text-v1.5-Q4_K_M-GGUF</a>",,,,,73.55,75.21,91.81,47.16,84.25,47.99,85.31,73.46,77.08,93.01,75.03,71.42,60.92
119,69,"<a target=""_blank"" style=""text-decoration: underline"" href=""https://huggingface.co/YorkieOH10/nomic-embed-text-v1.5-Q8_0-GGUF"">nomic-embed-text-v1.5-Q8_0-GGUF</a>",,,,,73.55,75.21,91.81,47.16,84.25,47.99,85.31,73.46,77.08,93.01,75.03,71.42,60.92
211,70,"<a target=""_blank"" style=""text-decoration: underline"" href=""https://huggingface.co/neuralmagic/bge-small-en-v1.5-quant"">bge-small-en-v1.5-quant</a>",,,,,73.52,74.19,91.89,46.72,85.1,46.84,89.35,74.01,77.96,92.67,74.03,69.5,60.02
282,71,"<a target=""_blank"" style=""text-decoration: underline"" href=""https://huggingface.co/walsons/jina-embeddings-v2-base-en-Q4_K_M-GGUF"">jina-embeddings-v2-base-en-Q4_K_M-GGUF</a>",,,,,73.45,74.73,88.54,45.26,84.01,48.77,79.44,71.93,74.49,95.68,83.15,73.35,62.06
188,72,"<a target=""_blank"" style=""text-decoration: underline"" href=""https://huggingface.co/jinaai/jina-embeddings-v2-base-en"">jina-embeddings-v2-base-en</a>",137,0.51,768,8192,73.45,74.73,88.54,45.26,84.01,48.77,79.44,71.93,74.49,95.68,83.15,73.35,62.06
259,73,"<a target=""_blank"" style=""text-decoration: underline"" href=""https://huggingface.co/sentence-transformers/sentence-t5-xxl"">sentence-t5-xxl</a>",4865,18.12,768,512,73.42,77.07,92.79,48.93,82.31,48.57,90.23,73.44,74.82,92.49,68.33,70.04,62.01
267,74,"<a target=""_blank"" style=""text-decoration: underline"" href=""https://huggingface.co/thenlper/gte-large"">gte-large</a>",335,1.25,1024,512,73.33,72.63,92.52,49.07,86.06,47.88,88.46,72.62,76.77,93.51,73.25,70.56,56.58
175,75,"<a target=""_blank"" style=""text-decoration: underline"" href=""https://huggingface.co/intfloat/multilingual-e5-large-instruct"">multilingual-e5-large-instruct</a>",560,2.09,1024,514,73.32,69.72,96.24,56.2,78.04,54.99,94.61,70.89,73.88,91.18,68.05,66.82,59.18
218,76,"<a target=""_blank"" style=""text-decoration: underline"" href=""https://huggingface.co/nomic-ai/nomic-embed-text-v1.5"">nomic-embed-text-v1.5-512</a>",138,0.51,512,8192,73.24,74.27,91.89,46.97,84.15,47.73,85.47,73.07,76.82,92.62,74.27,71.25,60.4
306,77,"<a target=""_blank"" style=""text-decoration: underline"" href=""https://openai.com/blog/new-embedding-models-and-api-updates"">text-embedding-3-small</a>",,,1536,8191,73.21,76.42,90.84,45.73,83.01,50.63,83.66,72.86,76.84,93.91,70.98,71.91,61.72
168,78,"<a target=""_blank"" style=""text-decoration: underline"" href=""https://huggingface.co/intfloat/e5-large"">e5-large</a>",335,1.25,1024,512,73.14,77.69,90.05,43.02,84.14,48.05,82.11,73.22,77.39,93.86,76.4,70.56,61.21
136,79,"<a target=""_blank"" style=""text-decoration: underline"" href=""https://huggingface.co/biswa921/bge-m3"">bge-m3</a>",567,2.11,1024,8192,73.13,75.63,91.01,46.99,81.93,50.16,87.84,71.08,76.64,93.36,66.58,72.6,63.71
164,80,"<a target=""_blank"" style=""text-decoration: underline"" href=""https://huggingface.co/hkunlp/instructor-xl"">instructor-xl</a>",1241,4.62,768,512,73.12,85.09,86.54,42.96,82.66,53.24,79.79,71.48,76.47,95.07,72.26,70.33,61.58
266,81,"<a target=""_blank"" style=""text-decoration: underline"" href=""https://huggingface.co/thenlper/gte-base"">gte-base</a>",109,0.41,768,512,73.01,74.18,91.77,48.96,85.07,48.65,85.95,71.47,76.38,93.03,72.04,71.61,57.01
121,82,"<a target=""_blank"" style=""text-decoration: underline"" href=""https://huggingface.co/actualdata/bilingual-embedding-large"">bilingual-embedding-large</a>",560,2.09,1024,514,72.95,78.19,90.7,47.94,80.99,50.21,88.77,72.02,76.6,92.43,69.24,65.57,62.8
59,83,"<a target=""_blank"" style=""text-decoration: underline"" href=""https://huggingface.co/Lajavaness/bilingual-embedding-large"">bilingual-embedding-large</a>",560,2.09,1024,514,72.95,78.19,90.7,47.94,80.99,50.21,88.77,72.02,76.6,92.43,69.24,65.57,62.8
172,84,"<a target=""_blank"" style=""text-decoration: underline"" href=""https://huggingface.co/intfloat/e5-small-v2"">e5-small-v2</a>",33,0.12,384,512,72.94,77.6,91.27,45.88,81.64,47.06,86.0,71.62,76.36,92.7,72.56,71.1,61.46
258,85,"<a target=""_blank"" style=""text-decoration: underline"" href=""https://huggingface.co/sentence-transformers/sentence-t5-xl"">sentence-t5-xl</a>",1240,4.62,768,512,72.84,76.01,93.17,48.18,80.88,51.95,87.54,72.09,73.26,90.73,68.15,70.95,61.21
129,86,"<a target=""_blank"" style=""text-decoration: underline"" href=""https://huggingface.co/avsolatorio/GIST-all-MiniLM-L6-v2"">GIST-all-MiniLM-L6-v2</a>",23,0.08,384,512,72.72,72.9,87.19,42.56,84.24,52.06,78.54,73.18,76.68,94.78,77.72,72.9,59.85
166,87,"<a target=""_blank"" style=""text-decoration: underline"" href=""https://huggingface.co/intfloat/e5-base"">e5-base</a>",109,0.41,768,512,72.63,79.72,87.96,42.65,83.33,49.44,75.96,72.25,76.76,93.21,74.77,74.12,61.38
208,88,"<a target=""_blank"" style=""text-decoration: underline"" href=""https://huggingface.co/neuralmagic/bge-base-en-v1.5-sparse"">bge-base-en-v1.5-sparse</a>",,,,,72.62,75.39,90.73,45.49,84.3,46.7,83.15,73.18,77.54,92.05,72.49,70.92,59.49
118,89,"<a target=""_blank"" style=""text-decoration: underline"" href=""https://huggingface.co/YanshekWoo/kalm-embedding-multilingual-mini"">kalm-embedding-multilingual-mini</a>",,,,,72.4,72.55,95.19,50.7,77.52,54.44,91.75,69.01,73.97,89.07,63.33,70.8,60.5
162,90,"<a target=""_blank"" style=""text-decoration: underline"" href=""https://huggingface.co/hkunlp/instructor-base"">instructor-base</a>",110,0.41,768,512,72.36,86.21,88.36,44.64,77.04,51.76,81.17,67.48,72.59,93.72,70.26,71.82,63.31
268,91,"<a target=""_blank"" style=""text-decoration: underline"" href=""https://huggingface.co/thenlper/gte-small"">gte-small</a>",33,0.12,384,512,72.31,73.22,91.82,48.03,84.08,46.56,86.8,70.35,75.64,93.05,69.65,70.33,58.22
257,92,"<a target=""_blank"" style=""text-decoration: underline"" href=""https://huggingface.co/sentence-transformers/sentence-t5-large"">sentence-t5-large</a>",168,0.63,768,512,72.31,75.51,92.87,47.12,78.46,51.74,87.01,71.78,73.16,90.99,64.98,71.73,62.33
195,93,"<a target=""_blank"" style=""text-decoration: underline"" href=""https://huggingface.co/lixsh6/XLM-3B5-embedding"">XLM-3B5-embedding</a>",,,,,72.25,66.94,94.7,51.59,80.34,47.83,89.66,70.27,74.51,93.77,67.8,70.85,58.71
73,94,"<a target=""_blank"" style=""text-decoration: underline"" href=""https://huggingface.co/McGill-NLP/LLM2Vec-Sheared-LLaMA-mntp-supervised"">LLM2Vec-Sheared-Llama-supervised</a>",1280,4.77,2048,4096,72.21,77.42,82.05,40.81,86.01,48.38,75.33,75.58,79.16,94.09,77.05,69.92,60.76
182,95,"<a target=""_blank"" style=""text-decoration: underline"" href=""https://huggingface.co/izhx/udever-bloom-7b1"">udever-bloom-7b1</a>",7069,26.33,4096,2048,72.13,73.12,88.89,43.2,85.36,48.77,78.46,72.04,76.86,93.43,71.73,71.58,62.14
217,96,"<a target=""_blank"" style=""text-decoration: underline"" href=""https://huggingface.co/nomic-ai/nomic-embed-text-v1.5"">nomic-embed-text-v1.5-256</a>",138,0.51,256,8192,72.1,72.94,91.35,45.73,83.69,45.88,83.99,71.76,75.67,91.68,72.47,70.87,59.2
304,97,"<a target=""_blank"" style=""text-decoration: underline"" href=""https://openai.com/blog/new-embedding-models-and-api-updates"">text-embedding-3-large-256</a>",,,256,8191,71.97,73.96,91.32,46.03,83.19,45.8,85.93,71.12,75.56,92.76,70.45,68.52,58.98
180,98,"<a target=""_blank"" style=""text-decoration: underline"" href=""https://huggingface.co/izhx/udever-bloom-3b"">udever-bloom-3b</a>",3003,11.19,2560,2048,71.91,78.9,87.98,42.58,84.16,47.88,77.7,70.39,77.19,92.34,70.63,72.13,61.04
70,99,"<a target=""_blank"" style=""text-decoration: underline"" href=""https://huggingface.co/McGill-NLP/LLM2Vec-Meta-Llama-3-8B-Instruct-mntp-unsup-simcse"">LLM2Vec-Meta-Llama-3-unsupervised</a>",7505,27.96,4096,8192,71.88,75.7,80.68,40.0,84.77,47.08,75.19,75.01,79.16,94.47,81.09,71.85,57.61
174,100,"<a target=""_blank"" style=""text-decoration: underline"" href=""https://huggingface.co/intfloat/multilingual-e5-large"">multilingual-e5-large</a>",560,2.09,1024,514,71.77,78.67,93.26,49.2,75.88,47.58,90.23,68.51,73.04,91.81,64.29,66.01,62.8
290,101,"<a target=""_blank"" style=""text-decoration: underline"" href=""https://huggingface.co/zeroshot/gte-small-quant"">gte-small-quant</a>",,,,,71.7,72.88,91.03,46.94,83.47,45.8,85.01,70.23,75.29,92.51,69.62,69.8,57.82
171,102,"<a target=""_blank"" style=""text-decoration: underline"" href=""https://huggingface.co/intfloat/e5-small"">e5-small</a>",33,0.12,384,512,71.67,76.22,87.53,42.61,81.87,46.86,75.55,72.22,75.78,92.05,73.24,72.76,63.31
68,103,"<a target=""_blank"" style=""text-decoration: underline"" href=""https://huggingface.co/McGill-NLP/LLM2Vec-Llama-2-7b-chat-hf-mntp-unsup-simcse"">LLM2Vec-Llama-2-unsupervised</a>",6607,24.61,4096,4096,71.57,76.91,79.05,40.08,84.65,46.58,75.68,73.84,79.17,94.33,79.54,71.81,57.17
215,104,"<a target=""_blank"" style=""text-decoration: underline"" href=""https://huggingface.co/nomic-ai/nomic-embed-text-v1-unsupervised"">nomic-embed-text-v1-unsupervised</a>",137,0.51,768,8192,71.17,76.99,87.54,46.81,81.09,47.65,86.32,67.75,74.03,92.36,65.2,72.96,55.28
58,105,"<a target=""_blank"" style=""text-decoration: underline"" href=""https://huggingface.co/Lajavaness/bilingual-embedding-base"">bilingual-embedding-base</a>",278,1.04,768,514,71.14,77.42,89.51,46.1,78.46,47.11,87.39,68.86,75.25,92.86,64.85,63.38,62.47
303,106,"<a target=""_blank"" style=""text-decoration: underline"" href=""https://openai.com/blog/new-and-improved-embedding-model"">text-embedding-ada-002</a>",,,1536,8191,70.93,75.94,86.72,44.78,80.66,48.74,77.98,70.15,75.33,92.13,64.68,72.29,61.81
20,107,"<a target=""_blank"" style=""text-decoration: underline"" href=""https://huggingface.co/Alibaba-NLP/gte-multilingual-base"">gte-multilingual-base</a>",305,1.14,768,8192,70.89,75.96,80.72,43.64,85.36,47.95,74.91,72.13,76.28,92.54,72.58,71.03,57.6
66,108,"<a target=""_blank"" style=""text-decoration: underline"" href=""https://huggingface.co/Marqo/multilingual-e5-small"">multilingual-e5-small</a>",118,0.44,384,512,70.74,73.79,88.7,44.7,79.42,42.45,80.82,70.3,74.48,91.07,71.08,69.39,62.62
126,109,"<a target=""_blank"" style=""text-decoration: underline"" href=""https://huggingface.co/amazon/Titan-text-embeddings-v2"">Titan-text-embeddings-v2</a>",,,,,70.62,79.31,76.66,35.28,84.31,55.61,82.39,69.24,74.11,90.46,66.0,74.52,59.59
34,110,"<a target=""_blank"" style=""text-decoration: underline"" href=""https://huggingface.co/Cohere/Cohere-embed-multilingual-light-v3.0"">Cohere-embed-multilingual-light-v3.0</a>",,,384,512,70.57,70.03,90.7,46.55,78.12,46.66,85.64,67.42,72.61,91.86,62.18,70.66,64.46
194,111,"<a target=""_blank"" style=""text-decoration: underline"" href=""https://huggingface.co/lixsh6/XLM-0B6-embedding"">XLM-0B6-embedding</a>",,,,,70.55,68.61,93.38,50.64,78.5,46.37,88.54,67.24,72.98,90.48,59.82,71.16,58.89
299,112,"<a target=""_blank"" style=""text-decoration: underline"" href=""https://openai.com/blog/introducing-text-and-code-embeddings"">text-similarity-ada-001</a>",,,1024,2046,70.44,76.4,92.83,47.45,68.04,50.33,89.38,65.17,67.67,89.89,64.8,70.0,63.35
115,113,"<a target=""_blank"" style=""text-decoration: underline"" href=""https://huggingface.co/TaylorAI/gte-tiny"">gte-tiny</a>",23,0.08,384,512,70.35,71.76,86.61,42.61,81.73,44.71,80.54,70.13,74.86,91.76,69.9,70.97,58.57
76,114,"<a target=""_blank"" style=""text-decoration: underline"" href=""https://huggingface.co/Mihaiii/Ivysaur"">Ivysaur</a>",23,0.08,384,512,70.25,72.1,86.69,42.7,81.92,45.44,80.8,70.35,74.89,92.12,71.86,65.46,58.66
179,115,"<a target=""_blank"" style=""text-decoration: underline"" href=""https://huggingface.co/izhx/udever-bloom-1b1"">udever-bloom-1b1</a>",,,1536,2048,70.17,69.94,87.19,41.08,82.89,46.84,74.45,67.93,75.72,92.18,70.3,72.01,61.51
91,116,"<a target=""_blank"" style=""text-decoration: underline"" href=""https://huggingface.co/Muennighoff/SGPT-5.8B-weightedmean-nli-bitfit"">SGPT-5.8B-weightedmean-nli-bitfit</a>",5874,21.88,4096,2048,70.14,74.07,82.31,41.58,81.74,49.92,74.33,70.0,75.03,89.64,70.68,69.93,62.44
256,117,"<a target=""_blank"" style=""text-decoration: underline"" href=""https://huggingface.co/sentence-transformers/sentence-t5-base"">sentence-t5-base</a>",110,0.41,768,512,69.81,75.82,85.12,44.94,76.48,51.35,77.34,69.74,72.32,90.34,63.32,68.2,62.71
173,118,"<a target=""_blank"" style=""text-decoration: underline"" href=""https://huggingface.co/intfloat/multilingual-e5-base"">multilingual-e5-base</a>",278,1.04,768,514,69.76,77.36,91.76,47.54,73.53,45.68,84.29,65.71,71.57,90.9,61.6,64.33,62.8
216,119,"<a target=""_blank"" style=""text-decoration: underline"" href=""https://huggingface.co/nomic-ai/nomic-embed-text-v1.5"">nomic-embed-text-v1.5-128</a>",138,0.51,128,8192,69.7,69.78,88.74,43.11,82.78,42.92,80.87,69.34,74.21,89.61,68.9,68.16,57.99
193,120,"<a target=""_blank"" style=""text-decoration: underline"" href=""https://huggingface.co/lixsh6/MegatronBert-1B3-embedding"">MegatronBert-1B3-embedding</a>",,,,,69.65,70.12,92.95,50.52,75.59,45.98,90.22,65.03,71.05,88.63,58.08,69.33,58.25
226,121,"<a target=""_blank"" style=""text-decoration: underline"" href=""https://huggingface.co/piaopiao0095/jina-embeddings-v2-base-es-Q5_K_M-GGUF"">jina-embeddings-v2-base-es-Q5_K_M-GGUF</a>",,,,,69.02,74.25,78.31,38.32,85.26,46.58,67.46,70.76,73.82,90.37,71.97,70.05,61.06
189,122,"<a target=""_blank"" style=""text-decoration: underline"" href=""https://huggingface.co/jinaai/jina-embeddings-v2-base-es"">jina-embeddings-v2-base-es</a>",161,0.6,768,8192,69.02,74.25,78.31,38.32,85.26,46.58,67.46,70.76,73.82,90.37,71.97,70.05,61.06
190,123,"<a target=""_blank"" style=""text-decoration: underline"" href=""https://huggingface.co/jinaai/jina-embeddings-v2-small-en"">jina-embeddings-v2-small-en</a>",33,0.12,512,8192,68.82,71.36,82.9,40.89,78.25,44.01,73.64,67.61,69.75,93.96,72.5,71.54,59.4
125,124,"<a target=""_blank"" style=""text-decoration: underline"" href=""https://huggingface.co/aimlresearch2023/snowflake-arctic-embed-m-v1.5-Q8_0-GGUF"">snowflake-arctic-embed-m-v1.5-Q8_0-GGUF</a>",,,,,68.79,68.3,90.31,46.27,80.01,43.67,84.36,66.69,73.06,91.36,60.64,66.84,53.91
110,125,"<a target=""_blank"" style=""text-decoration: underline"" href=""https://huggingface.co/Snowflake/snowflake-arctic-embed-m-v1.5"">snowflake-arctic-embed-m-v1.5</a>",109,0.41,768,512,68.79,68.3,90.31,46.27,80.01,43.67,84.36,66.69,73.06,91.36,60.64,66.84,53.91
212,126,"<a target=""_blank"" style=""text-decoration: underline"" href=""https://huggingface.co/neuralmagic/bge-small-en-v1.5-sparse"">bge-small-en-v1.5-sparse</a>",,,,,68.55,70.72,83.34,40.99,81.25,41.66,74.81,69.8,74.54,91.22,69.39,67.44,57.48
108,127,"<a target=""_blank"" style=""text-decoration: underline"" href=""https://huggingface.co/Snowflake/snowflake-arctic-embed-m"">snowflake-arctic-embed-m</a>",109,0.41,768,512,68.23,76.81,82.83,38.93,80.34,46.54,74.08,66.92,72.75,92.73,65.18,64.93,56.73
90,128,"<a target=""_blank"" style=""text-decoration: underline"" href=""https://huggingface.co/Muennighoff/SGPT-5.8B-weightedmean-msmarco-specb-bitfit"">SGPT-5.8B-weightedmean-msmarco-specb-bitfit</a>",5874,21.88,4096,2048,68.13,69.22,71.26,39.19,84.49,49.66,66.64,70.39,76.28,93.47,72.42,67.71,56.85
83,129,"<a target=""_blank"" style=""text-decoration: underline"" href=""https://huggingface.co/Mihaiii/gte-micro-v4"">gte-micro-v4</a>",19,0.07,384,512,68.13,71.84,80.04,39.75,80.92,44.88,71.96,69.11,74.16,90.87,68.53,66.04,59.43
181,130,"<a target=""_blank"" style=""text-decoration: underline"" href=""https://huggingface.co/izhx/udever-bloom-560m"">udever-bloom-560m</a>",,,1024,2048,68.04,72.36,83.81,38.97,80.97,44.77,72.21,66.09,73.26,89.93,66.56,67.96,59.6
114,131,"<a target=""_blank"" style=""text-decoration: underline"" href=""https://huggingface.co/TaylorAI/bge-micro-v2"">bge-micro-v2</a>",17,0.06,384,512,68.04,67.76,79.75,37.45,81.17,44.53,76.46,68.58,73.92,90.67,68.29,70.23,57.64
287,132,"<a target=""_blank"" style=""text-decoration: underline"" href=""https://huggingface.co/yixuan-chia/snowflake-arctic-embed-m-long-Q8_0-GGUF"">snowflake-arctic-embed-m-long-Q8_0-GGUF</a>",,,,,68.01,78.48,78.74,39.93,80.26,47.26,71.79,66.55,73.11,93.04,63.52,66.74,56.73
109,133,"<a target=""_blank"" style=""text-decoration: underline"" href=""https://huggingface.co/Snowflake/snowflake-arctic-embed-m-long"">snowflake-arctic-embed-m-long</a>",137,0.51,768,8192,68.01,78.48,78.74,39.93,80.26,47.26,71.79,66.55,73.11,93.04,63.52,66.74,56.73
187,134,"<a target=""_blank"" style=""text-decoration: underline"" href=""https://huggingface.co/jinaai/jina-embeddings-v2-base-de"">jina-embeddings-v2-base-de</a>",161,0.6,768,8192,67.98,73.76,77.52,38.5,83.94,44.64,68.61,69.11,73.74,89.38,66.49,69.65,60.43
63,135,"<a target=""_blank"" style=""text-decoration: underline"" href=""https://huggingface.co/MAY-A/jina-embeddings-v2-base-de-Q5_K_M-GGUF"">jina-embeddings-v2-base-de-Q5_K_M-GGUF</a>",,,,,67.98,73.76,77.52,38.5,83.94,44.64,68.61,69.11,73.74,89.38,66.49,69.65,60.43
138,136,"<a target=""_blank"" style=""text-decoration: underline"" href=""https://huggingface.co/chris-code/jina-embeddings-v2-base-de-Q8_0-GGUF"">jina-embeddings-v2-base-de-Q8_0-GGUF</a>",,,,,67.98,73.76,77.52,38.5,83.94,44.64,68.61,69.11,73.74,89.38,66.49,69.65,60.43
255,137,"<a target=""_blank"" style=""text-decoration: underline"" href=""https://huggingface.co/sentence-transformers/paraphrase-multilingual-mpnet-base-v2"">paraphrase-multilingual-mpnet-base-v2</a>",278,1.04,768,514,67.9,75.81,76.41,38.51,81.07,45.83,64.57,69.32,75.35,89.24,68.69,71.02,59.03
276,138,"<a target=""_blank"" style=""text-decoration: underline"" href=""https://huggingface.co/vprelovac/universal-sentence-encoder-large-5"">universal-sentence-encoder-large-5</a>",,,,,67.9,76.19,69.63,35.53,78.13,45.48,64.06,71.69,77.2,92.94,74.43,70.17,59.31
75,139,"<a target=""_blank"" style=""text-decoration: underline"" href=""https://huggingface.co/Mihaiii/Bulbasaur"">Bulbasaur</a>",17,0.06,384,512,67.9,71.87,78.79,39.31,80.58,44.79,71.53,68.84,73.75,90.79,68.72,66.29,59.49
127,140,"<a target=""_blank"" style=""text-decoration: underline"" href=""https://huggingface.co/andersonbcdefg/bge-small-4096"">bge-small-4096</a>",35,0.13,384,4096,67.8,68.75,81.3,38.57,79.98,40.09,80.09,67.58,73.47,90.36,66.45,69.34,57.6
78,141,"<a target=""_blank"" style=""text-decoration: underline"" href=""https://huggingface.co/Mihaiii/Venusaur"">Venusaur</a>",16,0.06,384,512,67.77,73.18,79.99,39.66,77.95,44.38,73.02,67.75,72.36,89.87,71.03,64.41,59.66
61,142,"<a target=""_blank"" style=""text-decoration: underline"" href=""https://huggingface.co/Lajavaness/bilingual-embedding-small"">bilingual-embedding-small</a>",118,0.44,384,512,67.77,74.28,82.2,40.22,80.31,40.81,73.7,68.86,74.49,89.73,66.49,62.52,59.6
185,143,"<a target=""_blank"" style=""text-decoration: underline"" href=""https://huggingface.co/jinaai/jina-embedding-l-en-v1"">jina-embedding-l-en-v1</a>",335,1.25,1024,512,67.76,68.93,69.14,31.38,85.34,45.84,66.42,72.73,77.08,92.83,76.09,69.13,58.16
74,144,"<a target=""_blank"" style=""text-decoration: underline"" href=""https://huggingface.co/McGill-NLP/LLM2Vec-Sheared-LLaMA-mntp-unsup-simcse"">LLM2Vec-Sheared-Llama-unsupervised</a>",1280,4.77,2048,4096,67.67,72.93,74.28,36.14,79.0,42.85,71.92,69.99,75.15,91.24,74.08,68.4,56.08
81,145,"<a target=""_blank"" style=""text-decoration: underline"" href=""https://huggingface.co/Mihaiii/gte-micro-v2"">gte-micro-v2</a>",17,0.06,384,512,67.47,71.43,77.72,38.96,80.4,44.54,70.59,68.5,73.55,90.5,67.52,66.69,59.29
82,146,"<a target=""_blank"" style=""text-decoration: underline"" href=""https://huggingface.co/Mihaiii/gte-micro-v3"">gte-micro-v3</a>",17,0.06,384,512,67.47,71.43,77.72,38.96,80.4,44.54,70.59,68.5,73.55,90.5,67.52,66.69,59.29
251,147,"<a target=""_blank"" style=""text-decoration: underline"" href=""https://huggingface.co/sentence-transformers/gtr-t5-xxl"">gtr-t5-xxl</a>",4865,18.12,768,512,67.41,67.3,75.05,37.3,82.32,43.19,70.8,70.61,77.77,93.84,67.71,68.48,54.54
227,148,"<a target=""_blank"" style=""text-decoration: underline"" href=""https://huggingface.co/princeton-nlp/sup-simcse-bert-base-uncased"">sup-simcse-bert-base-uncased</a>",110,0.41,768,512,67.32,75.75,82.47,39.6,75.76,44.81,73.53,65.95,70.78,84.29,63.14,72.04,59.73
47,149,"<a target=""_blank"" style=""text-decoration: underline"" href=""https://huggingface.co/Hum-Works/lodestone-base-4096-v1"">lodestone-base-4096-v1</a>",69,0.26,768,4096,67.3,69.73,86.9,44.05,75.41,41.99,79.54,63.34,72.37,89.67,60.28,67.94,56.41
249,150,"<a target=""_blank"" style=""text-decoration: underline"" href=""https://huggingface.co/sentence-transformers/gtr-t5-large"">gtr-t5-large</a>",168,0.63,768,512,67.14,70.03,73.92,37.21,81.21,46.33,70.86,70.06,75.49,94.01,63.86,68.65,54.09
89,151,"<a target=""_blank"" style=""text-decoration: underline"" href=""https://huggingface.co/Muennighoff/SGPT-2.7B-weightedmean-msmarco-specb-bitfit"">SGPT-2.7B-weightedmean-msmarco-specb-bitfit</a>",2685,10.0,2560,2048,67.13,67.57,71.44,35.75,83.22,49.21,63.53,69.01,75.9,92.56,71.85,68.84,56.69
250,152,"<a target=""_blank"" style=""text-decoration: underline"" href=""https://huggingface.co/sentence-transformers/gtr-t5-xl"">gtr-t5-xl</a>",1240,4.62,768,512,67.11,68.6,74.58,38.2,82.22,45.54,68.15,70.23,75.94,93.6,65.93,67.56,54.77
107,153,"<a target=""_blank"" style=""text-decoration: underline"" href=""https://huggingface.co/Snowflake/snowflake-arctic-embed-l"">snowflake-arctic-embed-l</a>",334,1.24,1024,512,67.07,74.81,78.4,36.72,80.06,46.46,72.88,65.79,71.1,92.62,64.51,64.71,56.74
176,154,"<a target=""_blank"" style=""text-decoration: underline"" href=""https://huggingface.co/intfloat/multilingual-e5-small"">multilingual-e5-small</a>",118,0.44,384,512,67.03,71.87,88.61,45.75,70.44,42.86,79.57,63.87,69.28,88.99,56.69,63.59,62.79
146,155,"<a target=""_blank"" style=""text-decoration: underline"" href=""https://huggingface.co/deepfile/embedder-100p"">embedder-100p</a>",278,1.04,768,514,66.95,67.06,70.41,33.21,82.73,43.47,67.3,71.77,77.85,91.82,74.7,67.48,55.62
221,156,"<a target=""_blank"" style=""text-decoration: underline"" href=""https://huggingface.co/nthakur/contriever-base-msmarco"">contriever-base-msmarco</a>",110,0.41,768,512,66.68,72.19,68.63,37.42,80.02,44.77,67.04,67.78,76.0,93.18,69.31,67.77,56.1
86,157,"<a target=""_blank"" style=""text-decoration: underline"" href=""https://huggingface.co/Muennighoff/SGPT-1.3B-weightedmean-msmarco-specb-bitfit"">SGPT-1.3B-weightedmean-msmarco-specb-bitfit</a>",1341,4.99,2048,2048,66.52,65.21,73.21,34.96,82.06,46.39,64.05,68.65,76.04,92.08,71.19,68.73,55.67
219,158,"<a target=""_blank"" style=""text-decoration: underline"" href=""https://huggingface.co/nomic-ai/nomic-embed-text-v1.5"">nomic-embed-text-v1.5-64</a>",138,0.51,64,8192,66.48,66.85,85.92,41.02,80.63,40.55,76.6,64.95,70.38,86.31,62.77,66.53,55.23
113,159,"<a target=""_blank"" style=""text-decoration: underline"" href=""https://huggingface.co/TaylorAI/bge-micro"">bge-micro</a>",17,0.06,384,512,66.35,66.27,75.37,35.81,80.58,42.47,70.7,67.78,73.04,90.25,67.95,69.21,56.71
135,160,"<a target=""_blank"" style=""text-decoration: underline"" href=""https://huggingface.co/bigscience/sgpt-bloom-7b1-msmarco"">sgpt-bloom-7b1-msmarco</a>",,,,,66.19,68.06,68.97,33.86,84.33,44.87,61.77,69.67,75.34,93.68,71.34,66.55,55.85
184,161,"<a target=""_blank"" style=""text-decoration: underline"" href=""https://huggingface.co/jinaai/jina-embedding-b-en-v1"">jina-embedding-b-en-v1</a>",110,0.41,768,512,66.07,66.73,67.61,31.18,84.06,44.68,63.87,71.09,76.25,91.53,72.83,66.15,56.85
265,162,"<a target=""_blank"" style=""text-decoration: underline"" href=""https://huggingface.co/technicolor/Angle_BERT"">Angle_BERT</a>",109,0.41,768,512,66.01,77.94,76.0,37.18,75.5,45.21,68.85,66.32,70.62,85.38,64.51,67.08,57.57
307,163,"<a target=""_blank"" style=""text-decoration: underline"" href=""https://www.elastic.co/guide/en/machine-learning/current/ml-nlp-elser.html"">elser-v2</a>",110,0.41,30522,512,65.94,74.16,61.91,32.06,82.05,46.65,65.02,68.48,74.98,93.17,71.1,68.15,53.57
278,164,"<a target=""_blank"" style=""text-decoration: underline"" href=""https://huggingface.co/vprelovac/universal-sentence-encoder-multilingual-large-3"">universal-sentence-encoder-multilingual-large-3</a>",,,512,512,65.78,70.81,67.05,35.85,74.67,42.31,63.69,69.05,75.8,92.48,70.27,68.22,59.19
79,165,"<a target=""_blank"" style=""text-decoration: underline"" href=""https://huggingface.co/Mihaiii/Wartortle"">Wartortle</a>",17,0.06,384,512,65.72,70.4,82.04,42.41,71.07,46.78,74.6,62.27,68.22,88.24,54.94,65.15,62.54
111,166,"<a target=""_blank"" style=""text-decoration: underline"" href=""https://huggingface.co/Snowflake/snowflake-arctic-embed-s"">snowflake-arctic-embed-s</a>",33,0.12,384,512,65.65,71.18,78.75,38.26,79.12,45.77,69.49,64.76,70.05,90.94,58.63,61.96,58.9
248,167,"<a target=""_blank"" style=""text-decoration: underline"" href=""https://huggingface.co/sentence-transformers/gtr-t5-base"">gtr-t5-base</a>",110,0.41,768,512,65.25,69.33,67.82,38.48,79.26,42.2,65.99,67.05,75.4,92.42,62.44,66.6,56.02
243,168,"<a target=""_blank"" style=""text-decoration: underline"" href=""https://huggingface.co/sentence-transformers/all-mpnet-base-v2"">all-mpnet-base-v2</a>",110,0.41,768,514,65.03,65.03,67.14,31.44,81.7,42.22,71.17,69.76,75.67,91.89,68.27,61.05,55.05
77,169,"<a target=""_blank"" style=""text-decoration: underline"" href=""https://huggingface.co/Mihaiii/Squirtle"">Squirtle</a>",16,0.06,384,512,64.86,69.6,82.09,41.94,67.13,45.79,74.95,61.52,67.04,87.27,54.66,64.47,61.8
64,170,"<a target=""_blank"" style=""text-decoration: underline"" href=""https://huggingface.co/ManiShankar-AlpesAi/paraphrase-multilingual-mpnet-base-v2-KE_Sieve"">paraphrase-multilingual-mpnet-base-v2-KE_Sieve</a>",,,,,64.85,79.06,70.19,34.29,75.89,40.26,61.14,65.6,70.37,87.22,69.45,70.26,54.49
252,171,"<a target=""_blank"" style=""text-decoration: underline"" href=""https://huggingface.co/sentence-transformers/msmarco-bert-co-condensor"">msmarco-bert-co-condensor</a>",110,0.41,768,512,64.71,64.06,66.88,34.85,82.35,41.91,60.17,70.4,73.73,91.34,71.07,64.01,55.74
247,172,"<a target=""_blank"" style=""text-decoration: underline"" href=""https://huggingface.co/sentence-transformers/distiluse-base-multilingual-cased-v2"">distiluse-base-multilingual-cased-v2</a>",135,0.5,512,512,64.67,71.81,68.0,35.45,71.48,40.04,61.52,66.71,74.0,91.59,66.4,69.09,59.97
85,173,"<a target=""_blank"" style=""text-decoration: underline"" href=""https://huggingface.co/Mihaiii/test25"">test25</a>",17,0.06,384,512,64.56,69.57,74.74,35.36,77.51,39.09,67.87,65.15,70.75,89.98,66.43,64.01,54.26
275,174,"<a target=""_blank"" style=""text-decoration: underline"" href=""https://huggingface.co/vprelovac/universal-sentence-encoder-4"">universal-sentence-encoder-4</a>",,,,,64.45,70.67,67.73,32.62,74.12,38.64,68.43,67.23,72.79,90.12,65.0,68.99,57.01
254,175,"<a target=""_blank"" style=""text-decoration: underline"" href=""https://huggingface.co/sentence-transformers/paraphrase-multilingual-MiniLM-L12-v2"">paraphrase-multilingual-MiniLM-L12-v2</a>",118,0.44,384,512,63.8,71.55,69.21,35.12,79.8,42.32,60.46,66.89,71.54,87.03,65.5,60.13,56.1
202,176,"<a target=""_blank"" style=""text-decoration: underline"" href=""https://huggingface.co/mgoin/all-MiniLM-L6-v2-ds"">all-MiniLM-L6-v2-ds</a>",,,,,63.67,61.99,64.75,29.79,82.92,40.56,61.71,68.72,74.39,91.45,70.03,65.33,52.41
84,177,"<a target=""_blank"" style=""text-decoration: underline"" href=""https://huggingface.co/Mihaiii/test24"">test24</a>",17,0.06,384,512,63.54,66.84,70.48,33.65,78.04,39.18,65.14,65.32,70.51,89.27,65.36,63.92,54.8
277,178,"<a target=""_blank"" style=""text-decoration: underline"" href=""https://huggingface.co/vprelovac/universal-sentence-encoder-multilingual-3"">universal-sentence-encoder-multilingual-3</a>",,,512,512,63.42,69.84,65.24,33.95,72.79,35.6,66.32,66.12,73.74,90.4,62.28,67.56,57.24
156,179,"<a target=""_blank"" style=""text-decoration: underline"" href=""https://huggingface.co/facebook/SONAR"">SONAR</a>",,,,,63.42,81.49,62.73,31.55,73.5,38.29,55.75,64.37,69.05,89.92,70.85,67.28,56.23
241,180,"<a target=""_blank"" style=""text-decoration: underline"" href=""https://huggingface.co/sentence-transformers/all-MiniLM-L12-v2"">all-MiniLM-L12-v2</a>",33,0.12,384,512,63.21,65.28,62.98,30.79,80.4,41.17,59.76,67.15,74.58,91.9,62.84,67.47,54.25
112,181,"<a target=""_blank"" style=""text-decoration: underline"" href=""https://huggingface.co/Snowflake/snowflake-arctic-embed-xs"">snowflake-arctic-embed-xs</a>",23,0.08,384,512,62.94,65.09,70.04,35.34,76.37,41.84,62.8,63.51,71.01,90.8,58.01,64.31,56.19
80,182,"<a target=""_blank"" style=""text-decoration: underline"" href=""https://huggingface.co/Mihaiii/gte-micro"">gte-micro</a>",17,0.06,384,512,62.81,68.82,77.12,40.94,69.56,46.22,62.17,59.03,66.59,86.69,49.7,66.1,60.78
271,183,"<a target=""_blank"" style=""text-decoration: underline"" href=""https://huggingface.co/twadada/nmc-300-w75k-b10k"">nmc-300-w75k-b10k</a>",,,,,62.76,71.72,64.61,33.84,72.19,43.57,63.99,61.96,68.7,89.34,59.55,70.06,53.59
240,184,"<a target=""_blank"" style=""text-decoration: underline"" href=""https://huggingface.co/sentence-transformers/LaBSE"">LaBSE</a>",471,1.75,768,512,62.71,75.93,68.95,35.8,69.85,37.22,62.04,61.46,66.41,86.06,63.03,66.9,58.82
272,185,"<a target=""_blank"" style=""text-decoration: underline"" href=""https://huggingface.co/twadada/nmc-nignore15"">nmc-nignore15</a>",,,,,62.7,73.01,64.85,34.11,72.76,44.4,63.9,61.85,68.15,88.86,58.38,71.2,50.95
270,186,"<a target=""_blank"" style=""text-decoration: underline"" href=""https://huggingface.co/twadada/nmc-300-w50k-b10k"">nmc-300-w50k-b10k</a>",,,,,62.69,71.7,64.58,33.75,72.17,43.7,63.99,61.9,68.55,89.25,59.33,69.86,53.54
137,187,"<a target=""_blank"" style=""text-decoration: underline"" href=""https://huggingface.co/brahmairesearch/slx-v0.1"">slx-v0.1</a>",23,0.08,384,512,62.64,61.46,64.26,30.3,80.04,40.55,61.76,67.94,73.91,91.97,63.3,62.09,54.04
242,188,"<a target=""_blank"" style=""text-decoration: underline"" href=""https://huggingface.co/sentence-transformers/all-MiniLM-L6-v2"">all-MiniLM-L6-v2</a>",23,0.09,384,512,62.62,63.64,64.26,30.85,80.04,40.83,61.76,66.94,73.81,91.68,61.55,62.09,54.04
228,189,"<a target=""_blank"" style=""text-decoration: underline"" href=""https://huggingface.co/princeton-nlp/unsup-simcse-bert-base-uncased"">unsup-simcse-bert-base-uncased</a>",110,0.41,768,512,62.5,67.09,74.48,33.85,73.55,42.22,69.63,59.84,66.25,81.71,59.23,68.82,53.36
262,190,"<a target=""_blank"" style=""text-decoration: underline"" href=""https://huggingface.co/shibing624/text2vec-base-multilingual"">text2vec-base-multilingual</a>",118,0.44,384,512,62.23,70.97,66.1,33.13,78.08,43.35,59.35,63.83,66.96,81.05,62.79,65.97,55.22
150,191,"<a target=""_blank"" style=""text-decoration: underline"" href=""https://huggingface.co/djovak/multi-qa-MiniLM-L6-cos-v1"">multi-qa-MiniLM-L6-cos-v1</a>",23,0.09,384,512,61.67,61.79,62.36,29.59,78.6,39.6,61.22,66.78,73.78,89.97,59.57,65.12,51.63
134,192,"<a target=""_blank"" style=""text-decoration: underline"" href=""https://huggingface.co/bert-base-uncased"">bert-base-uncased</a>",110,0.41,768,512,61.66,74.25,71.33,33.56,63.41,35.28,65.35,59.88,64.28,82.63,68.14,70.0,51.81
88,193,"<a target=""_blank"" style=""text-decoration: underline"" href=""https://huggingface.co/Muennighoff/SGPT-125M-weightedmean-nli-bitfit"">SGPT-125M-weightedmean-nli-bitfit</a>",138,0.51,768,2048,61.46,65.88,74.94,35.1,74.68,42.23,62.9,58.08,66.34,81.52,58.24,62.79,54.82
143,194,"<a target=""_blank"" style=""text-decoration: underline"" href=""https://huggingface.co/consciousAI/cai-stellaris-text-embeddings"">cai-stellaris-text-embeddings</a>",53,0.2,768,514,61.44,64.87,65.17,31.02,74.12,36.71,66.9,61.95,70.2,89.13,62.62,63.57,51.04
273,195,"<a target=""_blank"" style=""text-decoration: underline"" href=""https://huggingface.co/twadada/nmc-nignore30"">nmc-nignore30</a>",,,,,61.13,74.03,60.99,31.61,73.07,43.19,61.36,60.19,66.46,87.67,56.82,69.59,48.6
87,196,"<a target=""_blank"" style=""text-decoration: underline"" href=""https://huggingface.co/Muennighoff/SGPT-125M-weightedmean-msmarco-specb-bitfit"">SGPT-125M-weightedmean-msmarco-specb-bitfit</a>",138,0.51,768,2048,60.72,61.24,65.4,31.17,77.7,39.08,58.67,61.41,69.74,86.96,62.25,62.66,52.41
186,197,"<a target=""_blank"" style=""text-decoration: underline"" href=""https://huggingface.co/jinaai/jina-embedding-s-en-v1"">jina-embedding-s-en-v1</a>",35,0.13,512,512,60.56,64.82,64.28,30.62,74.64,36.08,58.71,64.67,71.79,88.82,58.61,59.44,54.26
274,198,"<a target=""_blank"" style=""text-decoration: underline"" href=""https://huggingface.co/twadada/nmc-nignore50"">nmc-nignore50</a>",,,,,59.75,73.34,59.67,30.61,71.57,43.36,58.65,58.79,64.28,85.76,54.07,68.95,47.99
246,199,"<a target=""_blank"" style=""text-decoration: underline"" href=""https://huggingface.co/sentence-transformers/average_word_embeddings_komninos"">komninos</a>",134,0.5,300,N/A,57.65,60.54,59.59,31.01,67.05,33.18,63.98,57.21,66.11,78.57,57.07,67.76,49.68
245,200,"<a target=""_blank"" style=""text-decoration: underline"" href=""https://huggingface.co/sentence-transformers/average_word_embeddings_glove.6B.300d"">glove.6B.300d</a>",120,0.45,300,N/A,57.29,56.91,60.32,29.67,67.69,36.93,62.57,56.19,66.03,79.11,55.85,65.4,50.8
11,201,"<a target=""_blank"" style=""text-decoration: underline"" href=""https://github.com/facebookresearch/LASER"">LASER2</a>",43,0.16,1024,N/A,53.18,76.84,61.01,28.71,57.76,24.83,57.58,47.91,55.92,75.36,49.47,54.05,48.73
244,202,"<a target=""_blank"" style=""text-decoration: underline"" href=""https://huggingface.co/sentence-transformers/allenai-specter"">allenai-specter</a>",110,0.41,768,512,52.37,58.7,57.77,26.26,66.66,24.82,56.35,51.73,58.58,74.53,50.05,57.44,45.52
269,203,"<a target=""_blank"" style=""text-decoration: underline"" href=""https://huggingface.co/thtang/ALL_862873"">ALL_862873</a>",118,0.44,384,512,41.73,50.81,52.57,22.63,36.43,22.75,50.76,34.33,44.13,61.03,29.68,54.93,40.75
2,204,"<a target=""_blank"" style=""text-decoration: underline"" href=""https://docs.aws.amazon.com/bedrock/latest/userguide/embeddings.html"">titan-embed-text-v1</a>",,,1536,8000,,61.85,,,83.21,,,,,,,,
3,205,"<a target=""_blank"" style=""text-decoration: underline"" href=""https://docs.mistral.ai/guides/embeddings"">mistral-embed</a>",,,1024,,,,,,,,,,,,,,
4,206,"<a target=""_blank"" style=""text-decoration: underline"" href=""https://docs.voyageai.com/embeddings/"">voyage-2</a>",,,1024,1024,,,,,,,,,,,,,
5,207,"<a target=""_blank"" style=""text-decoration: underline"" href=""https://docs.voyageai.com/embeddings/"">voyage-code-2</a>",,,1536,16000,,,,,,,,,,,,,
7,208,"<a target=""_blank"" style=""text-decoration: underline"" href=""https://docs.voyageai.com/embeddings/"">voyage-law-2</a>",,,1024,16000,,,,,,,,,,,,,
10,209,"<a target=""_blank"" style=""text-decoration: underline"" href=""https://docs.voyageai.com/embeddings/"">voyage-multilingual-2</a>",,,1024,32000,,,,,,,,,,,,,
13,211,"<a target=""_blank"" style=""text-decoration: underline"" href=""https://huggingface.co/AdrienB134/llm2vec-croissant-mntp"">llm2vec-croissant-mntp</a>",1280,4.77,2048,2048,,,,,,,,,,,,,
24,213,"<a target=""_blank"" style=""text-decoration: underline"" href=""https://huggingface.co/BAAI/bge-m3"">bge-m3</a>",567,2.11,1024,8192,,,,,,,,,,,,,
28,214,"<a target=""_blank"" style=""text-decoration: underline"" href=""https://huggingface.co/BeastyZ/e5-R-mistral-7b"">e5-R-mistral-7b</a>",7242,26.98,4096,32768,,,,,,,,,,,,,
29,215,"<a target=""_blank"" style=""text-decoration: underline"" href=""https://huggingface.co/ClayAtlas/winberta-base"">winberta-base</a>",,,,,,69.91,72.95,,64.12,31.51,65.17,60.48,68.76,81.21,51.56,65.65,57.41
30,216,"<a target=""_blank"" style=""text-decoration: underline"" href=""https://huggingface.co/ClayAtlas/winberta-large"">winberta-large</a>",,,,,,,,,,,,53.41,61.78,,,,
31,217,"<a target=""_blank"" style=""text-decoration: underline"" href=""https://huggingface.co/ClayAtlas/windberta-large"">windberta-large</a>",,,,,,,,,,,,54.76,63.42,,,,
37,218,"<a target=""_blank"" style=""text-decoration: underline"" href=""https://huggingface.co/DeepPavlov/distilrubert-small-cased-conversational"">distilrubert-small-cased-conversational</a>",106,0.39,768,512,,,,,,,,,,,,,
38,219,"<a target=""_blank"" style=""text-decoration: underline"" href=""https://huggingface.co/DeepPavlov/rubert-base-cased"">rubert-base-cased</a>",180,0.67,768,512,,,,,,,,,,,,,
39,220,"<a target=""_blank"" style=""text-decoration: underline"" href=""https://huggingface.co/DeepPavlov/rubert-base-cased-sentence"">rubert-base-cased-sentence</a>",180,0.67,768,512,,,,,,,,,,,,,
40,221,"<a target=""_blank"" style=""text-decoration: underline"" href=""https://huggingface.co/Forbu14/openai_clip_embeddings"">openai_clip_embeddings</a>",,,,,,57.49,,30.59,73.42,33.62,56.17,62.96,71.47,87.07,61.96,,49.34
41,222,"<a target=""_blank"" style=""text-decoration: underline"" href=""https://huggingface.co/Gameselo/STS-multilingual-mpnet-base-v2"">STS-multilingual-mpnet-base-v2</a>",278,1.04,768,514,,,,,,,,,,,,,
42,223,"<a target=""_blank"" style=""text-decoration: underline"" href=""https://huggingface.co/Geotrend/bert-base-10lang-cased"">bert-base-10lang-cased</a>",138,0.51,768,512,,,,,,,,,,,,,
43,224,"<a target=""_blank"" style=""text-decoration: underline"" href=""https://huggingface.co/Geotrend/bert-base-15lang-cased"">bert-base-15lang-cased</a>",138,0.51,768,512,,,,,,,,,,,,,
44,225,"<a target=""_blank"" style=""text-decoration: underline"" href=""https://huggingface.co/Geotrend/bert-base-25lang-cased"">bert-base-25lang-cased</a>",138,0.51,768,512,,,,,,,,,,,,,
54,232,"<a target=""_blank"" style=""text-decoration: underline"" href=""https://huggingface.co/Jaume/gemma-2b-embeddings"">gemma-2b-embeddings</a>",2506,9.34,2048,8192,,67.49,,34.9,58.43,29.68,,,,,,,
60,233,"<a target=""_blank"" style=""text-decoration: underline"" href=""https://huggingface.co/Lajavaness/bilingual-embedding-large-8k"">bilingual-embedding-large-8k</a>",568,2.12,1024,8194,,,,,,,,,,,,,
92,235,"<a target=""_blank"" style=""text-decoration: underline"" href=""https://huggingface.co/Omartificial-Intelligence-Space/Arabert-all-nli-triplet-Matryoshka"">Arabert-all-nli-triplet-Matryoshka</a>",135,0.5,768,512,,,,,,,,,,,,,
93,236,"<a target=""_blank"" style=""text-decoration: underline"" href=""https://huggingface.co/Omartificial-Intelligence-Space/Arabic-MiniLM-L12-v2-all-nli-triplet"">Arabic-MiniLM-L12-v2-all-nli-triplet</a>",118,0.44,384,512,,,,,,,,,,,,,
94,237,"<a target=""_blank"" style=""text-decoration: underline"" href=""https://huggingface.co/Omartificial-Intelligence-Space/Arabic-all-nli-triplet-Matryoshka"">Arabic-all-nli-triplet-Matryoshka</a>",278,1.04,768,514,,,,,,,,,,,,,
95,238,"<a target=""_blank"" style=""text-decoration: underline"" href=""https://huggingface.co/Omartificial-Intelligence-Space/Arabic-labse-Matryoshka"">Arabic-labse-Matryoshka</a>",471,1.75,768,512,,,,,,,,,,,,,
96,239,"<a target=""_blank"" style=""text-decoration: underline"" href=""https://huggingface.co/Omartificial-Intelligence-Space/Arabic-mpnet-base-all-nli-triplet"">Arabic-mpnet-base-all-nli-triplet</a>",109,0.41,768,514,,,,,,,,,,,,,
97,240,"<a target=""_blank"" style=""text-decoration: underline"" href=""https://huggingface.co/Omartificial-Intelligence-Space/Marbert-all-nli-triplet-Matryoshka"">Marbert-all-nli-triplet-Matryoshka</a>",163,0.61,768,512,,,,,,,,,,,,,
98,241,"<a target=""_blank"" style=""text-decoration: underline"" href=""https://huggingface.co/OrdalieTech/Solon-embeddings-large-0.1"">Solon-embeddings-large-0.1</a>",560,2.09,1024,514,,,,,,,,,,,,,
99,242,"<a target=""_blank"" style=""text-decoration: underline"" href=""https://huggingface.co/OrlikB/st-polish-kartonberta-base-alpha-v1"">st-polish-kartonberta-base-alpha-v1</a>",124,0.46,768,514,,,,,,,,,,,,,
105,244,"<a target=""_blank"" style=""text-decoration: underline"" href=""https://huggingface.co/Shimin/LLaMA-embeeding"">LLaMA-embeeding</a>",,,,,,84.82,76.88,36.72,,41.93,,65.91,67.62,87.95,78.43,,56.28
106,245,"<a target=""_blank"" style=""text-decoration: underline"" href=""https://huggingface.co/Shimin/yiyouliao"">yiyouliao</a>",,,,,,74.78,71.89,36.7,81.37,42.6,63.96,68.56,74.15,90.19,69.5,69.85,
117,246,"<a target=""_blank"" style=""text-decoration: underline"" href=""https://huggingface.co/Wissam42/sentence-croissant-llm-base"">sentence-croissant-llm-base</a>",1280,4.77,2048,2048,,,,,,,,,,,,,
120,247,"<a target=""_blank"" style=""text-decoration: underline"" href=""https://huggingface.co/aari1995/German_Semantic_STS_V2"">German_Semantic_STS_V2</a>",336,1.25,1024,512,,,,,,,,,,,,,
122,248,"<a target=""_blank"" style=""text-decoration: underline"" href=""https://huggingface.co/ai-forever/ru-en-RoSBERTa"">ru-en-RoSBERTa</a>",404,1.5,1024,514,,,,,,,,,,,,,
123,249,"<a target=""_blank"" style=""text-decoration: underline"" href=""https://huggingface.co/ai-forever/sbert_large_mt_nlu_ru"">sbert_large_mt_nlu_ru</a>",427,1.59,1024,514,,,,,,,,,,,,,
124,250,"<a target=""_blank"" style=""text-decoration: underline"" href=""https://huggingface.co/ai-forever/sbert_large_nlu_ru"">sbert_large_nlu_ru</a>",427,1.59,1024,512,,,,,,,,,,,,,
139,251,"<a target=""_blank"" style=""text-decoration: underline"" href=""https://huggingface.co/cointegrated/LaBSE-en-ru"">LaBSE-en-ru</a>",129,0.48,768,512,,,,,,,,60.48,65.43,,,,
140,252,"<a target=""_blank"" style=""text-decoration: underline"" href=""https://huggingface.co/cointegrated/rubert-tiny"">rubert-tiny</a>",12,0.04,512,514,,,,,,,,,,,,,
141,253,"<a target=""_blank"" style=""text-decoration: underline"" href=""https://huggingface.co/cointegrated/rubert-tiny2"">rubert-tiny2</a>",29,0.11,2048,514,,,,,,,,,,,,,
144,255,"<a target=""_blank"" style=""text-decoration: underline"" href=""https://huggingface.co/dangvantuan/sentence-camembert-base"">sentence-camembert-base</a>",110,0.41,768,512,,,,,,,,,,,,,
145,256,"<a target=""_blank"" style=""text-decoration: underline"" href=""https://huggingface.co/dangvantuan/sentence-camembert-large"">sentence-camembert-large</a>",337,1.26,1024,512,,,,,,,,,,,,,
147,257,"<a target=""_blank"" style=""text-decoration: underline"" href=""https://huggingface.co/deepvk/USER-base"">USER-base</a>",124,0.46,768,512,,,,,,,,,,,,,
148,258,"<a target=""_blank"" style=""text-decoration: underline"" href=""https://huggingface.co/deepvk/USER-bge-m3"">USER-bge-m3</a>",359,1.34,1024,8192,,,,,,,,,,,,,
149,259,"<a target=""_blank"" style=""text-decoration: underline"" href=""https://huggingface.co/deepvk/deberta-v1-base"">deberta-v1-base</a>",124,0.46,768,512,,,,,,,,,,,,,
152,260,"<a target=""_blank"" style=""text-decoration: underline"" href=""https://huggingface.co/dumyy/sft-bge-small"">sft-bge-small</a>",24,0.09,512,512,,,,,,,,,,,,,
157,261,"<a target=""_blank"" style=""text-decoration: underline"" href=""https://huggingface.co/flaubert/flaubert_base_cased"">flaubert_base_cased</a>",138,0.51,768,512,,,,,,,,,,,,,
158,262,"<a target=""_blank"" style=""text-decoration: underline"" href=""https://huggingface.co/flaubert/flaubert_base_uncased"">flaubert_base_uncased</a>",138,0.51,768,512,,,,,,,,,,,,,
159,263,"<a target=""_blank"" style=""text-decoration: underline"" href=""https://huggingface.co/flaubert/flaubert_large_cased"">flaubert_large_cased</a>",372,1.39,1024,512,,,,,,,,,,,,,
160,264,"<a target=""_blank"" style=""text-decoration: underline"" href=""https://huggingface.co/google-bert/bert-base-multilingual-cased"">bert-base-multilingual-cased</a>",179,0.67,768,512,,,,,,,,,,,,,
161,265,"<a target=""_blank"" style=""text-decoration: underline"" href=""https://huggingface.co/google-bert/bert-base-multilingual-uncased"">bert-base-multilingual-uncased</a>",168,0.63,768,512,,,,,,,,,,,,,
177,266,"<a target=""_blank"" style=""text-decoration: underline"" href=""https://huggingface.co/ipipan/herbert-base-retrieval-v2"">herbert-base-retrieval-v2</a>",125,0.47,768,514,,,,,,,,,,,,,
178,267,"<a target=""_blank"" style=""text-decoration: underline"" href=""https://huggingface.co/ipipan/silver-retriever-base-v1"">silver-retriever-base-v1</a>",125,0.47,768,514,,,,,,,,,,,,,
197,268,"<a target=""_blank"" style=""text-decoration: underline"" href=""https://huggingface.co/manu/bge-m3-custom-fr"">bge-m3-custom-fr</a>",568,2.12,1024,8194,,,,,,,,,,,,,
198,269,"<a target=""_blank"" style=""text-decoration: underline"" href=""https://huggingface.co/manu/sentence_croissant_alpha_v0.1"">sentence_croissant_alpha_v0.1</a>",1280,4.77,2048,2048,,,,,,,,,,,,,
199,270,"<a target=""_blank"" style=""text-decoration: underline"" href=""https://huggingface.co/manu/sentence_croissant_alpha_v0.2"">sentence_croissant_alpha_v0.2</a>",1280,4.77,2048,2048,,,,,,,,,,,,,
200,271,"<a target=""_blank"" style=""text-decoration: underline"" href=""https://huggingface.co/manu/sentence_croissant_alpha_v0.3"">sentence_croissant_alpha_v0.3</a>",1280,4.77,2048,2048,,,,,,,,,,,,,
201,272,"<a target=""_blank"" style=""text-decoration: underline"" href=""https://huggingface.co/manu/sentence_croissant_alpha_v0.4"">sentence_croissant_alpha_v0.4</a>",1280,4.77,2048,2048,,,,,,,,,,,,,
206,274,"<a target=""_blank"" style=""text-decoration: underline"" href=""https://huggingface.co/mukaj/fin-mpnet-base"">fin-mpnet-base</a>",109,0.41,768,514,,,,29.13,80.25,,,,,,,,
209,275,"<a target=""_blank"" style=""text-decoration: underline"" href=""https://huggingface.co/neuralmagic/bge-large-en-v1.5-quant"">bge-large-en-v1.5-quant</a>",,,,,,75.54,,,,,,,,,,,
224,277,"<a target=""_blank"" style=""text-decoration: underline"" href=""https://huggingface.co/nvidia/NV-Retriever-v1"">NV-Retriever-v1</a>",7111,26.49,4096,512,,,,,,,,,,,,,
225,278,"<a target=""_blank"" style=""text-decoration: underline"" href=""https://huggingface.co/openbmb/MiniCPM-Embedding"">MiniCPM-Embedding</a>",2725,10.15,2304,2048,,,,,,,,,,,,,
229,279,"<a target=""_blank"" style=""text-decoration: underline"" href=""https://huggingface.co/qinxianliu/FAE-v1"">FAE-v1</a>",335,1.25,1024,512,,,,,,,,,,,,,
233,280,"<a target=""_blank"" style=""text-decoration: underline"" href=""https://huggingface.co/sdadas/mmlw-e5-base"">mmlw-e5-base</a>",278,1.04,768,514,,,,,,,,,,,,,
234,281,"<a target=""_blank"" style=""text-decoration: underline"" href=""https://huggingface.co/sdadas/mmlw-e5-large"">mmlw-e5-large</a>",560,2.09,1024,514,,,,,,,,,,,,,
235,282,"<a target=""_blank"" style=""text-decoration: underline"" href=""https://huggingface.co/sdadas/mmlw-e5-small"">mmlw-e5-small</a>",118,0.44,384,512,,,,,,,,,,,,,
236,283,"<a target=""_blank"" style=""text-decoration: underline"" href=""https://huggingface.co/sdadas/mmlw-roberta-base"">mmlw-roberta-base</a>",124,0.46,768,514,,,,,,,,,,,,,
237,284,"<a target=""_blank"" style=""text-decoration: underline"" href=""https://huggingface.co/sdadas/mmlw-roberta-large"">mmlw-roberta-large</a>",435,1.62,1024,514,,,,,,,,,,,,,
238,285,"<a target=""_blank"" style=""text-decoration: underline"" href=""https://huggingface.co/sdadas/st-polish-paraphrase-from-distilroberta"">st-polish-paraphrase-from-distilroberta</a>",125,0.47,768,514,,,,,,,,,,,,,
239,286,"<a target=""_blank"" style=""text-decoration: underline"" href=""https://huggingface.co/sdadas/st-polish-paraphrase-from-mpnet"">st-polish-paraphrase-from-mpnet</a>",125,0.47,768,514,,,,,,,,,,,,,
253,287,"<a target=""_blank"" style=""text-decoration: underline"" href=""https://huggingface.co/sentence-transformers/multi-qa-MiniLM-L6-cos-v1"">multi-qa-MiniLM-L6-cos-v1</a>",23,0.09,384,512,,,,,,,,,,,,,
260,288,"<a target=""_blank"" style=""text-decoration: underline"" href=""https://huggingface.co/sergeyzh/LaBSE-ru-turbo"">LaBSE-ru-turbo</a>",128,0.48,768,512,,,,,,,,,,,,,
261,289,"<a target=""_blank"" style=""text-decoration: underline"" href=""https://huggingface.co/sergeyzh/rubert-tiny-turbo"">rubert-tiny-turbo</a>",29,0.11,312,2048,,,68.36,,59.86,29.5,58.36,50.16,61.29,,,57.77,55.3
264,291,"<a target=""_blank"" style=""text-decoration: underline"" href=""https://huggingface.co/tanmaylaud/ret-phi2-v0"">ret-phi2-v0</a>",2649,9.87,2560,2048,,,,,,,,,,,,,
280,292,"<a target=""_blank"" style=""text-decoration: underline"" href=""https://huggingface.co/w601sxs/b1ade-embed-kd"">b1ade-embed-kd</a>",335,1.25,1024,512,,,80.3,,85.19,48.22,69.87,,,,,75.01,61.8
281,293,"<a target=""_blank"" style=""text-decoration: underline"" href=""https://huggingface.co/w601sxs/b1ade-embed-kd_3"">b1ade-embed-kd_3</a>",335,1.25,1024,512,,,0.86,,0.81,0.48,0.74,,,,,0.6900000000000001,0.61
283,294,"<a target=""_blank"" style=""text-decoration: underline"" href=""https://huggingface.co/xlm-roberta-base"">xlm-roberta-base</a>",279,1.04,768,514,,,,,,,,,,,,,
284,295,"<a target=""_blank"" style=""text-decoration: underline"" href=""https://huggingface.co/xlm-roberta-large"">xlm-roberta-large</a>",560,2.09,1024,514,,,,,,,,,,,,,
285,296,"<a target=""_blank"" style=""text-decoration: underline"" href=""https://huggingface.co/yco/bilingual-embedding-base"">bilingual-embedding-base</a>",278,1.04,768,514,,,,,,,,,,,,,
286,297,"<a target=""_blank"" style=""text-decoration: underline"" href=""https://huggingface.co/yessilver/new_model"">new_model</a>",,,,,,76.66,,46.43,73.74,47.44,79.55,65.61,71.05,90.48,58.11,63.53,61.77
292,300,"<a target=""_blank"" style=""text-decoration: underline"" href=""https://huggingface.co/zhou-xl/bi-cse"">bi-cse</a>",560,2.09,1024,514,,,,,,,,,,,,,
294,301,"<a target=""_blank"" style=""text-decoration: underline"" href=""https://openai.com/blog/introducing-text-and-code-embeddings"">text-search-ada-001</a>",,,1024,2046,,,,,,,,,,,,,
295,302,"<a target=""_blank"" style=""text-decoration: underline"" href=""https://openai.com/blog/introducing-text-and-code-embeddings"">text-search-ada-doc-001</a>",,,1024,2046,,,,,,,,,,,,,
296,303,"<a target=""_blank"" style=""text-decoration: underline"" href=""https://openai.com/blog/introducing-text-and-code-embeddings"">text-search-babbage-001</a>",,,2048,2046,,,,,,,,,,,,,
297,304,"<a target=""_blank"" style=""text-decoration: underline"" href=""https://openai.com/blog/introducing-text-and-code-embeddings"">text-search-curie-001</a>",,,4096,2046,,,,,,,,,,,,,
298,305,"<a target=""_blank"" style=""text-decoration: underline"" href=""https://openai.com/blog/introducing-text-and-code-embeddings"">text-search-davinci-001</a>",,,12288,2046,,,,,,,,,,,,,
300,306,"<a target=""_blank"" style=""text-decoration: underline"" href=""https://openai.com/blog/introducing-text-and-code-embeddings"">text-similarity-babbage-001</a>",,,2048,2046,,,,,,,,,,,,,
301,307,"<a target=""_blank"" style=""text-decoration: underline"" href=""https://openai.com/blog/introducing-text-and-code-embeddings"">text-similarity-curie-001</a>",,,4096,2046,,,,,,,,,,,,,
302,308,"<a target=""_blank"" style=""text-decoration: underline"" href=""https://openai.com/blog/introducing-text-and-code-embeddings"">text-similarity-davinci-001</a>",,,12288,2046,,,,,,,,,,,,,
