index,Rank,Model,Model Size (Million Parameters),"Memory Usage (GB, fp32)",Embedding Dimensions,Max Tokens,Average,ArxivClusteringP2P,ArxivClusteringS2S,BiorxivClusteringP2P,BiorxivClusteringS2S,MedrxivClusteringP2P,MedrxivClusteringS2S,RedditClustering,RedditClusteringP2P,StackExchangeClustering,StackExchangeClusteringP2P,TwentyNewsgroupsClustering
223,1,"<a target=""_blank"" style=""text-decoration: underline"" href=""https://huggingface.co/nvidia/NV-Embed-v2"">NV-Embed-v2</a>",7851,29.25,4096,32768,58.46,55.8,51.26,54.09,49.6,46.09,44.86,71.1,74.94,82.1,48.36,64.82
22,2,"<a target=""_blank"" style=""text-decoration: underline"" href=""https://huggingface.co/BAAI/bge-en-icl"">bge-en-icl</a>",7111,26.49,4096,32768,57.89,54.44,49.33,53.05,48.38,45.86,44.33,72.33,72.72,81.32,46.05,68.98
153,3,"<a target=""_blank"" style=""text-decoration: underline"" href=""https://huggingface.co/dunzhang/stella_en_1.5B_v5"">stella_en_1.5B_v5</a>",1543,5.75,8192,131072,57.69,55.44,50.66,50.68,46.87,46.87,44.65,72.86,75.27,80.29,49.57,61.43
17,4,"<a target=""_blank"" style=""text-decoration: underline"" href=""https://huggingface.co/Alibaba-NLP/gte-Qwen2-7B-instruct"">gte-Qwen2-7B-instruct</a>",7613,28.36,3584,131072,56.92,56.46,51.74,50.09,46.65,46.23,44.13,73.55,74.13,79.86,49.41,53.91
27,5,"<a target=""_blank"" style=""text-decoration: underline"" href=""https://huggingface.co/BN7002/gte-Qwen2-7B-instruct-Q4_K_M-GGUF"">gte-Qwen2-7B-instruct-Q4_K_M-GGUF</a>",,,,,56.92,56.46,51.74,50.09,46.65,46.23,44.13,73.55,74.13,79.86,49.41,53.91
154,6,"<a target=""_blank"" style=""text-decoration: underline"" href=""https://huggingface.co/dunzhang/stella_en_400M_v5"">stella_en_400M_v5</a>",435,1.62,8192,8192,56.7,55.16,49.82,50.68,45.81,46.32,44.29,71.19,74.42,78.49,48.9,58.57
102,7,"<a target=""_blank"" style=""text-decoration: underline"" href=""https://huggingface.co/Salesforce/SFR-Embedding-2_R"">SFR-Embedding-2_R</a>",7111,26.49,4096,32768,56.17,54.02,48.82,50.76,46.57,46.66,44.18,62.92,72.74,76.48,48.29,66.42
15,8,"<a target=""_blank"" style=""text-decoration: underline"" href=""https://huggingface.co/Alibaba-NLP/gte-Qwen1.5-7B-instruct"">gte-Qwen1.5-7B-instruct</a>",7099,26.45,4096,32768,55.83,56.4,51.45,49.01,45.06,44.37,42.0,73.37,72.51,79.07,49.57,51.31
25,9,"<a target=""_blank"" style=""text-decoration: underline"" href=""https://huggingface.co/BAAI/bge-multilingual-gemma2"">bge-multilingual-gemma2</a>",9242,34.43,3584,8192,54.65,54.91,50.28,52.64,49.2,45.81,44.11,56.03,65.83,66.21,45.74,70.44
6,10,"<a target=""_blank"" style=""text-decoration: underline"" href=""https://docs.voyageai.com/embeddings/"">voyage-large-2-instruct</a>",,,1024,16000,53.35,51.81,44.73,46.07,40.64,42.94,41.44,68.5,64.86,74.16,45.1,66.62
222,11,"<a target=""_blank"" style=""text-decoration: underline"" href=""https://huggingface.co/nvidia/NV-Embed-v1"">NV-Embed-v1</a>",7851,29.25,4096,32768,52.8,53.76,49.59,48.15,44.74,39.24,36.98,63.2,68.01,74.99,42.04,60.13
9,12,"<a target=""_blank"" style=""text-decoration: underline"" href=""https://docs.voyageai.com/embeddings/"">voyage-lite-02-instruct</a>",1220,4.54,1024,4000,52.42,51.95,42.48,50.15,42.84,47.24,43.48,63.73,64.09,70.71,40.34,59.56
291,13,"<a target=""_blank"" style=""text-decoration: underline"" href=""https://huggingface.co/zeta-alpha-ai/Zeta-Alpha-E5-Mistral"">Zeta-Alpha-E5-Mistral</a>",7111,26.49,4096,32768,51.89,52.03,47.83,43.74,40.74,38.38,37.67,61.88,68.3,75.91,47.17,57.15
103,14,"<a target=""_blank"" style=""text-decoration: underline"" href=""https://huggingface.co/Salesforce/SFR-Embedding-Mistral"">SFR-Embedding-Mistral</a>",7111,26.49,4096,32768,51.67,52.08,47.38,43.94,41.14,40.03,39.0,59.9,67.64,74.25,46.78,56.27
62,15,"<a target=""_blank"" style=""text-decoration: underline"" href=""https://huggingface.co/Linq-AI-Research/Linq-Embed-Mistral"">Linq-Embed-Mistral</a>",7111,26.49,4096,32768,51.42,51.48,47.3,42.73,39.58,37.84,36.65,61.52,68.24,76.94,46.04,57.3
45,16,"<a target=""_blank"" style=""text-decoration: underline"" href=""https://huggingface.co/GritLM/GritLM-7B"">GritLM-7B</a>",7240,26.97,,4096,50.61,51.67,48.11,40.87,39.8,36.52,36.8,61.3,67.26,77.33,41.33,55.7
170,17,"<a target=""_blank"" style=""text-decoration: underline"" href=""https://huggingface.co/intfloat/e5-mistral-7b-instruct"">e5-mistral-7b-instruct</a>",7111,26.49,4096,32768,50.26,50.45,45.5,43.53,40.24,38.19,37.45,57.71,66.49,73.1,45.91,54.31
46,18,"<a target=""_blank"" style=""text-decoration: underline"" href=""https://huggingface.co/GritLM/GritLM-8x7B"">GritLM-8x7B</a>",46703,173.98,4096,32768,50.14,50.72,48.01,41.41,38.67,36.54,37.24,63.01,65.86,74.41,38.52,57.16
305,19,"<a target=""_blank"" style=""text-decoration: underline"" href=""https://openai.com/blog/new-embedding-models-and-api-updates"">text-embedding-3-large</a>",,,3072,8191,49.01,49.01,44.45,38.03,36.53,32.7,31.27,67.84,67.96,76.26,36.88,58.14
36,20,"<a target=""_blank"" style=""text-decoration: underline"" href=""https://huggingface.co/DecisionOptimizationSystemProduction/DeepFeatTextEmbeddingLarge"">DeepFeatTextEmbeddingLarge</a>",1776,6.62,1536,131072,48.75,50.51,45.01,43.21,38.82,39.39,37.9,55.82,62.09,67.65,46.31,49.58
16,21,"<a target=""_blank"" style=""text-decoration: underline"" href=""https://huggingface.co/Alibaba-NLP/gte-Qwen2-1.5B-instruct"">gte-Qwen2-1.5B-instruct</a>",1776,6.62,1536,131072,48.75,50.51,45.01,43.21,38.82,39.39,37.9,55.82,62.09,67.65,46.31,49.58
19,22,"<a target=""_blank"" style=""text-decoration: underline"" href=""https://huggingface.co/Alibaba-NLP/gte-large-en-v1.5"">gte-large-en-v1.5</a>",434,1.62,1024,8192,47.96,48.47,43.39,40.58,37.94,35.04,32.94,59.76,68.03,71.27,39.18,50.91
230,23,"<a target=""_blank"" style=""text-decoration: underline"" href=""https://huggingface.co/raghavlight/TDTE"">TDTE</a>",,,,,47.86,48.78,46.11,38.79,37.37,32.73,32.33,62.16,65.96,71.35,36.11,54.78
1,24,"<a target=""_blank"" style=""text-decoration: underline"" href=""https://cloud.google.com/vertex-ai/generative-ai/docs/embeddings/get-text-embeddings#latest_models"">google-gecko.text-embedding-preview-0409</a>",1200,4.47,768,2048,47.48,46.27,38.36,37.87,35.67,33.11,31.54,65.81,66.62,74.52,37.63,54.87
33,25,"<a target=""_blank"" style=""text-decoration: underline"" href=""https://huggingface.co/Cohere/Cohere-embed-english-v3.0"">Cohere-embed-english-v3.0</a>",,,1024,512,47.43,49.17,42.18,40.96,37.25,37.41,33.39,58.46,66.35,68.42,37.51,50.64
8,26,"<a target=""_blank"" style=""text-decoration: underline"" href=""https://docs.voyageai.com/embeddings/"">voyage-lite-01-instruct</a>",,,1024,4000,47.4,47.92,42.42,38.72,36.6,34.04,32.81,61.56,65.35,70.16,38.23,53.56
175,27,"<a target=""_blank"" style=""text-decoration: underline"" href=""https://huggingface.co/intfloat/multilingual-e5-large-instruct"">multilingual-e5-large-instruct</a>",560,2.09,1024,514,47.07,46.4,40.49,40.94,36.28,36.93,35.54,56.6,64.27,66.85,42.46,51.03
57,28,"<a target=""_blank"" style=""text-decoration: underline"" href=""https://huggingface.co/Labib11/MUG-B-1.6"">MUG-B-1.6</a>",335,1.25,1024,512,46.93,49.03,43.05,39.74,36.57,33.71,31.81,61.38,65.29,66.6,36.32,52.69
267,29,"<a target=""_blank"" style=""text-decoration: underline"" href=""https://huggingface.co/thenlper/gte-large"">gte-large</a>",335,1.25,1024,512,46.84,48.62,43.36,39.11,36.85,33.39,31.76,60.83,64.24,67.64,36.57,52.82
18,30,"<a target=""_blank"" style=""text-decoration: underline"" href=""https://huggingface.co/Alibaba-NLP/gte-base-en-v1.5"">gte-base-en-v1.5</a>",137,0.51,768,8192,46.82,47.51,42.05,40.32,37.55,34.6,32.27,58.61,66.87,68.93,37.6,48.75
116,31,"<a target=""_blank"" style=""text-decoration: underline"" href=""https://huggingface.co/WhereIsAI/UAE-Large-V1"">UAE-Large-V1</a>",335,1.25,1024,512,46.73,49.03,43.09,39.38,37.23,33.22,31.18,60.52,65.35,66.54,36.72,51.72
151,32,"<a target=""_blank"" style=""text-decoration: underline"" href=""https://huggingface.co/dopeba/mxbai-embed-large-v1-Q6_K-GGUF"">mxbai-embed-large-v1-Q6_K-GGUF</a>",,,,,46.71,48.97,42.98,39.92,36.73,33.44,31.66,60.22,65.29,65.62,35.78,53.21
204,33,"<a target=""_blank"" style=""text-decoration: underline"" href=""https://huggingface.co/mixedbread-ai/mxbai-embed-large-v1"">mxbai-embed-large-v1</a>",335,1.25,1024,512,46.71,48.97,42.98,39.92,36.73,33.44,31.66,60.22,65.29,65.62,35.78,53.21
306,34,"<a target=""_blank"" style=""text-decoration: underline"" href=""https://openai.com/blog/new-embedding-models-and-api-updates"">text-embedding-3-small</a>",,,1536,8191,46.65,46.57,39.35,37.77,34.68,32.77,31.85,64.09,65.12,72.05,34.04,54.81
183,35,"<a target=""_blank"" style=""text-decoration: underline"" href=""https://huggingface.co/jamesgpt1/sf_model_e5"">sf_model_e5</a>",335,1.25,1024,512,46.61,48.73,42.87,39.73,37.24,34.31,32.18,59.43,64.54,65.08,35.52,53.12
35,36,"<a target=""_blank"" style=""text-decoration: underline"" href=""https://huggingface.co/Cohere/Cohere-embed-multilingual-v3.0"">Cohere-embed-multilingual-v3.0</a>",,,1024,512,46.6,48.16,40.79,40.5,36.91,36.18,33.44,58.11,65.02,68.12,35.22,50.14
130,37,"<a target=""_blank"" style=""text-decoration: underline"" href=""https://huggingface.co/avsolatorio/GIST-large-Embedding-v0"">GIST-large-Embedding-v0</a>",335,1.25,1024,512,46.55,48.5,42.58,39.34,36.18,34.48,32.26,60.62,63.29,66.47,36.4,51.91
279,38,"<a target=""_blank"" style=""text-decoration: underline"" href=""https://huggingface.co/w601sxs/b1ade-embed"">b1ade-embed</a>",335,1.25,1024,512,46.46,48.66,42.81,39.81,36.63,33.63,31.7,59.77,63.79,66.31,34.99,52.98
69,39,"<a target=""_blank"" style=""text-decoration: underline"" href=""https://huggingface.co/McGill-NLP/LLM2Vec-Meta-Llama-3-8B-Instruct-mntp-supervised"">LLM2Vec-Meta-Llama-3-supervised</a>",7505,27.96,4096,8192,46.45,44.27,46.85,32.35,36.7,30.71,32.96,61.72,63.98,72.74,32.26,56.41
192,40,"<a target=""_blank"" style=""text-decoration: underline"" href=""https://huggingface.co/jspringer/echo-mistral-7b-instruct-lasttoken"">echo-mistral-7b-instruct-lasttoken</a>",7111,26.49,4096,32768,46.32,47.02,43.52,35.53,35.34,30.27,29.67,61.77,66.01,72.04,35.29,53.04
304,41,"<a target=""_blank"" style=""text-decoration: underline"" href=""https://openai.com/blog/new-embedding-models-and-api-updates"">text-embedding-3-large-256</a>",,,256,8191,46.23,47.05,42.59,35.43,33.86,32.1,31.15,60.18,64.71,71.23,35.95,54.24
128,42,"<a target=""_blank"" style=""text-decoration: underline"" href=""https://huggingface.co/avsolatorio/GIST-Embedding-v0"">GIST-Embedding-v0</a>",109,0.41,768,512,46.21,48.29,42.74,39.04,36.67,33.92,32.25,59.11,62.44,66.14,35.59,52.16
266,43,"<a target=""_blank"" style=""text-decoration: underline"" href=""https://huggingface.co/thenlper/gte-base"">gte-base</a>",109,0.41,768,512,46.2,48.6,43.01,38.2,36.59,33.17,31.77,59.33,62.59,66.64,36.0,52.31
231,44,"<a target=""_blank"" style=""text-decoration: underline"" href=""https://huggingface.co/sabafallah/bge-large-en-v1.5-Q4_K_M-GGUF"">bge-large-en-v1.5-Q4_K_M-GGUF</a>",,,,,46.08,48.57,43.19,39.71,36.9,32.56,31.47,57.24,64.66,66.4,34.96,51.27
232,45,"<a target=""_blank"" style=""text-decoration: underline"" href=""https://huggingface.co/sabafallah/bge-large-en-v1.5-Q8_0-GGUF"">bge-large-en-v1.5-Q8_0-GGUF</a>",,,,,46.08,48.57,43.19,39.71,36.9,32.56,31.47,57.24,64.66,66.4,34.96,51.27
23,46,"<a target=""_blank"" style=""text-decoration: underline"" href=""https://huggingface.co/BAAI/bge-large-en-v1.5"">bge-large-en-v1.5</a>",335,1.25,1024,512,46.08,48.57,43.19,39.71,36.9,32.56,31.47,57.24,64.66,66.4,34.96,51.27
203,47,"<a target=""_blank"" style=""text-decoration: underline"" href=""https://huggingface.co/mixedbread-ai/mxbai-embed-2d-large-v1"">mxbai-embed-2d-large-v1</a>",335,1.25,1024,512,46.07,48.29,42.34,39.73,36.95,33.66,32.22,57.93,62.47,66.41,35.32,51.48
303,48,"<a target=""_blank"" style=""text-decoration: underline"" href=""https://openai.com/blog/new-and-improved-embedding-model"">text-embedding-ada-002</a>",,,1536,8191,45.9,45.01,36.85,36.66,34.21,32.6,30.8,61.42,64.13,72.22,38.49,52.56
21,49,"<a target=""_blank"" style=""text-decoration: underline"" href=""https://huggingface.co/BAAI/bge-base-en-v1.5"">bge-base-en-v1.5</a>",109,0.41,768,512,45.81,48.75,42.81,39.44,36.62,33.21,31.68,56.61,62.66,66.11,35.24,50.75
133,50,"<a target=""_blank"" style=""text-decoration: underline"" href=""https://huggingface.co/aws-neuron/bge-base-en-v1-5-seqlen-384-bs-1"">bge-base-en-v1-5-seqlen-384-bs-1</a>",,,,,45.77,48.75,42.81,39.1,36.7,32.95,31.56,56.24,62.88,65.95,35.01,51.47
104,51,"<a target=""_blank"" style=""text-decoration: underline"" href=""https://huggingface.co/Santyyy/ember-v1-Q8_0-GGUF"">ember-v1-Q8_0-GGUF</a>",,,,,45.58,48.58,43.14,38.84,36.38,31.96,30.88,57.61,64.03,65.54,33.98,50.41
196,52,"<a target=""_blank"" style=""text-decoration: underline"" href=""https://huggingface.co/llmrails/ember-v1"">ember-v1</a>",335,1.25,1024,512,45.58,48.58,43.14,38.84,36.38,31.96,30.88,57.61,64.03,65.54,33.98,50.41
71,53,"<a target=""_blank"" style=""text-decoration: underline"" href=""https://huggingface.co/McGill-NLP/LLM2Vec-Mistral-7B-Instruct-v2-mntp-supervised"">LLM2Vec-Mistral-supervised</a>",7111,26.49,4096,32768,45.54,42.81,44.24,34.27,35.53,31.07,31.27,60.24,64.12,70.73,34.5,52.18
163,54,"<a target=""_blank"" style=""text-decoration: underline"" href=""https://huggingface.co/hkunlp/instructor-large"">instructor-large</a>",335,1.25,768,512,45.29,43.16,32.56,37.62,31.33,34.22,32.0,63.65,64.63,68.78,36.15,54.13
67,55,"<a target=""_blank"" style=""text-decoration: underline"" href=""https://huggingface.co/McGill-NLP/LLM2Vec-Llama-2-7b-chat-hf-mntp-supervised"">LLM2Vec-Llama-2-supervised</a>",6607,24.61,4096,4096,45.24,43.14,42.38,35.88,34.81,32.23,31.37,61.1,64.52,67.98,33.2,51.04
118,56,"<a target=""_blank"" style=""text-decoration: underline"" href=""https://huggingface.co/YanshekWoo/kalm-embedding-multilingual-mini"">kalm-embedding-multilingual-mini</a>",,,,,45.22,47.38,38.89,39.44,33.32,34.19,32.3,56.68,64.65,66.98,34.35,49.19
191,57,"<a target=""_blank"" style=""text-decoration: underline"" href=""https://huggingface.co/jinaai/jina-embeddings-v3"">jina-embeddings-v3</a>",572,2.13,1024,8194,45.21,46.66,39.27,38.19,34.42,34.8,32.42,55.4,62.87,65.66,35.08,52.49
0,58,"<a target=""_blank"" style=""text-decoration: underline"" href=""https://cloud.google.com/vertex-ai/generative-ai/docs/embeddings/get-text-embeddings#latest_models"">google-gecko-256.text-embedding-preview-0409</a>",1200,4.47,256,2048,45.07,44.12,36.54,36.28,33.09,32.08,30.84,62.24,63.7,70.19,36.1,50.6
207,59,"<a target=""_blank"" style=""text-decoration: underline"" href=""https://huggingface.co/neuralmagic/bge-base-en-v1.5-quant"">bge-base-en-v1.5-quant</a>",,,,,45.06,48.5,42.01,39.3,35.65,32.8,30.96,55.69,62.33,64.81,34.08,49.5
132,60,"<a target=""_blank"" style=""text-decoration: underline"" href=""https://huggingface.co/avsolatorio/NoInstruct-small-Embedding-v0"">NoInstruct-small-Embedding-v0</a>",33,0.12,384,512,44.95,47.78,40.13,39.4,35.1,34.71,32.15,55.4,61.23,62.05,36.65,49.86
165,61,"<a target=""_blank"" style=""text-decoration: underline"" href=""https://huggingface.co/infgrad/stella-base-en-v2"">stella-base-en-v2</a>",55,0.2,768,512,44.9,47.24,40.47,39.56,35.91,33.25,31.96,55.07,62.12,64.47,33.8,50.08
268,62,"<a target=""_blank"" style=""text-decoration: underline"" href=""https://huggingface.co/thenlper/gte-small"">gte-small</a>",33,0.12,384,512,44.89,47.9,40.26,38.37,35.49,33.78,32.07,55.62,61.39,62.63,36.33,49.95
131,63,"<a target=""_blank"" style=""text-decoration: underline"" href=""https://huggingface.co/avsolatorio/GIST-small-Embedding-v0"">GIST-small-Embedding-v0</a>",33,0.12,384,512,44.82,47.62,39.86,39.22,35.43,34.5,32.16,55.51,60.64,61.91,36.16,50.01
164,64,"<a target=""_blank"" style=""text-decoration: underline"" href=""https://huggingface.co/hkunlp/instructor-xl"">instructor-xl</a>",1241,4.62,768,512,44.74,42.45,32.21,37.37,30.55,33.19,30.79,63.49,65.13,68.44,35.17,53.38
32,65,"<a target=""_blank"" style=""text-decoration: underline"" href=""https://huggingface.co/Cohere/Cohere-embed-english-light-v3.0"">Cohere-embed-english-light-v3.0</a>",,,,,44.64,46.19,37.58,38.97,34.52,37.66,33.54,53.5,63.59,62.94,36.48,46.06
121,66,"<a target=""_blank"" style=""text-decoration: underline"" href=""https://huggingface.co/actualdata/bilingual-embedding-large"">bilingual-embedding-large</a>",560,2.09,1024,514,44.62,46.18,38.95,37.41,34.95,33.66,32.24,57.02,63.4,63.53,34.48,49.01
59,67,"<a target=""_blank"" style=""text-decoration: underline"" href=""https://huggingface.co/Lajavaness/bilingual-embedding-large"">bilingual-embedding-large</a>",560,2.09,1024,514,44.62,46.18,38.95,37.41,34.95,33.66,32.24,57.02,63.4,63.53,34.48,49.01
55,68,"<a target=""_blank"" style=""text-decoration: underline"" href=""https://huggingface.co/KeyurRamoliya/e5-large-v2-GGUF"">e5-large-v2-GGUF</a>",,,,,44.49,45.55,41.02,37.36,34.85,31.82,30.38,55.83,63.38,65.92,33.67,49.6
20,69,"<a target=""_blank"" style=""text-decoration: underline"" href=""https://huggingface.co/Alibaba-NLP/gte-multilingual-base"">gte-multilingual-base</a>",305,1.14,768,8192,44.31,46.02,41.07,37.59,34.21,33.05,31.97,55.72,62.25,63.42,31.71,50.35
169,70,"<a target=""_blank"" style=""text-decoration: underline"" href=""https://huggingface.co/intfloat/e5-large-v2"">e5-large-v2</a>",335,1.25,1024,512,44.26,45.55,41.02,36.72,35.47,31.45,29.91,55.5,63.71,65.23,33.62,48.73
167,71,"<a target=""_blank"" style=""text-decoration: underline"" href=""https://huggingface.co/intfloat/e5-base-v2"">e5-base-v2</a>",110,0.41,768,512,44.1,46.1,39.67,37.12,33.41,31.82,29.68,56.54,63.23,64.6,33.02,49.86
100,72,"<a target=""_blank"" style=""text-decoration: underline"" href=""https://huggingface.co/RinaChen/nomic-embed-text-v1.5-Q4_K_M-GGUF"">nomic-embed-text-v1.5-Q4_K_M-GGUF</a>",,,,,43.93,45.69,36.35,38.77,32.94,34.53,30.94,56.52,61.05,63.19,34.03,49.21
220,73,"<a target=""_blank"" style=""text-decoration: underline"" href=""https://huggingface.co/nomic-ai/nomic-embed-text-v1.5"">nomic-embed-text-v1.5</a>",137,0.51,768,8192,43.93,45.69,36.35,38.77,32.94,34.53,30.94,56.52,61.05,63.19,34.03,49.21
293,74,"<a target=""_blank"" style=""text-decoration: underline"" href=""https://huggingface.co/zyj2003lj/nomic-embed-text-v1.5-Q4_K_M-GGUF"">nomic-embed-text-v1.5-Q4_K_M-GGUF</a>",,,,,43.93,45.69,36.35,38.77,32.94,34.53,30.94,56.52,61.05,63.19,34.03,49.21
119,75,"<a target=""_blank"" style=""text-decoration: underline"" href=""https://huggingface.co/YorkieOH10/nomic-embed-text-v1.5-Q8_0-GGUF"">nomic-embed-text-v1.5-Q8_0-GGUF</a>",,,,,43.93,45.69,36.35,38.77,32.94,34.53,30.94,56.52,61.05,63.19,34.03,49.21
213,76,"<a target=""_blank"" style=""text-decoration: underline"" href=""https://huggingface.co/nomic-ai/nomic-embed-text-v1"">nomic-embed-text-v1</a>",137,0.51,768,8192,43.91,45.93,36.65,38.49,32.76,33.74,30.64,56.32,61.9,64.31,33.26,49.06
26,77,"<a target=""_blank"" style=""text-decoration: underline"" href=""https://huggingface.co/BAAI/bge-small-en-v1.5"">bge-small-en-v1.5</a>",33,0.12,384,512,43.82,47.4,40.02,38.47,34.72,33.06,30.86,52.32,60.64,60.78,35.27,48.52
155,78,"<a target=""_blank"" style=""text-decoration: underline"" href=""https://huggingface.co/dwzhu/e5-base-4k"">e5-base-4k</a>",112,0.42,768,4096,43.8,46.1,39.67,37.5,32.72,31.46,28.99,56.16,63.43,65.15,32.5,48.16
259,79,"<a target=""_blank"" style=""text-decoration: underline"" href=""https://huggingface.co/sentence-transformers/sentence-t5-xxl"">sentence-t5-xxl</a>",4865,18.12,768,512,43.72,42.89,33.47,36.53,28.66,32.09,26.82,58.99,64.46,70.78,35.25,50.93
218,80,"<a target=""_blank"" style=""text-decoration: underline"" href=""https://huggingface.co/nomic-ai/nomic-embed-text-v1.5"">nomic-embed-text-v1.5-512</a>",138,0.51,512,8192,43.71,45.45,36.19,38.41,32.28,34.47,31.43,55.9,60.58,62.94,33.81,49.36
214,81,"<a target=""_blank"" style=""text-decoration: underline"" href=""https://huggingface.co/nomic-ai/nomic-embed-text-v1-ablated"">nomic-embed-text-v1-ablated</a>",137,0.51,768,8192,43.7,45.85,36.13,38.46,33.14,32.73,30.55,56.82,61.57,63.18,33.51,48.72
243,82,"<a target=""_blank"" style=""text-decoration: underline"" href=""https://huggingface.co/sentence-transformers/all-mpnet-base-v2"">all-mpnet-base-v2</a>",110,0.41,768,514,43.69,48.38,39.72,39.62,35.02,35.58,32.87,54.82,56.77,53.8,34.28,49.74
73,83,"<a target=""_blank"" style=""text-decoration: underline"" href=""https://huggingface.co/McGill-NLP/LLM2Vec-Sheared-LLaMA-mntp-supervised"">LLM2Vec-Sheared-Llama-supervised</a>",1280,4.77,2048,4096,43.57,43.47,39.85,37.1,34.28,33.55,31.11,53.02,60.47,63.04,34.01,49.37
195,84,"<a target=""_blank"" style=""text-decoration: underline"" href=""https://huggingface.co/lixsh6/XLM-3B5-embedding"">XLM-3B5-embedding</a>",,,,,43.48,44.44,34.19,37.82,32.13,33.88,32.08,54.25,61.28,64.7,34.23,49.31
280,85,"<a target=""_blank"" style=""text-decoration: underline"" href=""https://huggingface.co/w601sxs/b1ade-embed-kd"">b1ade-embed-kd</a>",335,1.25,1024,512,43.43,45.8,37.64,38.69,34.45,32.86,34.02,54.76,56.28,63.95,32.22,47.07
168,86,"<a target=""_blank"" style=""text-decoration: underline"" href=""https://huggingface.co/intfloat/e5-large"">e5-large</a>",335,1.25,1024,512,43.33,46.19,41.38,37.6,35.09,32.26,29.66,50.69,61.37,64.96,33.6,43.81
217,87,"<a target=""_blank"" style=""text-decoration: underline"" href=""https://huggingface.co/nomic-ai/nomic-embed-text-v1.5"">nomic-embed-text-v1.5-256</a>",138,0.51,256,8192,43.16,44.82,35.32,38.19,31.83,34.08,30.98,54.92,60.23,61.81,34.03,48.56
194,88,"<a target=""_blank"" style=""text-decoration: underline"" href=""https://huggingface.co/lixsh6/XLM-0B6-embedding"">XLM-0B6-embedding</a>",,,,,42.97,45.54,38.43,39.3,35.11,34.8,32.78,49.24,58.82,58.89,33.6,46.13
208,89,"<a target=""_blank"" style=""text-decoration: underline"" href=""https://huggingface.co/neuralmagic/bge-base-en-v1.5-sparse"">bge-base-en-v1.5-sparse</a>",,,,,42.88,46.5,40.08,36.79,34.42,32.0,30.38,51.0,59.28,60.92,32.98,47.3
211,90,"<a target=""_blank"" style=""text-decoration: underline"" href=""https://huggingface.co/neuralmagic/bge-small-en-v1.5-quant"">bge-small-en-v1.5-quant</a>",,,,,42.63,46.92,39.12,37.43,33.89,31.9,30.71,50.5,60.3,59.26,33.76,45.09
215,91,"<a target=""_blank"" style=""text-decoration: underline"" href=""https://huggingface.co/nomic-ai/nomic-embed-text-v1-unsupervised"">nomic-embed-text-v1-unsupervised</a>",137,0.51,768,8192,42.52,45.18,35.91,36.57,32.05,31.35,29.56,55.37,60.05,62.28,33.94,45.43
251,92,"<a target=""_blank"" style=""text-decoration: underline"" href=""https://huggingface.co/sentence-transformers/gtr-t5-xxl"">gtr-t5-xxl</a>",4865,18.12,768,512,42.42,37.9,32.39,30.48,27.5,29.12,27.56,64.13,62.84,71.43,32.85,50.44
258,93,"<a target=""_blank"" style=""text-decoration: underline"" href=""https://huggingface.co/sentence-transformers/sentence-t5-xl"">sentence-t5-xl</a>",1240,4.62,768,512,42.34,41.62,31.17,36.43,26.47,32.3,26.93,57.03,62.34,67.13,34.79,49.53
216,94,"<a target=""_blank"" style=""text-decoration: underline"" href=""https://huggingface.co/nomic-ai/nomic-embed-text-v1.5"">nomic-embed-text-v1.5-128</a>",138,0.51,128,8192,42.24,43.87,34.57,36.79,30.68,34.09,31.3,53.31,58.96,59.92,33.88,47.29
166,95,"<a target=""_blank"" style=""text-decoration: underline"" href=""https://huggingface.co/intfloat/e5-base"">e5-base</a>",109,0.41,768,512,42.11,44.57,40.48,36.19,32.72,31.53,28.29,48.18,62.19,63.91,32.56,42.58
115,96,"<a target=""_blank"" style=""text-decoration: underline"" href=""https://huggingface.co/TaylorAI/gte-tiny"">gte-tiny</a>",23,0.08,384,512,42.09,46.64,36.01,39.19,32.13,34.11,31.67,50.19,56.49,57.54,35.74,43.27
58,97,"<a target=""_blank"" style=""text-decoration: underline"" href=""https://huggingface.co/Lajavaness/bilingual-embedding-base"">bilingual-embedding-base</a>",278,1.04,768,514,42.03,44.26,36.01,36.38,31.54,31.11,29.1,51.34,62.51,61.57,33.59,44.97
70,98,"<a target=""_blank"" style=""text-decoration: underline"" href=""https://huggingface.co/McGill-NLP/LLM2Vec-Meta-Llama-3-8B-Instruct-mntp-unsup-simcse"">LLM2Vec-Meta-Llama-3-unsupervised</a>",7505,27.96,4096,8192,41.99,49.22,41.71,38.39,31.31,31.47,27.87,43.67,61.67,68.2,36.36,32.01
34,99,"<a target=""_blank"" style=""text-decoration: underline"" href=""https://huggingface.co/Cohere/Cohere-embed-multilingual-light-v3.0"">Cohere-embed-multilingual-light-v3.0</a>",,,384,512,41.98,44.21,33.91,38.68,32.21,35.18,30.99,49.5,60.21,60.85,33.97,42.09
242,100,"<a target=""_blank"" style=""text-decoration: underline"" href=""https://huggingface.co/sentence-transformers/all-MiniLM-L6-v2"">all-MiniLM-L6-v2</a>",23,0.09,384,512,41.94,46.55,37.86,38.37,32.88,34.39,31.86,50.7,54.8,53.14,34.26,46.49
137,101,"<a target=""_blank"" style=""text-decoration: underline"" href=""https://huggingface.co/brahmairesearch/slx-v0.1"">slx-v0.1</a>",23,0.08,384,512,41.91,46.47,37.67,38.37,32.88,34.39,31.86,50.69,54.8,53.14,34.25,46.49
162,102,"<a target=""_blank"" style=""text-decoration: underline"" href=""https://huggingface.co/hkunlp/instructor-base"">instructor-base</a>",110,0.41,768,512,41.9,39.68,29.19,32.98,25.72,30.89,28.38,59.26,63.22,65.04,35.28,51.31
108,103,"<a target=""_blank"" style=""text-decoration: underline"" href=""https://huggingface.co/Snowflake/snowflake-arctic-embed-m"">snowflake-arctic-embed-m</a>",109,0.41,768,512,41.87,47.24,37.43,36.97,31.98,31.5,28.41,47.53,62.76,59.55,39.43,37.73
241,104,"<a target=""_blank"" style=""text-decoration: underline"" href=""https://huggingface.co/sentence-transformers/all-MiniLM-L12-v2"">all-MiniLM-L12-v2</a>",33,0.12,384,512,41.81,46.07,37.5,36.99,33.21,34.25,32.24,51.18,54.8,53.05,33.13,47.47
282,105,"<a target=""_blank"" style=""text-decoration: underline"" href=""https://huggingface.co/walsons/jina-embeddings-v2-base-en-Q4_K_M-GGUF"">jina-embeddings-v2-base-en-Q4_K_M-GGUF</a>",,,,,41.73,45.39,36.68,37.05,30.16,32.41,28.09,53.05,60.31,58.52,34.96,42.46
188,106,"<a target=""_blank"" style=""text-decoration: underline"" href=""https://huggingface.co/jinaai/jina-embeddings-v2-base-en"">jina-embeddings-v2-base-en</a>",137,0.51,768,8192,41.73,45.39,36.68,37.05,30.16,32.41,28.09,53.05,60.31,58.52,34.96,42.46
257,107,"<a target=""_blank"" style=""text-decoration: underline"" href=""https://huggingface.co/sentence-transformers/sentence-t5-large"">sentence-t5-large</a>",168,0.63,768,512,41.65,41.62,29.44,35.99,24.02,32.4,26.33,54.53,62.5,65.11,36.86,49.33
249,108,"<a target=""_blank"" style=""text-decoration: underline"" href=""https://huggingface.co/sentence-transformers/gtr-t5-large"">gtr-t5-large</a>",168,0.63,768,512,41.6,37.5,30.55,29.59,25.72,28.72,27.39,61.69,61.67,69.93,33.21,51.64
109,109,"<a target=""_blank"" style=""text-decoration: underline"" href=""https://huggingface.co/Snowflake/snowflake-arctic-embed-m-long"">snowflake-arctic-embed-m-long</a>",137,0.51,768,8192,41.51,45.56,35.61,36.16,30.14,31.12,26.73,50.24,61.45,62.63,37.17,39.83
287,110,"<a target=""_blank"" style=""text-decoration: underline"" href=""https://huggingface.co/yixuan-chia/snowflake-arctic-embed-m-long-Q8_0-GGUF"">snowflake-arctic-embed-m-long-Q8_0-GGUF</a>",,,,,41.51,45.56,35.61,36.16,30.14,31.12,26.73,50.24,61.45,62.63,37.17,39.83
250,111,"<a target=""_blank"" style=""text-decoration: underline"" href=""https://huggingface.co/sentence-transformers/gtr-t5-xl"">gtr-t5-xl</a>",1240,4.62,768,512,41.51,37.9,30.45,30.52,26.06,28.69,26.69,61.34,61.11,69.95,32.73,51.15
107,112,"<a target=""_blank"" style=""text-decoration: underline"" href=""https://huggingface.co/Snowflake/snowflake-arctic-embed-l"">snowflake-arctic-embed-l</a>",334,1.24,1024,512,41.49,47.46,38.29,37.54,32.65,31.47,28.94,46.02,62.43,57.86,37.82,35.91
174,113,"<a target=""_blank"" style=""text-decoration: underline"" href=""https://huggingface.co/intfloat/multilingual-e5-large"">multilingual-e5-large</a>",560,2.09,1024,514,41.23,44.31,38.43,35.5,33.3,31.7,29.76,46.91,63.0,58.37,32.9,39.4
221,114,"<a target=""_blank"" style=""text-decoration: underline"" href=""https://huggingface.co/nthakur/contriever-base-msmarco"">contriever-base-msmarco</a>",110,0.41,768,512,41.1,42.61,32.32,34.97,29.08,31.19,27.27,54.89,57.58,63.15,32.25,46.82
56,115,"<a target=""_blank"" style=""text-decoration: underline"" href=""https://huggingface.co/KeyurRamoliya/multilingual-e5-large-GGUF"">multilingual-e5-large-GGUF</a>",,,,,41.06,44.31,38.43,35.34,33.5,31.48,29.71,46.54,63.22,57.53,32.69,38.91
47,116,"<a target=""_blank"" style=""text-decoration: underline"" href=""https://huggingface.co/Hum-Works/lodestone-base-4096-v1"">lodestone-base-4096-v1</a>",69,0.26,768,4096,40.9,42.32,31.28,37.42,29.32,34.68,30.34,50.76,55.02,59.66,32.11,47.01
111,117,"<a target=""_blank"" style=""text-decoration: underline"" href=""https://huggingface.co/Snowflake/snowflake-arctic-embed-s"">snowflake-arctic-embed-s</a>",33,0.12,384,512,40.88,44.94,35.87,35.68,30.47,30.79,27.95,50.47,60.54,60.7,33.98,38.28
193,118,"<a target=""_blank"" style=""text-decoration: underline"" href=""https://huggingface.co/lixsh6/MegatronBert-1B3-embedding"">MegatronBert-1B3-embedding</a>",,,,,40.86,47.03,38.38,38.98,34.94,33.98,31.67,42.72,56.93,53.6,32.87,38.38
68,119,"<a target=""_blank"" style=""text-decoration: underline"" href=""https://huggingface.co/McGill-NLP/LLM2Vec-Llama-2-7b-chat-hf-mntp-unsup-simcse"">LLM2Vec-Llama-2-unsupervised</a>",6607,24.61,4096,4096,40.83,47.81,40.53,38.12,31.25,30.94,28.04,42.84,60.1,65.12,33.61,30.76
146,120,"<a target=""_blank"" style=""text-decoration: underline"" href=""https://huggingface.co/deepfile/embedder-100p"">embedder-100p</a>",278,1.04,768,514,40.83,42.9,32.45,37.24,29.75,36.65,32.57,50.62,54.44,54.26,32.52,45.7
182,121,"<a target=""_blank"" style=""text-decoration: underline"" href=""https://huggingface.co/izhx/udever-bloom-7b1"">udever-bloom-7b1</a>",7069,26.33,4096,2048,40.81,45.66,38.42,35.54,32.19,30.95,28.87,47.9,55.95,60.27,32.34,40.81
180,122,"<a target=""_blank"" style=""text-decoration: underline"" href=""https://huggingface.co/izhx/udever-bloom-3b"">udever-bloom-3b</a>",3003,11.19,2560,2048,40.74,45.37,36.52,36.52,31.98,31.71,28.8,49.71,55.07,59.42,31.7,41.29
125,123,"<a target=""_blank"" style=""text-decoration: underline"" href=""https://huggingface.co/aimlresearch2023/snowflake-arctic-embed-m-v1.5-Q8_0-GGUF"">snowflake-arctic-embed-m-v1.5-Q8_0-GGUF</a>",,,,,40.71,44.95,34.12,35.27,28.41,31.14,27.01,51.86,61.81,61.24,33.81,38.14
110,124,"<a target=""_blank"" style=""text-decoration: underline"" href=""https://huggingface.co/Snowflake/snowflake-arctic-embed-m-v1.5"">snowflake-arctic-embed-m-v1.5</a>",109,0.41,768,512,40.71,44.95,34.12,35.27,28.41,31.14,27.01,51.86,61.81,61.24,33.81,38.14
76,125,"<a target=""_blank"" style=""text-decoration: underline"" href=""https://huggingface.co/Mihaiii/Ivysaur"">Ivysaur</a>",23,0.08,384,512,40.7,46.39,35.41,38.98,31.74,33.13,30.29,47.53,56.03,53.87,33.57,40.77
72,126,"<a target=""_blank"" style=""text-decoration: underline"" href=""https://huggingface.co/McGill-NLP/LLM2Vec-Mistral-7B-Instruct-v2-mntp-unsup-simcse"">LLM2Vec-Mistral-unsupervised</a>",7111,26.49,4096,32768,40.63,47.56,39.92,36.14,30.26,30.11,26.93,41.83,62.08,67.34,34.5,30.26
286,127,"<a target=""_blank"" style=""text-decoration: underline"" href=""https://huggingface.co/yessilver/new_model"">new_model</a>",,,,,40.54,43.24,36.49,35.56,31.02,31.7,27.76,49.16,61.55,56.77,32.04,40.7
126,128,"<a target=""_blank"" style=""text-decoration: underline"" href=""https://huggingface.co/amazon/Titan-text-embeddings-v2"">Titan-text-embeddings-v2</a>",,,,,40.4,41.78,34.13,35.01,31.0,29.71,28.0,49.53,59.71,60.73,34.64,40.12
90,129,"<a target=""_blank"" style=""text-decoration: underline"" href=""https://huggingface.co/Muennighoff/SGPT-5.8B-weightedmean-msmarco-specb-bitfit"">SGPT-5.8B-weightedmean-msmarco-specb-bitfit</a>",5874,21.88,4096,2048,40.34,45.59,38.86,36.55,33.7,31.51,28.76,40.45,55.75,59.21,33.95,39.46
219,130,"<a target=""_blank"" style=""text-decoration: underline"" href=""https://huggingface.co/nomic-ai/nomic-embed-text-v1.5"">nomic-embed-text-v1.5-64</a>",138,0.51,64,8192,40.31,41.8,32.41,34.81,28.59,32.73,29.91,50.31,56.57,57.99,33.64,44.61
256,131,"<a target=""_blank"" style=""text-decoration: underline"" href=""https://huggingface.co/sentence-transformers/sentence-t5-base"">sentence-t5-base</a>",110,0.41,768,512,40.21,39.28,27.26,33.99,22.92,33.2,26.13,52.93,59.67,63.13,35.68,48.1
190,132,"<a target=""_blank"" style=""text-decoration: underline"" href=""https://huggingface.co/jinaai/jina-embeddings-v2-small-en"">jina-embeddings-v2-small-en</a>",33,0.12,512,8192,40.08,44.02,35.16,35.57,29.07,31.86,27.51,49.28,57.09,55.35,34.42,41.57
202,133,"<a target=""_blank"" style=""text-decoration: underline"" href=""https://huggingface.co/mgoin/all-MiniLM-L6-v2-ds"">all-MiniLM-L6-v2-ds</a>",,,,,39.94,46.19,36.91,38.59,32.32,32.55,29.92,45.63,53.37,47.28,34.25,42.38
86,134,"<a target=""_blank"" style=""text-decoration: underline"" href=""https://huggingface.co/Muennighoff/SGPT-1.3B-weightedmean-msmarco-specb-bitfit"">SGPT-1.3B-weightedmean-msmarco-specb-bitfit</a>",1341,4.99,2048,2048,39.92,43.38,33.71,35.06,30.71,32.08,29.45,48.23,53.18,60.86,32.36,40.06
172,135,"<a target=""_blank"" style=""text-decoration: underline"" href=""https://huggingface.co/intfloat/e5-small-v2"">e5-small-v2</a>",33,0.12,384,512,39.92,42.12,34.8,35.89,30.05,31.34,27.88,45.72,59.66,58.51,31.98,41.13
89,136,"<a target=""_blank"" style=""text-decoration: underline"" href=""https://huggingface.co/Muennighoff/SGPT-2.7B-weightedmean-msmarco-specb-bitfit"">SGPT-2.7B-weightedmean-msmarco-specb-bitfit</a>",2685,10.0,2560,2048,39.83,44.72,35.08,34.41,30.53,31.35,28.77,46.47,54.17,59.19,32.57,40.89
171,137,"<a target=""_blank"" style=""text-decoration: underline"" href=""https://huggingface.co/intfloat/e5-small"">e5-small</a>",33,0.12,384,512,39.73,44.14,37.14,36.1,31.51,31.31,28.32,43.27,57.22,59.6,30.82,37.65
173,138,"<a target=""_blank"" style=""text-decoration: underline"" href=""https://huggingface.co/intfloat/multilingual-e5-base"">multilingual-e5-base</a>",278,1.04,768,514,39.62,43.35,36.0,37.55,30.33,30.6,28.73,43.15,61.69,55.31,33.51,35.55
83,139,"<a target=""_blank"" style=""text-decoration: underline"" href=""https://huggingface.co/Mihaiii/gte-micro-v4"">gte-micro-v4</a>",19,0.07,384,512,39.54,42.86,32.48,36.83,29.24,32.55,30.8,48.28,53.56,55.07,31.92,41.37
129,140,"<a target=""_blank"" style=""text-decoration: underline"" href=""https://huggingface.co/avsolatorio/GIST-all-MiniLM-L6-v2"">GIST-all-MiniLM-L6-v2</a>",23,0.08,384,512,39.48,45.31,35.45,38.38,31.09,33.35,29.79,44.12,48.68,53.11,33.91,41.13
113,141,"<a target=""_blank"" style=""text-decoration: underline"" href=""https://huggingface.co/TaylorAI/bge-micro"">bge-micro</a>",17,0.06,384,512,39.46,44.6,34.48,37.13,29.72,31.98,29.26,45.27,54.47,53.11,34.67,39.37
226,142,"<a target=""_blank"" style=""text-decoration: underline"" href=""https://huggingface.co/piaopiao0095/jina-embeddings-v2-base-es-Q5_K_M-GGUF"">jina-embeddings-v2-base-es-Q5_K_M-GGUF</a>",,,,,39.29,41.55,32.19,35.17,28.89,32.19,28.78,48.28,56.03,55.39,33.57,40.2
189,143,"<a target=""_blank"" style=""text-decoration: underline"" href=""https://huggingface.co/jinaai/jina-embeddings-v2-base-es"">jina-embeddings-v2-base-es</a>",161,0.6,768,8192,39.29,41.55,32.19,35.17,28.89,32.19,28.78,48.28,56.03,55.39,33.57,40.2
114,144,"<a target=""_blank"" style=""text-decoration: underline"" href=""https://huggingface.co/TaylorAI/bge-micro-v2"">bge-micro-v2</a>",17,0.06,384,512,39.18,44.53,33.25,36.11,28.06,31.56,28.13,45.46,55.16,54.51,34.07,40.19
61,145,"<a target=""_blank"" style=""text-decoration: underline"" href=""https://huggingface.co/Lajavaness/bilingual-embedding-small"">bilingual-embedding-small</a>",118,0.44,384,512,39.16,41.76,31.63,36.01,28.77,31.27,28.97,47.39,58.38,52.47,33.63,40.52
179,146,"<a target=""_blank"" style=""text-decoration: underline"" href=""https://huggingface.co/izhx/udever-bloom-1b1"">udever-bloom-1b1</a>",,,1536,2048,39.11,44.52,34.45,35.25,30.71,29.43,28.87,44.52,53.61,57.11,31.91,39.8
187,147,"<a target=""_blank"" style=""text-decoration: underline"" href=""https://huggingface.co/jinaai/jina-embeddings-v2-base-de"">jina-embeddings-v2-base-de</a>",161,0.6,768,8192,38.99,41.43,32.09,34.97,28.78,31.33,28.76,47.75,54.88,55.38,33.08,40.48
138,148,"<a target=""_blank"" style=""text-decoration: underline"" href=""https://huggingface.co/chris-code/jina-embeddings-v2-base-de-Q8_0-GGUF"">jina-embeddings-v2-base-de-Q8_0-GGUF</a>",,,,,38.99,41.43,32.09,34.97,28.78,31.33,28.76,47.75,54.88,55.38,33.08,40.48
63,149,"<a target=""_blank"" style=""text-decoration: underline"" href=""https://huggingface.co/MAY-A/jina-embeddings-v2-base-de-Q5_K_M-GGUF"">jina-embeddings-v2-base-de-Q5_K_M-GGUF</a>",,,,,38.99,41.43,32.09,34.97,28.78,31.33,28.76,47.75,54.88,55.38,33.08,40.48
135,150,"<a target=""_blank"" style=""text-decoration: underline"" href=""https://huggingface.co/bigscience/sgpt-bloom-7b1-msmarco"">sgpt-bloom-7b1-msmarco</a>",,,,,38.93,44.59,38.03,36.03,32.48,31.05,29.26,35.53,54.52,55.13,34.31,37.28
112,151,"<a target=""_blank"" style=""text-decoration: underline"" href=""https://huggingface.co/Snowflake/snowflake-arctic-embed-xs"">snowflake-arctic-embed-xs</a>",23,0.08,384,512,38.86,43.5,32.09,34.48,26.14,30.57,26.22,48.32,57.84,57.49,34.58,36.28
248,152,"<a target=""_blank"" style=""text-decoration: underline"" href=""https://huggingface.co/sentence-transformers/gtr-t5-base"">gtr-t5-base</a>",110,0.41,768,512,38.63,35.49,27.18,27.66,23.25,27.57,25.13,56.13,58.53,64.21,33.01,46.72
255,153,"<a target=""_blank"" style=""text-decoration: underline"" href=""https://huggingface.co/sentence-transformers/paraphrase-multilingual-mpnet-base-v2"">paraphrase-multilingual-mpnet-base-v2</a>",278,1.04,768,514,38.4,37.78,31.68,33.09,29.6,31.96,31.7,45.24,51.31,52.98,32.94,44.1
212,154,"<a target=""_blank"" style=""text-decoration: underline"" href=""https://huggingface.co/neuralmagic/bge-small-en-v1.5-sparse"">bge-small-en-v1.5-sparse</a>",,,,,38.37,43.11,34.41,34.7,28.84,30.49,28.8,42.86,54.27,53.09,33.15,38.35
127,155,"<a target=""_blank"" style=""text-decoration: underline"" href=""https://huggingface.co/andersonbcdefg/bge-small-4096"">bge-small-4096</a>",35,0.13,384,4096,38.03,43.85,29.59,37.8,26.76,32.54,28.05,43.68,54.33,51.77,33.31,36.65
143,156,"<a target=""_blank"" style=""text-decoration: underline"" href=""https://huggingface.co/consciousAI/cai-stellaris-text-embeddings"">cai-stellaris-text-embeddings</a>",53,0.2,768,514,37.92,42.01,31.41,34.73,29.28,31.77,30.94,43.09,56.54,48.23,34.76,34.36
276,157,"<a target=""_blank"" style=""text-decoration: underline"" href=""https://huggingface.co/vprelovac/universal-sentence-encoder-large-5"">universal-sentence-encoder-large-5</a>",,,,,37.82,34.72,25.27,28.39,20.52,30.27,24.58,56.93,58.95,60.85,33.14,42.43
252,158,"<a target=""_blank"" style=""text-decoration: underline"" href=""https://huggingface.co/sentence-transformers/msmarco-bert-co-condensor"">msmarco-bert-co-condensor</a>",110,0.41,768,512,37.64,36.94,29.03,32.35,28.16,30.23,27.01,48.04,53.53,59.54,30.48,38.68
75,159,"<a target=""_blank"" style=""text-decoration: underline"" href=""https://huggingface.co/Mihaiii/Bulbasaur"">Bulbasaur</a>",17,0.06,384,512,37.6,40.28,31.06,35.18,28.18,30.4,28.79,45.93,51.44,52.18,30.67,39.44
299,160,"<a target=""_blank"" style=""text-decoration: underline"" href=""https://openai.com/blog/introducing-text-and-code-embeddings"">text-similarity-ada-001</a>",,,1024,2046,37.52,41.49,28.47,36.86,27.55,31.09,26.5,42.47,58.1,53.52,30.43,36.26
74,161,"<a target=""_blank"" style=""text-decoration: underline"" href=""https://huggingface.co/McGill-NLP/LLM2Vec-Sheared-LLaMA-mntp-unsup-simcse"">LLM2Vec-Sheared-Llama-unsupervised</a>",1280,4.77,2048,4096,37.45,42.92,35.2,35.02,27.21,30.15,26.96,38.67,53.42,59.35,31.47,31.54
176,162,"<a target=""_blank"" style=""text-decoration: underline"" href=""https://huggingface.co/intfloat/multilingual-e5-small"">multilingual-e5-small</a>",118,0.44,384,512,37.22,39.22,30.8,35.84,27.35,30.72,27.0,40.12,59.49,53.32,31.87,33.67
185,163,"<a target=""_blank"" style=""text-decoration: underline"" href=""https://huggingface.co/jinaai/jina-embedding-l-en-v1"">jina-embedding-l-en-v1</a>",335,1.25,1024,512,37.15,40.51,31.58,33.56,28.44,30.12,25.26,45.05,55.14,45.24,33.37,40.42
254,164,"<a target=""_blank"" style=""text-decoration: underline"" href=""https://huggingface.co/sentence-transformers/paraphrase-multilingual-MiniLM-L12-v2"">paraphrase-multilingual-MiniLM-L12-v2</a>",118,0.44,384,512,37.15,38.33,31.55,33.79,29.41,31.0,30.85,42.64,50.1,49.29,31.67,39.99
66,165,"<a target=""_blank"" style=""text-decoration: underline"" href=""https://huggingface.co/Marqo/multilingual-e5-small"">multilingual-e5-small</a>",118,0.44,384,512,37.08,39.22,30.8,35.75,27.05,30.9,27.26,39.13,58.98,53.52,32.07,33.22
91,166,"<a target=""_blank"" style=""text-decoration: underline"" href=""https://huggingface.co/Muennighoff/SGPT-5.8B-weightedmean-nli-bitfit"">SGPT-5.8B-weightedmean-nli-bitfit</a>",5874,21.88,4096,2048,36.98,40.55,32.49,33.59,29.13,30.33,28.02,42.17,48.02,54.13,31.12,37.2
181,167,"<a target=""_blank"" style=""text-decoration: underline"" href=""https://huggingface.co/izhx/udever-bloom-560m"">udever-bloom-560m</a>",,,1024,2048,36.89,40.27,32.0,33.27,28.65,27.85,27.71,41.34,51.2,54.51,31.12,37.88
80,168,"<a target=""_blank"" style=""text-decoration: underline"" href=""https://huggingface.co/Mihaiii/gte-micro"">gte-micro</a>",17,0.06,384,512,35.96,35.24,31.09,30.2,27.38,27.17,27.52,45.62,47.87,52.62,30.05,40.79
184,169,"<a target=""_blank"" style=""text-decoration: underline"" href=""https://huggingface.co/jinaai/jina-embedding-b-en-v1"">jina-embedding-b-en-v1</a>",110,0.41,768,512,35.88,39.25,29.08,32.2,26.63,29.6,25.01,42.85,52.55,48.07,31.36,38.06
87,170,"<a target=""_blank"" style=""text-decoration: underline"" href=""https://huggingface.co/Muennighoff/SGPT-125M-weightedmean-msmarco-specb-bitfit"">SGPT-125M-weightedmean-msmarco-specb-bitfit</a>",138,0.51,768,2048,35.79,39.71,28.24,33.63,27.04,31.37,26.87,40.23,49.09,52.74,32.66,32.13
84,171,"<a target=""_blank"" style=""text-decoration: underline"" href=""https://huggingface.co/Mihaiii/test24"">test24</a>",17,0.06,384,512,35.78,41.21,30.2,35.62,25.4,31.42,27.14,39.24,52.2,46.43,34.31,30.43
275,172,"<a target=""_blank"" style=""text-decoration: underline"" href=""https://huggingface.co/vprelovac/universal-sentence-encoder-4"">universal-sentence-encoder-4</a>",,,,,35.71,35.13,23.46,31.17,18.81,28.88,23.31,49.72,57.92,54.64,31.58,38.23
150,173,"<a target=""_blank"" style=""text-decoration: underline"" href=""https://huggingface.co/djovak/multi-qa-MiniLM-L6-cos-v1"">multi-qa-MiniLM-L6-cos-v1</a>",23,0.09,384,512,35.67,37.75,27.7,30.24,22.67,28.41,26.14,46.29,50.95,48.08,33.35,40.79
278,174,"<a target=""_blank"" style=""text-decoration: underline"" href=""https://huggingface.co/vprelovac/universal-sentence-encoder-multilingual-large-3"">universal-sentence-encoder-multilingual-large-3</a>",,,512,512,35.06,34.75,22.62,28.75,20.14,31.2,25.8,46.17,56.53,49.34,33.4,36.93
277,175,"<a target=""_blank"" style=""text-decoration: underline"" href=""https://huggingface.co/vprelovac/universal-sentence-encoder-multilingual-3"">universal-sentence-encoder-multilingual-3</a>",,,512,512,34.82,33.72,23.99,30.88,21.05,28.68,24.25,43.82,58.37,47.83,33.01,37.47
244,176,"<a target=""_blank"" style=""text-decoration: underline"" href=""https://huggingface.co/sentence-transformers/allenai-specter"">allenai-specter</a>",110,0.41,768,512,34.06,44.75,35.27,39.52,34.53,35.04,31.66,24.13,35.06,39.01,31.46,24.22
265,177,"<a target=""_blank"" style=""text-decoration: underline"" href=""https://huggingface.co/technicolor/Angle_BERT"">Angle_BERT</a>",109,0.41,768,512,33.47,35.33,27.66,30.95,24.81,27.35,25.59,40.32,45.99,48.26,28.87,33.07
227,178,"<a target=""_blank"" style=""text-decoration: underline"" href=""https://huggingface.co/princeton-nlp/sup-simcse-bert-base-uncased"">sup-simcse-bert-base-uncased</a>",110,0.41,768,512,33.43,35.18,27.54,30.15,24.67,26.25,24.12,40.23,47.74,47.55,29.45,34.86
272,179,"<a target=""_blank"" style=""text-decoration: underline"" href=""https://huggingface.co/twadada/nmc-nignore15"">nmc-nignore15</a>",,,,,33.24,34.91,24.41,32.21,23.52,29.5,25.33,39.42,47.05,42.04,29.74,37.54
273,180,"<a target=""_blank"" style=""text-decoration: underline"" href=""https://huggingface.co/twadada/nmc-nignore30"">nmc-nignore30</a>",,,,,33.21,35.45,24.27,32.43,23.55,29.53,26.07,39.19,47.01,40.69,29.69,37.4
85,181,"<a target=""_blank"" style=""text-decoration: underline"" href=""https://huggingface.co/Mihaiii/test25"">test25</a>",17,0.06,384,512,33.15,37.86,28.84,32.09,23.55,28.54,24.73,35.54,47.43,46.54,30.88,28.68
79,182,"<a target=""_blank"" style=""text-decoration: underline"" href=""https://huggingface.co/Mihaiii/Wartortle"">Wartortle</a>",17,0.06,384,512,32.91,35.84,27.3,32.35,24.06,28.24,25.34,35.92,46.08,45.31,29.91,31.69
274,183,"<a target=""_blank"" style=""text-decoration: underline"" href=""https://huggingface.co/twadada/nmc-nignore50"">nmc-nignore50</a>",,,,,32.56,35.49,24.39,32.12,23.27,29.67,25.87,36.77,46.78,39.59,29.72,34.53
186,184,"<a target=""_blank"" style=""text-decoration: underline"" href=""https://huggingface.co/jinaai/jina-embedding-s-en-v1"">jina-embedding-s-en-v1</a>",35,0.13,512,512,32.56,34.17,23.99,28.51,20.94,27.24,23.27,37.95,49.91,46.35,31.46,34.39
307,185,"<a target=""_blank"" style=""text-decoration: underline"" href=""https://www.elastic.co/guide/en/machine-learning/current/ml-nlp-elser.html"">elser-v2</a>",110,0.41,30522,512,32.28,35.27,23.18,31.13,26.78,24.65,24.21,38.74,51.92,42.7,28.7,27.82
29,186,"<a target=""_blank"" style=""text-decoration: underline"" href=""https://huggingface.co/ClayAtlas/winberta-base"">winberta-base</a>",,,,,31.67,33.7,23.04,32.7,23.28,31.94,28.05,30.83,46.29,39.44,32.61,26.54
88,187,"<a target=""_blank"" style=""text-decoration: underline"" href=""https://huggingface.co/Muennighoff/SGPT-125M-weightedmean-nli-bitfit"">SGPT-125M-weightedmean-nli-bitfit</a>",138,0.51,768,2048,30.95,34.74,24.68,28.93,23.08,28.3,24.93,33.76,41.01,44.59,28.23,28.24
271,188,"<a target=""_blank"" style=""text-decoration: underline"" href=""https://huggingface.co/twadada/nmc-300-w75k-b10k"">nmc-300-w75k-b10k</a>",,,,,30.65,32.37,22.61,30.51,21.01,27.4,24.3,34.9,43.16,37.79,29.17,33.96
262,189,"<a target=""_blank"" style=""text-decoration: underline"" href=""https://huggingface.co/shibing624/text2vec-base-multilingual"">text2vec-base-multilingual</a>",118,0.44,384,512,30.61,32.32,25.5,28.99,23.2,29.44,26.16,31.25,43.3,34.36,30.64,31.58
77,190,"<a target=""_blank"" style=""text-decoration: underline"" href=""https://huggingface.co/Mihaiii/Squirtle"">Squirtle</a>",16,0.06,384,512,30.21,33.04,24.68,30.86,21.1,27.17,23.78,31.45,43.69,39.16,29.18,28.23
134,191,"<a target=""_blank"" style=""text-decoration: underline"" href=""https://huggingface.co/bert-base-uncased"">bert-base-uncased</a>",110,0.41,768,512,30.12,35.19,27.51,30.12,24.77,26.09,23.6,27.24,43.32,43.58,26.55,23.35
270,192,"<a target=""_blank"" style=""text-decoration: underline"" href=""https://huggingface.co/twadada/nmc-300-w50k-b10k"">nmc-300-w50k-b10k</a>",,,,,29.87,31.72,22.01,29.53,19.57,27.08,23.54,33.06,42.69,36.47,29.14,33.79
240,193,"<a target=""_blank"" style=""text-decoration: underline"" href=""https://huggingface.co/sentence-transformers/LaBSE"">LaBSE</a>",471,1.75,768,512,29.55,32.13,22.05,29.84,20.57,30.13,24.82,28.79,49.14,35.43,28.83,23.28
228,194,"<a target=""_blank"" style=""text-decoration: underline"" href=""https://huggingface.co/princeton-nlp/unsup-simcse-bert-base-uncased"">unsup-simcse-bert-base-uncased</a>",110,0.41,768,512,29.04,32.61,24.68,24.9,19.55,23.6,21.97,32.18,45.14,43.07,28.5,23.21
78,195,"<a target=""_blank"" style=""text-decoration: underline"" href=""https://huggingface.co/Mihaiii/Venusaur"">Venusaur</a>",16,0.06,384,512,28.01,31.76,21.06,29.84,18.34,27.42,22.41,26.71,44.14,32.84,27.48,26.09
245,196,"<a target=""_blank"" style=""text-decoration: underline"" href=""https://huggingface.co/sentence-transformers/average_word_embeddings_glove.6B.300d"">glove.6B.300d</a>",120,0.45,300,N/A,27.73,32.56,23.14,29.27,19.18,26.12,20.38,28.46,35.82,35.8,28.51,25.83
246,197,"<a target=""_blank"" style=""text-decoration: underline"" href=""https://huggingface.co/sentence-transformers/average_word_embeddings_komninos"">komninos</a>",134,0.5,300,N/A,26.57,34.73,26.01,29.76,20.71,26.65,21.5,28.84,7.37,39.04,30.23,27.42
156,198,"<a target=""_blank"" style=""text-decoration: underline"" href=""https://huggingface.co/facebook/SONAR"">SONAR</a>",,,,,26.2,26.81,24.35,20.62,19.08,19.06,19.8,28.52,38.63,46.33,20.57,24.41
261,199,"<a target=""_blank"" style=""text-decoration: underline"" href=""https://huggingface.co/sergeyzh/rubert-tiny-turbo"">rubert-tiny-turbo</a>",29,0.11,312,2048,23.75,24.83,16.68,20.0,12.67,20.79,18.18,26.28,40.48,33.51,27.98,19.9
269,200,"<a target=""_blank"" style=""text-decoration: underline"" href=""https://huggingface.co/thtang/ALL_862873"">ALL_862873</a>",118,0.44,384,512,18.0,14.79,12.25,13.94,9.79,15.7,14.89,18.38,27.1,23.66,27.34,20.17
11,201,"<a target=""_blank"" style=""text-decoration: underline"" href=""https://github.com/facebookresearch/LASER"">LASER2</a>",43,0.16,1024,N/A,15.28,17.77,12.39,12.4,8.83,17.91,16.63,9.96,26.42,15.79,18.63,11.38
281,202,"<a target=""_blank"" style=""text-decoration: underline"" href=""https://huggingface.co/w601sxs/b1ade-embed-kd_3"">b1ade-embed-kd_3</a>",335,1.25,1024,512,0.41000000000000003,0.44,0.37,0.36,0.31,0.32,0.29,0.5,0.55,0.58,0.30000000000000004,0.46
2,203,"<a target=""_blank"" style=""text-decoration: underline"" href=""https://docs.aws.amazon.com/bedrock/latest/userguide/embeddings.html"">titan-embed-text-v1</a>",,,1536,8000,,,,,,,,,,,,
3,204,"<a target=""_blank"" style=""text-decoration: underline"" href=""https://docs.mistral.ai/guides/embeddings"">mistral-embed</a>",,,1024,,,,,,,,,,,,,
4,205,"<a target=""_blank"" style=""text-decoration: underline"" href=""https://docs.voyageai.com/embeddings/"">voyage-2</a>",,,1024,1024,,,,,,,,,,,,
5,206,"<a target=""_blank"" style=""text-decoration: underline"" href=""https://docs.voyageai.com/embeddings/"">voyage-code-2</a>",,,1536,16000,,,,,,,,,,,,
7,207,"<a target=""_blank"" style=""text-decoration: underline"" href=""https://docs.voyageai.com/embeddings/"">voyage-law-2</a>",,,1024,16000,,,,,,,,,,,,
10,208,"<a target=""_blank"" style=""text-decoration: underline"" href=""https://docs.voyageai.com/embeddings/"">voyage-multilingual-2</a>",,,1024,32000,,,,,,,,,,,,
13,210,"<a target=""_blank"" style=""text-decoration: underline"" href=""https://huggingface.co/AdrienB134/llm2vec-croissant-mntp"">llm2vec-croissant-mntp</a>",1280,4.77,2048,2048,,,,,,,,,,,,
24,212,"<a target=""_blank"" style=""text-decoration: underline"" href=""https://huggingface.co/BAAI/bge-m3"">bge-m3</a>",567,2.11,1024,8192,,,,,,,,,,,,
28,213,"<a target=""_blank"" style=""text-decoration: underline"" href=""https://huggingface.co/BeastyZ/e5-R-mistral-7b"">e5-R-mistral-7b</a>",7242,26.98,4096,32768,,,,,,,,,,,,
37,216,"<a target=""_blank"" style=""text-decoration: underline"" href=""https://huggingface.co/DeepPavlov/distilrubert-small-cased-conversational"">distilrubert-small-cased-conversational</a>",106,0.39,768,512,,,,,,,,,,,,
38,217,"<a target=""_blank"" style=""text-decoration: underline"" href=""https://huggingface.co/DeepPavlov/rubert-base-cased"">rubert-base-cased</a>",180,0.67,768,512,,,,,,,,,,,,
39,218,"<a target=""_blank"" style=""text-decoration: underline"" href=""https://huggingface.co/DeepPavlov/rubert-base-cased-sentence"">rubert-base-cased-sentence</a>",180,0.67,768,512,,,,,,,,,,,,
40,219,"<a target=""_blank"" style=""text-decoration: underline"" href=""https://huggingface.co/Forbu14/openai_clip_embeddings"">openai_clip_embeddings</a>",,,,,,,,29.33,27.81,,,,,,,
41,220,"<a target=""_blank"" style=""text-decoration: underline"" href=""https://huggingface.co/Gameselo/STS-multilingual-mpnet-base-v2"">STS-multilingual-mpnet-base-v2</a>",278,1.04,768,514,,,,,,,,,,,,
42,221,"<a target=""_blank"" style=""text-decoration: underline"" href=""https://huggingface.co/Geotrend/bert-base-10lang-cased"">bert-base-10lang-cased</a>",138,0.51,768,512,,,,,,,,,,,,
43,222,"<a target=""_blank"" style=""text-decoration: underline"" href=""https://huggingface.co/Geotrend/bert-base-15lang-cased"">bert-base-15lang-cased</a>",138,0.51,768,512,,,,,,,,,,,,
44,223,"<a target=""_blank"" style=""text-decoration: underline"" href=""https://huggingface.co/Geotrend/bert-base-25lang-cased"">bert-base-25lang-cased</a>",138,0.51,768,512,,,,,,,,,,,,
54,230,"<a target=""_blank"" style=""text-decoration: underline"" href=""https://huggingface.co/Jaume/gemma-2b-embeddings"">gemma-2b-embeddings</a>",2506,9.34,2048,8192,,,,,,,,,,,,
60,231,"<a target=""_blank"" style=""text-decoration: underline"" href=""https://huggingface.co/Lajavaness/bilingual-embedding-large-8k"">bilingual-embedding-large-8k</a>",568,2.12,1024,8194,,,,,,,,,,,,
81,234,"<a target=""_blank"" style=""text-decoration: underline"" href=""https://huggingface.co/Mihaiii/gte-micro-v2"">gte-micro-v2</a>",17,0.06,384,512,,41.14,31.79,,,,,,,,,
82,235,"<a target=""_blank"" style=""text-decoration: underline"" href=""https://huggingface.co/Mihaiii/gte-micro-v3"">gte-micro-v3</a>",17,0.06,384,512,,41.14,31.79,,,,,,,,,
92,236,"<a target=""_blank"" style=""text-decoration: underline"" href=""https://huggingface.co/Omartificial-Intelligence-Space/Arabert-all-nli-triplet-Matryoshka"">Arabert-all-nli-triplet-Matryoshka</a>",135,0.5,768,512,,,,,,,,,,,,
93,237,"<a target=""_blank"" style=""text-decoration: underline"" href=""https://huggingface.co/Omartificial-Intelligence-Space/Arabic-MiniLM-L12-v2-all-nli-triplet"">Arabic-MiniLM-L12-v2-all-nli-triplet</a>",118,0.44,384,512,,,,,,,,,,,,
94,238,"<a target=""_blank"" style=""text-decoration: underline"" href=""https://huggingface.co/Omartificial-Intelligence-Space/Arabic-all-nli-triplet-Matryoshka"">Arabic-all-nli-triplet-Matryoshka</a>",278,1.04,768,514,,,,,,,,,,,,
95,239,"<a target=""_blank"" style=""text-decoration: underline"" href=""https://huggingface.co/Omartificial-Intelligence-Space/Arabic-labse-Matryoshka"">Arabic-labse-Matryoshka</a>",471,1.75,768,512,,,,,,,,,,,,
96,240,"<a target=""_blank"" style=""text-decoration: underline"" href=""https://huggingface.co/Omartificial-Intelligence-Space/Arabic-mpnet-base-all-nli-triplet"">Arabic-mpnet-base-all-nli-triplet</a>",109,0.41,768,514,,,,,,,,,,,,
97,241,"<a target=""_blank"" style=""text-decoration: underline"" href=""https://huggingface.co/Omartificial-Intelligence-Space/Marbert-all-nli-triplet-Matryoshka"">Marbert-all-nli-triplet-Matryoshka</a>",163,0.61,768,512,,,,,,,,,,,,
98,242,"<a target=""_blank"" style=""text-decoration: underline"" href=""https://huggingface.co/OrdalieTech/Solon-embeddings-large-0.1"">Solon-embeddings-large-0.1</a>",560,2.09,1024,514,,,,,,,,,,,,
99,243,"<a target=""_blank"" style=""text-decoration: underline"" href=""https://huggingface.co/OrlikB/st-polish-kartonberta-base-alpha-v1"">st-polish-kartonberta-base-alpha-v1</a>",124,0.46,768,514,,,,,,,,,,,,
105,245,"<a target=""_blank"" style=""text-decoration: underline"" href=""https://huggingface.co/Shimin/LLaMA-embeeding"">LLaMA-embeeding</a>",,,,,,,30.15,,24.29,,23.01,21.29,,35.55,,18.35
106,246,"<a target=""_blank"" style=""text-decoration: underline"" href=""https://huggingface.co/Shimin/yiyouliao"">yiyouliao</a>",,,,,,,,,,31.38,30.28,,50.51,51.79,30.15,41.38
117,247,"<a target=""_blank"" style=""text-decoration: underline"" href=""https://huggingface.co/Wissam42/sentence-croissant-llm-base"">sentence-croissant-llm-base</a>",1280,4.77,2048,2048,,,,,,,,,,,,
120,248,"<a target=""_blank"" style=""text-decoration: underline"" href=""https://huggingface.co/aari1995/German_Semantic_STS_V2"">German_Semantic_STS_V2</a>",336,1.25,1024,512,,,,,,,,,,,,
122,249,"<a target=""_blank"" style=""text-decoration: underline"" href=""https://huggingface.co/ai-forever/ru-en-RoSBERTa"">ru-en-RoSBERTa</a>",404,1.5,1024,514,,,,,,,,,,,,
123,250,"<a target=""_blank"" style=""text-decoration: underline"" href=""https://huggingface.co/ai-forever/sbert_large_mt_nlu_ru"">sbert_large_mt_nlu_ru</a>",427,1.59,1024,514,,,,,,,,,,,,
124,251,"<a target=""_blank"" style=""text-decoration: underline"" href=""https://huggingface.co/ai-forever/sbert_large_nlu_ru"">sbert_large_nlu_ru</a>",427,1.59,1024,512,,,,,,,,,,,,
136,252,"<a target=""_blank"" style=""text-decoration: underline"" href=""https://huggingface.co/biswa921/bge-m3"">bge-m3</a>",567,2.11,1024,8192,,39.41,,,,,,,,,,
139,253,"<a target=""_blank"" style=""text-decoration: underline"" href=""https://huggingface.co/cointegrated/LaBSE-en-ru"">LaBSE-en-ru</a>",129,0.48,768,512,,,,,,,,,,,,
140,254,"<a target=""_blank"" style=""text-decoration: underline"" href=""https://huggingface.co/cointegrated/rubert-tiny"">rubert-tiny</a>",12,0.04,512,514,,,,,,,,,,,,
141,255,"<a target=""_blank"" style=""text-decoration: underline"" href=""https://huggingface.co/cointegrated/rubert-tiny2"">rubert-tiny2</a>",29,0.11,2048,514,,,,,,,,,,,,
144,257,"<a target=""_blank"" style=""text-decoration: underline"" href=""https://huggingface.co/dangvantuan/sentence-camembert-base"">sentence-camembert-base</a>",110,0.41,768,512,,,,,,,,,,,,
145,258,"<a target=""_blank"" style=""text-decoration: underline"" href=""https://huggingface.co/dangvantuan/sentence-camembert-large"">sentence-camembert-large</a>",337,1.26,1024,512,,,,,,,,,,,,
147,259,"<a target=""_blank"" style=""text-decoration: underline"" href=""https://huggingface.co/deepvk/USER-base"">USER-base</a>",124,0.46,768,512,,,,,,,,,,,,
148,260,"<a target=""_blank"" style=""text-decoration: underline"" href=""https://huggingface.co/deepvk/USER-bge-m3"">USER-bge-m3</a>",359,1.34,1024,8192,,,,,,,,,,,,
149,261,"<a target=""_blank"" style=""text-decoration: underline"" href=""https://huggingface.co/deepvk/deberta-v1-base"">deberta-v1-base</a>",124,0.46,768,512,,,,,,,,,,,,
152,262,"<a target=""_blank"" style=""text-decoration: underline"" href=""https://huggingface.co/dumyy/sft-bge-small"">sft-bge-small</a>",24,0.09,512,512,,,,,,,,,,,,
157,263,"<a target=""_blank"" style=""text-decoration: underline"" href=""https://huggingface.co/flaubert/flaubert_base_cased"">flaubert_base_cased</a>",138,0.51,768,512,,,,,,,,,,,,
158,264,"<a target=""_blank"" style=""text-decoration: underline"" href=""https://huggingface.co/flaubert/flaubert_base_uncased"">flaubert_base_uncased</a>",138,0.51,768,512,,,,,,,,,,,,
159,265,"<a target=""_blank"" style=""text-decoration: underline"" href=""https://huggingface.co/flaubert/flaubert_large_cased"">flaubert_large_cased</a>",372,1.39,1024,512,,,,,,,,,,,,
160,266,"<a target=""_blank"" style=""text-decoration: underline"" href=""https://huggingface.co/google-bert/bert-base-multilingual-cased"">bert-base-multilingual-cased</a>",179,0.67,768,512,,,,,,,,,,,,
161,267,"<a target=""_blank"" style=""text-decoration: underline"" href=""https://huggingface.co/google-bert/bert-base-multilingual-uncased"">bert-base-multilingual-uncased</a>",168,0.63,768,512,,,,,,,,,,,,
177,268,"<a target=""_blank"" style=""text-decoration: underline"" href=""https://huggingface.co/ipipan/herbert-base-retrieval-v2"">herbert-base-retrieval-v2</a>",125,0.47,768,514,,,,,,,,,,,,
178,269,"<a target=""_blank"" style=""text-decoration: underline"" href=""https://huggingface.co/ipipan/silver-retriever-base-v1"">silver-retriever-base-v1</a>",125,0.47,768,514,,,,,,,,,,,,
197,270,"<a target=""_blank"" style=""text-decoration: underline"" href=""https://huggingface.co/manu/bge-m3-custom-fr"">bge-m3-custom-fr</a>",568,2.12,1024,8194,,,,,,,,,,,,
198,271,"<a target=""_blank"" style=""text-decoration: underline"" href=""https://huggingface.co/manu/sentence_croissant_alpha_v0.1"">sentence_croissant_alpha_v0.1</a>",1280,4.77,2048,2048,,,,,,,,,,,,
199,272,"<a target=""_blank"" style=""text-decoration: underline"" href=""https://huggingface.co/manu/sentence_croissant_alpha_v0.2"">sentence_croissant_alpha_v0.2</a>",1280,4.77,2048,2048,,,,,,,,,,,,
200,273,"<a target=""_blank"" style=""text-decoration: underline"" href=""https://huggingface.co/manu/sentence_croissant_alpha_v0.3"">sentence_croissant_alpha_v0.3</a>",1280,4.77,2048,2048,,,,,,,,,,,,
201,274,"<a target=""_blank"" style=""text-decoration: underline"" href=""https://huggingface.co/manu/sentence_croissant_alpha_v0.4"">sentence_croissant_alpha_v0.4</a>",1280,4.77,2048,2048,,,,,,,,,,,,
206,276,"<a target=""_blank"" style=""text-decoration: underline"" href=""https://huggingface.co/mukaj/fin-mpnet-base"">fin-mpnet-base</a>",109,0.41,768,514,,,,,,,,,,,,
224,279,"<a target=""_blank"" style=""text-decoration: underline"" href=""https://huggingface.co/nvidia/NV-Retriever-v1"">NV-Retriever-v1</a>",7111,26.49,4096,512,,,,,,,,,,,,
225,280,"<a target=""_blank"" style=""text-decoration: underline"" href=""https://huggingface.co/openbmb/MiniCPM-Embedding"">MiniCPM-Embedding</a>",2725,10.15,2304,2048,,,,,,,,,,,,
229,281,"<a target=""_blank"" style=""text-decoration: underline"" href=""https://huggingface.co/qinxianliu/FAE-v1"">FAE-v1</a>",335,1.25,1024,512,,,,,,,,,,,,
233,282,"<a target=""_blank"" style=""text-decoration: underline"" href=""https://huggingface.co/sdadas/mmlw-e5-base"">mmlw-e5-base</a>",278,1.04,768,514,,,,,,,,,,,,
234,283,"<a target=""_blank"" style=""text-decoration: underline"" href=""https://huggingface.co/sdadas/mmlw-e5-large"">mmlw-e5-large</a>",560,2.09,1024,514,,,,,,,,,,,,
235,284,"<a target=""_blank"" style=""text-decoration: underline"" href=""https://huggingface.co/sdadas/mmlw-e5-small"">mmlw-e5-small</a>",118,0.44,384,512,,,,,,,,,,,,
236,285,"<a target=""_blank"" style=""text-decoration: underline"" href=""https://huggingface.co/sdadas/mmlw-roberta-base"">mmlw-roberta-base</a>",124,0.46,768,514,,,,,,,,,,,,
237,286,"<a target=""_blank"" style=""text-decoration: underline"" href=""https://huggingface.co/sdadas/mmlw-roberta-large"">mmlw-roberta-large</a>",435,1.62,1024,514,,,,,,,,,,,,
238,287,"<a target=""_blank"" style=""text-decoration: underline"" href=""https://huggingface.co/sdadas/st-polish-paraphrase-from-distilroberta"">st-polish-paraphrase-from-distilroberta</a>",125,0.47,768,514,,,,,,,,,,,,
239,288,"<a target=""_blank"" style=""text-decoration: underline"" href=""https://huggingface.co/sdadas/st-polish-paraphrase-from-mpnet"">st-polish-paraphrase-from-mpnet</a>",125,0.47,768,514,,,,,,,,,,,,
247,289,"<a target=""_blank"" style=""text-decoration: underline"" href=""https://huggingface.co/sentence-transformers/distiluse-base-multilingual-cased-v2"">distiluse-base-multilingual-cased-v2</a>",135,0.5,512,512,,33.59,,,,,,,,,,
253,290,"<a target=""_blank"" style=""text-decoration: underline"" href=""https://huggingface.co/sentence-transformers/multi-qa-MiniLM-L6-cos-v1"">multi-qa-MiniLM-L6-cos-v1</a>",23,0.09,384,512,,,,,,,,,,,,
260,291,"<a target=""_blank"" style=""text-decoration: underline"" href=""https://huggingface.co/sergeyzh/LaBSE-ru-turbo"">LaBSE-ru-turbo</a>",128,0.48,768,512,,,,,,,,,,,,
264,293,"<a target=""_blank"" style=""text-decoration: underline"" href=""https://huggingface.co/tanmaylaud/ret-phi2-v0"">ret-phi2-v0</a>",2649,9.87,2560,2048,,,,,,,,,,,,
283,294,"<a target=""_blank"" style=""text-decoration: underline"" href=""https://huggingface.co/xlm-roberta-base"">xlm-roberta-base</a>",279,1.04,768,514,,,,,,,,,,,,
284,295,"<a target=""_blank"" style=""text-decoration: underline"" href=""https://huggingface.co/xlm-roberta-large"">xlm-roberta-large</a>",560,2.09,1024,514,,,,,,,,,,,,
285,296,"<a target=""_blank"" style=""text-decoration: underline"" href=""https://huggingface.co/yco/bilingual-embedding-base"">bilingual-embedding-base</a>",278,1.04,768,514,,,,,,,,,,,,
292,300,"<a target=""_blank"" style=""text-decoration: underline"" href=""https://huggingface.co/zhou-xl/bi-cse"">bi-cse</a>",560,2.09,1024,514,,,,,,,,,,,,
294,301,"<a target=""_blank"" style=""text-decoration: underline"" href=""https://openai.com/blog/introducing-text-and-code-embeddings"">text-search-ada-001</a>",,,1024,2046,,,,,26.05,,25.67,,,,,44.92
295,302,"<a target=""_blank"" style=""text-decoration: underline"" href=""https://openai.com/blog/introducing-text-and-code-embeddings"">text-search-ada-doc-001</a>",,,1024,2046,,,,,,,,,,,,32.92
296,303,"<a target=""_blank"" style=""text-decoration: underline"" href=""https://openai.com/blog/introducing-text-and-code-embeddings"">text-search-babbage-001</a>",,,2048,2046,,,,,,,,,,,,
297,304,"<a target=""_blank"" style=""text-decoration: underline"" href=""https://openai.com/blog/introducing-text-and-code-embeddings"">text-search-curie-001</a>",,,4096,2046,,,,,,,,,,,,
298,305,"<a target=""_blank"" style=""text-decoration: underline"" href=""https://openai.com/blog/introducing-text-and-code-embeddings"">text-search-davinci-001</a>",,,12288,2046,,,,,,,,,,,,
300,306,"<a target=""_blank"" style=""text-decoration: underline"" href=""https://openai.com/blog/introducing-text-and-code-embeddings"">text-similarity-babbage-001</a>",,,2048,2046,,,,,,,,45.64,,53.01,,42.01
301,307,"<a target=""_blank"" style=""text-decoration: underline"" href=""https://openai.com/blog/introducing-text-and-code-embeddings"">text-similarity-curie-001</a>",,,4096,2046,,,,,,,,40.79,,55.14,,37.64
302,308,"<a target=""_blank"" style=""text-decoration: underline"" href=""https://openai.com/blog/introducing-text-and-code-embeddings"">text-similarity-davinci-001</a>",,,12288,2046,,,,,,,,31.78,,36.86,,29.33
