index,Rank,Model,Model Size (Million Parameters),"Memory Usage (GB, fp32)",Embedding Dimensions,Max Tokens,Average (56 datasets),Classification Average (12 datasets),Clustering Average (11 datasets),PairClassification Average (3 datasets),Reranking Average (4 datasets),Retrieval Average (15 datasets),STS Average (10 datasets),Summarization Average (1 datasets)
223,1,"<a target=""_blank"" style=""text-decoration: underline"" href=""https://huggingface.co/nvidia/NV-Embed-v2"">NV-Embed-v2</a>",7851,29.25,4096,32768,72.31,90.37,58.46,88.67,60.65,62.65,84.31,30.7
22,2,"<a target=""_blank"" style=""text-decoration: underline"" href=""https://huggingface.co/BAAI/bge-en-icl"">bge-en-icl</a>",7111,26.49,4096,32768,71.67,88.95,57.89,88.14,59.86,62.16,84.24,30.77
153,3,"<a target=""_blank"" style=""text-decoration: underline"" href=""https://huggingface.co/dunzhang/stella_en_1.5B_v5"">stella_en_1.5B_v5</a>",1543,5.75,8192,131072,71.19,87.63,57.69,88.07,61.21,61.01,84.51,31.49
102,4,"<a target=""_blank"" style=""text-decoration: underline"" href=""https://huggingface.co/Salesforce/SFR-Embedding-2_R"">SFR-Embedding-2_R</a>",7111,26.49,4096,32768,70.31,89.05,56.17,88.07,60.14,60.18,81.26,30.71
17,5,"<a target=""_blank"" style=""text-decoration: underline"" href=""https://huggingface.co/Alibaba-NLP/gte-Qwen2-7B-instruct"">gte-Qwen2-7B-instruct</a>",7613,28.36,3584,131072,70.24,86.58,56.92,85.79,61.42,60.25,83.04,31.35
27,6,"<a target=""_blank"" style=""text-decoration: underline"" href=""https://huggingface.co/BN7002/gte-Qwen2-7B-instruct-Q4_K_M-GGUF"">gte-Qwen2-7B-instruct-Q4_K_M-GGUF</a>",,,,,70.24,86.58,56.92,85.79,61.42,60.25,83.04,31.35
154,7,"<a target=""_blank"" style=""text-decoration: underline"" href=""https://huggingface.co/dunzhang/stella_en_400M_v5"">stella_en_400M_v5</a>",435,1.62,8192,8192,70.11,86.67,56.7,87.74,60.16,58.97,84.22,31.66
25,8,"<a target=""_blank"" style=""text-decoration: underline"" href=""https://huggingface.co/BAAI/bge-multilingual-gemma2"">bge-multilingual-gemma2</a>",9242,34.43,3584,8192,69.88,88.08,54.65,85.84,59.72,59.24,83.88,31.2
222,9,"<a target=""_blank"" style=""text-decoration: underline"" href=""https://huggingface.co/nvidia/NV-Embed-v1"">NV-Embed-v1</a>",7851,29.25,4096,32768,69.32,87.35,52.8,86.91,60.54,59.36,82.84,31.2
6,10,"<a target=""_blank"" style=""text-decoration: underline"" href=""https://docs.voyageai.com/embeddings/"">voyage-large-2-instruct</a>",,,1024,16000,68.23,81.49,53.35,89.25,60.09,58.28,84.31,30.84
62,11,"<a target=""_blank"" style=""text-decoration: underline"" href=""https://huggingface.co/Linq-AI-Research/Linq-Embed-Mistral"">Linq-Embed-Mistral</a>",7111,26.49,4096,32768,68.17,80.2,51.42,88.35,60.29,60.19,84.97,30.98
103,12,"<a target=""_blank"" style=""text-decoration: underline"" href=""https://huggingface.co/Salesforce/SFR-Embedding-Mistral"">SFR-Embedding-Mistral</a>",7111,26.49,4096,32768,67.56,78.33,51.67,88.54,60.64,59.0,85.05,31.16
291,13,"<a target=""_blank"" style=""text-decoration: underline"" href=""https://huggingface.co/zeta-alpha-ai/Zeta-Alpha-E5-Mistral"">Zeta-Alpha-E5-Mistral</a>",7111,26.49,4096,32768,67.55,78.77,51.89,88.19,59.02,59.5,84.24,31.42
15,14,"<a target=""_blank"" style=""text-decoration: underline"" href=""https://huggingface.co/Alibaba-NLP/gte-Qwen1.5-7B-instruct"">gte-Qwen1.5-7B-instruct</a>",7099,26.45,4096,32768,67.35,79.6,55.83,87.41,60.13,56.24,82.42,31.46
16,15,"<a target=""_blank"" style=""text-decoration: underline"" href=""https://huggingface.co/Alibaba-NLP/gte-Qwen2-1.5B-instruct"">gte-Qwen2-1.5B-instruct</a>",1776,6.62,1536,131072,67.16,82.47,48.75,87.51,59.98,58.29,82.73,31.17
36,16,"<a target=""_blank"" style=""text-decoration: underline"" href=""https://huggingface.co/DecisionOptimizationSystemProduction/DeepFeatTextEmbeddingLarge"">DeepFeatTextEmbeddingLarge</a>",1776,6.62,1536,131072,67.16,82.47,48.75,87.51,59.98,58.29,82.73,31.17
9,17,"<a target=""_blank"" style=""text-decoration: underline"" href=""https://docs.voyageai.com/embeddings/"">voyage-lite-02-instruct</a>",1220,4.54,1024,4000,67.13,79.25,52.42,86.87,58.24,56.6,85.79,31.01
45,18,"<a target=""_blank"" style=""text-decoration: underline"" href=""https://huggingface.co/GritLM/GritLM-7B"">GritLM-7B</a>",7240,26.97,,4096,66.58,78.65,50.61,87.29,60.48,57.36,83.35,30.39
170,19,"<a target=""_blank"" style=""text-decoration: underline"" href=""https://huggingface.co/intfloat/e5-mistral-7b-instruct"">e5-mistral-7b-instruct</a>",7111,26.49,4096,32768,66.4,77.37,50.26,88.42,60.21,56.87,84.62,31.53
1,20,"<a target=""_blank"" style=""text-decoration: underline"" href=""https://cloud.google.com/vertex-ai/generative-ai/docs/embeddings/get-text-embeddings#latest_models"">google-gecko.text-embedding-preview-0409</a>",1200,4.47,768,2048,66.31,81.17,47.48,87.61,58.9,55.7,85.07,32.63
230,21,"<a target=""_blank"" style=""text-decoration: underline"" href=""https://huggingface.co/raghavlight/TDTE"">TDTE</a>",,,,,65.96,77.17,47.86,88.27,60.46,57.05,84.82,30.83
46,22,"<a target=""_blank"" style=""text-decoration: underline"" href=""https://huggingface.co/GritLM/GritLM-8x7B"">GritLM-8x7B</a>",46703,173.98,4096,32768,65.66,78.53,50.14,84.97,59.8,55.09,83.26,29.82
191,23,"<a target=""_blank"" style=""text-decoration: underline"" href=""https://huggingface.co/jinaai/jina-embeddings-v3"">jina-embeddings-v3</a>",572,2.13,1024,8194,65.51,82.58,45.21,84.01,58.13,53.88,85.81,29.71
19,24,"<a target=""_blank"" style=""text-decoration: underline"" href=""https://huggingface.co/Alibaba-NLP/gte-large-en-v1.5"">gte-large-en-v1.5</a>",434,1.62,1024,8192,65.39,77.75,47.96,84.53,58.5,57.91,81.43,30.91
69,25,"<a target=""_blank"" style=""text-decoration: underline"" href=""https://huggingface.co/McGill-NLP/LLM2Vec-Meta-Llama-3-8B-Instruct-mntp-supervised"">LLM2Vec-Meta-Llama-3-supervised</a>",7505,27.96,4096,8192,65.01,75.92,46.45,87.79,59.68,56.63,83.58,30.94
71,26,"<a target=""_blank"" style=""text-decoration: underline"" href=""https://huggingface.co/McGill-NLP/LLM2Vec-Mistral-7B-Instruct-v2-mntp-supervised"">LLM2Vec-Mistral-supervised</a>",7111,26.49,4096,32768,64.8,76.63,45.54,87.99,58.42,55.99,84.09,29.96
192,27,"<a target=""_blank"" style=""text-decoration: underline"" href=""https://huggingface.co/jspringer/echo-mistral-7b-instruct-lasttoken"">echo-mistral-7b-instruct-lasttoken</a>",7111,26.49,4096,32768,64.68,77.43,46.32,87.34,58.14,55.52,82.56,30.73
204,28,"<a target=""_blank"" style=""text-decoration: underline"" href=""https://huggingface.co/mixedbread-ai/mxbai-embed-large-v1"">mxbai-embed-large-v1</a>",335,1.25,1024,512,64.68,75.64,46.71,87.2,60.11,54.39,85.0,32.71
116,29,"<a target=""_blank"" style=""text-decoration: underline"" href=""https://huggingface.co/WhereIsAI/UAE-Large-V1"">UAE-Large-V1</a>",335,1.25,1024,512,64.64,75.58,46.73,87.25,59.88,54.66,84.54,32.03
305,30,"<a target=""_blank"" style=""text-decoration: underline"" href=""https://openai.com/blog/new-embedding-models-and-api-updates"">text-embedding-3-large</a>",,,3072,8191,64.59,75.45,49.01,85.72,59.16,55.44,81.73,29.92
8,31,"<a target=""_blank"" style=""text-decoration: underline"" href=""https://docs.voyageai.com/embeddings/"">voyage-lite-01-instruct</a>",,,1024,4000,64.49,74.79,47.4,86.57,59.74,55.58,82.93,30.97
33,32,"<a target=""_blank"" style=""text-decoration: underline"" href=""https://huggingface.co/Cohere/Cohere-embed-english-v3.0"">Cohere-embed-english-v3.0</a>",,,1024,512,64.47,76.49,47.43,85.84,58.01,55.0,82.62,30.18
0,33,"<a target=""_blank"" style=""text-decoration: underline"" href=""https://cloud.google.com/vertex-ai/generative-ai/docs/embeddings/get-text-embeddings#latest_models"">google-gecko-256.text-embedding-preview-0409</a>",1200,4.47,256,2048,64.37,79.0,45.07,87.29,57.78,52.44,84.93,32.36
130,34,"<a target=""_blank"" style=""text-decoration: underline"" href=""https://huggingface.co/avsolatorio/GIST-large-Embedding-v0"">GIST-large-Embedding-v0</a>",335,1.25,1024,512,64.34,76.01,46.55,86.7,60.05,53.44,84.59,30.96
23,35,"<a target=""_blank"" style=""text-decoration: underline"" href=""https://huggingface.co/BAAI/bge-large-en-v1.5"">bge-large-en-v1.5</a>",335,1.25,1024,512,64.23,75.97,46.08,87.12,60.03,54.29,83.11,31.61
279,36,"<a target=""_blank"" style=""text-decoration: underline"" href=""https://huggingface.co/w601sxs/b1ade-embed"">b1ade-embed</a>",335,1.25,1024,512,64.21,75.16,46.46,87.07,60.0,53.3,85.04,31.93
57,37,"<a target=""_blank"" style=""text-decoration: underline"" href=""https://huggingface.co/Labib11/MUG-B-1.6"">MUG-B-1.6</a>",335,1.25,1024,512,64.2,74.5,46.93,87.14,59.97,53.46,84.99,32.12
67,38,"<a target=""_blank"" style=""text-decoration: underline"" href=""https://huggingface.co/McGill-NLP/LLM2Vec-Llama-2-7b-chat-hf-mntp-supervised"">LLM2Vec-Llama-2-supervised</a>",6607,24.61,4096,4096,64.14,76.33,45.24,88.03,57.38,54.6,83.73,28.49
18,39,"<a target=""_blank"" style=""text-decoration: underline"" href=""https://huggingface.co/Alibaba-NLP/gte-base-en-v1.5"">gte-base-en-v1.5</a>",137,0.51,768,8192,64.11,77.17,46.82,85.33,57.66,54.09,81.97,31.17
35,40,"<a target=""_blank"" style=""text-decoration: underline"" href=""https://huggingface.co/Cohere/Cohere-embed-multilingual-v3.0"">Cohere-embed-multilingual-v3.0</a>",,,1024,512,64.01,76.01,46.6,86.15,57.86,53.84,83.15,30.99
128,41,"<a target=""_blank"" style=""text-decoration: underline"" href=""https://huggingface.co/avsolatorio/GIST-Embedding-v0"">GIST-Embedding-v0</a>",109,0.41,768,512,63.71,76.03,46.21,86.32,59.37,52.31,83.51,30.87
175,42,"<a target=""_blank"" style=""text-decoration: underline"" href=""https://huggingface.co/intfloat/multilingual-e5-large-instruct"">multilingual-e5-large-instruct</a>",560,2.09,1024,514,63.61,73.32,47.07,86.24,58.92,52.64,85.03,30.46
21,43,"<a target=""_blank"" style=""text-decoration: underline"" href=""https://huggingface.co/BAAI/bge-base-en-v1.5"">bge-base-en-v1.5</a>",109,0.41,768,512,63.56,75.53,45.81,86.55,58.86,53.25,82.4,31.07
196,44,"<a target=""_blank"" style=""text-decoration: underline"" href=""https://huggingface.co/llmrails/ember-v1"">ember-v1</a>",335,1.25,1024,512,63.54,75.99,45.58,87.37,60.04,51.92,83.34,30.82
183,45,"<a target=""_blank"" style=""text-decoration: underline"" href=""https://huggingface.co/jamesgpt1/sf_model_e5"">sf_model_e5</a>",335,1.25,1024,512,63.34,73.96,46.61,86.85,59.86,51.8,83.85,31.61
203,46,"<a target=""_blank"" style=""text-decoration: underline"" href=""https://huggingface.co/mixedbread-ai/mxbai-embed-2d-large-v1"">mxbai-embed-2d-large-v1</a>",335,1.25,1024,512,63.25,74.14,46.07,85.89,58.94,51.42,84.9,31.55
267,47,"<a target=""_blank"" style=""text-decoration: underline"" href=""https://huggingface.co/thenlper/gte-large"">gte-large</a>",335,1.25,1024,512,63.13,73.33,46.84,85.0,59.13,52.22,83.35,31.66
132,48,"<a target=""_blank"" style=""text-decoration: underline"" href=""https://huggingface.co/avsolatorio/NoInstruct-small-Embedding-v0"">NoInstruct-small-Embedding-v0</a>",33,0.12,384,512,63.12,75.97,44.95,84.99,58.3,51.99,83.0,30.6
131,49,"<a target=""_blank"" style=""text-decoration: underline"" href=""https://huggingface.co/avsolatorio/GIST-small-Embedding-v0"">GIST-small-Embedding-v0</a>",33,0.12,384,512,62.72,76.11,44.82,84.68,58.56,50.43,83.03,31.14
165,50,"<a target=""_blank"" style=""text-decoration: underline"" href=""https://huggingface.co/infgrad/stella-base-en-v2"">stella-base-en-v2</a>",55,0.2,768,512,62.61,75.28,44.9,86.45,58.78,50.1,83.02,32.52
266,51,"<a target=""_blank"" style=""text-decoration: underline"" href=""https://huggingface.co/thenlper/gte-base"">gte-base</a>",109,0.41,768,512,62.39,73.01,46.2,84.57,58.61,51.14,82.3,31.17
213,52,"<a target=""_blank"" style=""text-decoration: underline"" href=""https://huggingface.co/nomic-ai/nomic-embed-text-v1"">nomic-embed-text-v1</a>",137,0.51,768,8192,62.39,74.12,43.91,85.15,55.69,52.81,82.06,30.08
220,53,"<a target=""_blank"" style=""text-decoration: underline"" href=""https://huggingface.co/nomic-ai/nomic-embed-text-v1.5"">nomic-embed-text-v1.5</a>",137,0.51,768,8192,62.28,73.55,43.93,84.61,55.78,53.01,81.94,30.4
306,54,"<a target=""_blank"" style=""text-decoration: underline"" href=""https://openai.com/blog/new-embedding-models-and-api-updates"">text-embedding-3-small</a>",,,1536,8191,62.26,73.21,46.65,85.04,56.72,51.08,81.58,31.12
169,55,"<a target=""_blank"" style=""text-decoration: underline"" href=""https://huggingface.co/intfloat/e5-large-v2"">e5-large-v2</a>",335,1.25,1024,512,62.2,75.24,44.26,86.03,56.61,50.56,82.05,30.19
26,56,"<a target=""_blank"" style=""text-decoration: underline"" href=""https://huggingface.co/BAAI/bge-small-en-v1.5"">bge-small-en-v1.5</a>",33,0.12,384,512,62.17,74.14,43.82,84.92,58.36,51.68,81.59,30.12
32,57,"<a target=""_blank"" style=""text-decoration: underline"" href=""https://huggingface.co/Cohere/Cohere-embed-english-light-v3.0"">Cohere-embed-english-light-v3.0</a>",,,,,62.01,74.31,44.64,85.05,56.09,51.34,80.92,31.29
304,58,"<a target=""_blank"" style=""text-decoration: underline"" href=""https://openai.com/blog/new-embedding-models-and-api-updates"">text-embedding-3-large-256</a>",,,256,8191,62.0,71.97,46.23,84.22,57.99,51.66,81.04,29.92
218,59,"<a target=""_blank"" style=""text-decoration: underline"" href=""https://huggingface.co/nomic-ai/nomic-embed-text-v1.5"">nomic-embed-text-v1.5-512</a>",138,0.51,512,8192,61.96,73.24,43.71,84.59,55.65,52.4,81.7,30.47
73,60,"<a target=""_blank"" style=""text-decoration: underline"" href=""https://huggingface.co/McGill-NLP/LLM2Vec-Sheared-LLaMA-mntp-supervised"">LLM2Vec-Sheared-Llama-supervised</a>",1280,4.77,2048,4096,61.85,72.21,43.57,86.21,55.38,51.44,83.58,30.01
164,61,"<a target=""_blank"" style=""text-decoration: underline"" href=""https://huggingface.co/hkunlp/instructor-xl"">instructor-xl</a>",1241,4.62,768,512,61.79,73.12,44.74,86.62,57.29,49.26,83.06,32.32
118,62,"<a target=""_blank"" style=""text-decoration: underline"" href=""https://huggingface.co/YanshekWoo/kalm-embedding-multilingual-mini"">kalm-embedding-multilingual-mini</a>",,,,,61.62,72.4,45.22,83.94,55.74,50.65,82.12,28.81
163,63,"<a target=""_blank"" style=""text-decoration: underline"" href=""https://huggingface.co/hkunlp/instructor-large"">instructor-large</a>",335,1.25,768,512,61.59,73.86,45.29,85.89,57.54,47.57,83.15,31.84
167,64,"<a target=""_blank"" style=""text-decoration: underline"" href=""https://huggingface.co/intfloat/e5-base-v2"">e5-base-v2</a>",110,0.41,768,512,61.56,73.84,44.1,85.73,55.91,50.29,81.05,30.28
155,65,"<a target=""_blank"" style=""text-decoration: underline"" href=""https://huggingface.co/dwzhu/e5-base-4k"">e5-base-4k</a>",112,0.42,768,4096,61.5,73.84,43.8,85.73,55.91,50.29,81.05,30.28
56,66,"<a target=""_blank"" style=""text-decoration: underline"" href=""https://huggingface.co/KeyurRamoliya/multilingual-e5-large-GGUF"">multilingual-e5-large-GGUF</a>",,,,,61.5,74.81,41.06,84.75,55.86,51.43,81.56,29.69
168,67,"<a target=""_blank"" style=""text-decoration: underline"" href=""https://huggingface.co/intfloat/e5-large"">e5-large</a>",335,1.25,1024,512,61.42,73.14,43.33,85.94,56.53,49.99,82.06,30.97
20,68,"<a target=""_blank"" style=""text-decoration: underline"" href=""https://huggingface.co/Alibaba-NLP/gte-multilingual-base"">gte-multilingual-base</a>",305,1.14,768,8192,61.4,70.89,44.31,84.24,57.47,51.08,82.11,30.58
214,69,"<a target=""_blank"" style=""text-decoration: underline"" href=""https://huggingface.co/nomic-ai/nomic-embed-text-v1-ablated"">nomic-embed-text-v1-ablated</a>",137,0.51,768,8192,61.36,73.65,43.7,84.59,53.32,51.43,80.22,31.28
268,70,"<a target=""_blank"" style=""text-decoration: underline"" href=""https://huggingface.co/thenlper/gte-small"">gte-small</a>",33,0.12,384,512,61.36,72.31,44.89,83.54,57.7,49.46,82.07,30.42
217,71,"<a target=""_blank"" style=""text-decoration: underline"" href=""https://huggingface.co/nomic-ai/nomic-embed-text-v1.5"">nomic-embed-text-v1.5-256</a>",138,0.51,256,8192,61.04,72.1,43.16,84.09,55.18,50.81,81.34,30.05
303,72,"<a target=""_blank"" style=""text-decoration: underline"" href=""https://openai.com/blog/new-and-improved-embedding-model"">text-embedding-ada-002</a>",,,1536,8191,60.99,70.93,45.9,84.89,56.32,49.25,80.97,30.8
174,73,"<a target=""_blank"" style=""text-decoration: underline"" href=""https://huggingface.co/intfloat/multilingual-e5-large"">multilingual-e5-large</a>",560,2.09,1024,514,60.89,71.77,41.23,84.75,55.96,51.4,81.62,29.64
182,74,"<a target=""_blank"" style=""text-decoration: underline"" href=""https://huggingface.co/izhx/udever-bloom-7b1"">udever-bloom-7b1</a>",7069,26.33,4096,2048,60.63,72.13,40.81,85.4,55.91,49.34,83.01,30.97
166,75,"<a target=""_blank"" style=""text-decoration: underline"" href=""https://huggingface.co/intfloat/e5-base"">e5-base</a>",109,0.41,768,512,60.44,72.63,42.11,85.09,55.7,48.75,80.96,31.01
188,76,"<a target=""_blank"" style=""text-decoration: underline"" href=""https://huggingface.co/jinaai/jina-embeddings-v2-base-en"">jina-embeddings-v2-base-en</a>",137,0.51,768,8192,60.38,73.45,41.73,85.38,56.98,47.87,80.7,31.6
126,77,"<a target=""_blank"" style=""text-decoration: underline"" href=""https://huggingface.co/amazon/Titan-text-embeddings-v2"">Titan-text-embeddings-v2</a>",,,,,60.37,70.62,40.4,82.14,57.5,51.31,81.54,27.54
109,78,"<a target=""_blank"" style=""text-decoration: underline"" href=""https://huggingface.co/Snowflake/snowflake-arctic-embed-m-long"">snowflake-arctic-embed-m-long</a>",137,0.51,768,8192,60.09,68.01,41.51,82.02,55.47,54.83,77.08,31.38
287,79,"<a target=""_blank"" style=""text-decoration: underline"" href=""https://huggingface.co/yixuan-chia/snowflake-arctic-embed-m-long-Q8_0-GGUF"">snowflake-arctic-embed-m-long-Q8_0-GGUF</a>",,,,,60.09,68.01,41.51,82.02,55.47,54.83,77.08,31.38
34,80,"<a target=""_blank"" style=""text-decoration: underline"" href=""https://huggingface.co/Cohere/Cohere-embed-multilingual-light-v3.0"">Cohere-embed-multilingual-light-v3.0</a>",,,384,512,60.08,70.57,41.98,83.95,55.06,50.15,80.09,30.41
172,81,"<a target=""_blank"" style=""text-decoration: underline"" href=""https://huggingface.co/intfloat/e5-small-v2"">e5-small-v2</a>",33,0.12,384,512,59.93,72.94,39.92,84.67,54.32,49.04,80.39,31.16
180,82,"<a target=""_blank"" style=""text-decoration: underline"" href=""https://huggingface.co/izhx/udever-bloom-3b"">udever-bloom-3b</a>",3003,11.19,2560,2048,59.86,71.91,40.74,84.06,54.9,47.67,82.37,30.62
215,83,"<a target=""_blank"" style=""text-decoration: underline"" href=""https://huggingface.co/nomic-ai/nomic-embed-text-v1-unsupervised"">nomic-embed-text-v1-unsupervised</a>",137,0.51,768,8192,59.85,71.17,42.52,83.67,54.99,48.0,80.84,30.72
107,84,"<a target=""_blank"" style=""text-decoration: underline"" href=""https://huggingface.co/Snowflake/snowflake-arctic-embed-l"">snowflake-arctic-embed-l</a>",334,1.24,1024,512,59.84,67.07,41.49,80.8,55.46,55.98,75.48,30.84
108,85,"<a target=""_blank"" style=""text-decoration: underline"" href=""https://huggingface.co/Snowflake/snowflake-arctic-embed-m"">snowflake-arctic-embed-m</a>",109,0.41,768,512,59.79,68.23,41.87,81.07,55.42,54.91,75.03,30.31
110,86,"<a target=""_blank"" style=""text-decoration: underline"" href=""https://huggingface.co/Snowflake/snowflake-arctic-embed-m-v1.5"">snowflake-arctic-embed-m-v1.5</a>",109,0.41,768,512,59.55,68.79,40.71,81.36,55.94,55.14,73.63,30.36
125,87,"<a target=""_blank"" style=""text-decoration: underline"" href=""https://huggingface.co/aimlresearch2023/snowflake-arctic-embed-m-v1.5-Q8_0-GGUF"">snowflake-arctic-embed-m-v1.5-Q8_0-GGUF</a>",,,,,59.55,68.79,40.71,81.36,55.94,55.14,73.63,30.36
162,88,"<a target=""_blank"" style=""text-decoration: underline"" href=""https://huggingface.co/hkunlp/instructor-base"">instructor-base</a>",110,0.41,768,512,59.54,72.36,41.9,83.51,56.2,45.12,82.29,29.85
259,89,"<a target=""_blank"" style=""text-decoration: underline"" href=""https://huggingface.co/sentence-transformers/sentence-t5-xxl"">sentence-t5-xxl</a>",4865,18.12,768,512,59.51,73.42,43.72,85.07,56.42,42.24,82.63,30.08
216,90,"<a target=""_blank"" style=""text-decoration: underline"" href=""https://huggingface.co/nomic-ai/nomic-embed-text-v1.5"">nomic-embed-text-v1.5-128</a>",138,0.51,128,8192,59.34,69.7,42.24,83.54,54.56,47.75,80.74,29.59
195,91,"<a target=""_blank"" style=""text-decoration: underline"" href=""https://huggingface.co/lixsh6/XLM-3B5-embedding"">XLM-3B5-embedding</a>",,,,,59.29,72.25,43.48,79.23,57.12,44.99,80.47,29.02
173,92,"<a target=""_blank"" style=""text-decoration: underline"" href=""https://huggingface.co/intfloat/multilingual-e5-base"">multilingual-e5-base</a>",278,1.04,768,514,59.11,69.76,39.62,83.57,55.03,48.87,80.31,30.23
129,93,"<a target=""_blank"" style=""text-decoration: underline"" href=""https://huggingface.co/avsolatorio/GIST-all-MiniLM-L6-v2"">GIST-all-MiniLM-L6-v2</a>",23,0.08,384,512,59.0,72.72,39.48,83.39,57.95,45.12,80.72,31.22
251,94,"<a target=""_blank"" style=""text-decoration: underline"" href=""https://huggingface.co/sentence-transformers/gtr-t5-xxl"">gtr-t5-xxl</a>",4865,18.12,768,512,58.97,67.41,42.42,86.12,56.66,48.48,78.38,30.64
111,95,"<a target=""_blank"" style=""text-decoration: underline"" href=""https://huggingface.co/Snowflake/snowflake-arctic-embed-s"">snowflake-arctic-embed-s</a>",33,0.12,384,512,58.94,65.65,40.88,82.07,55.31,51.98,78.44,31.75
171,96,"<a target=""_blank"" style=""text-decoration: underline"" href=""https://huggingface.co/intfloat/e5-small"">e5-small</a>",33,0.12,384,512,58.94,71.67,39.73,85.08,54.45,46.01,80.87,31.39
90,97,"<a target=""_blank"" style=""text-decoration: underline"" href=""https://huggingface.co/Muennighoff/SGPT-5.8B-weightedmean-msmarco-specb-bitfit"">SGPT-5.8B-weightedmean-msmarco-specb-bitfit</a>",5874,21.88,4096,2048,58.93,68.13,40.34,82.0,56.56,50.25,78.1,31.46
115,98,"<a target=""_blank"" style=""text-decoration: underline"" href=""https://huggingface.co/TaylorAI/gte-tiny"">gte-tiny</a>",23,0.08,384,512,58.69,70.35,42.09,82.83,55.77,44.92,80.46,29.47
250,99,"<a target=""_blank"" style=""text-decoration: underline"" href=""https://huggingface.co/sentence-transformers/gtr-t5-xl"">gtr-t5-xl</a>",1240,4.62,768,512,58.42,67.11,41.51,86.13,55.96,47.96,77.8,30.21
179,100,"<a target=""_blank"" style=""text-decoration: underline"" href=""https://huggingface.co/izhx/udever-bloom-1b1"">udever-bloom-1b1</a>",,,1536,2048,58.29,70.17,39.11,83.11,54.28,45.27,81.52,31.1
249,101,"<a target=""_blank"" style=""text-decoration: underline"" href=""https://huggingface.co/sentence-transformers/gtr-t5-large"">gtr-t5-large</a>",168,0.63,768,512,58.28,67.14,41.6,85.32,55.36,47.42,78.19,29.5
76,102,"<a target=""_blank"" style=""text-decoration: underline"" href=""https://huggingface.co/Mihaiii/Ivysaur"">Ivysaur</a>",23,0.08,384,512,58.07,70.25,40.7,83.32,55.34,43.97,79.89,31.27
190,103,"<a target=""_blank"" style=""text-decoration: underline"" href=""https://huggingface.co/jinaai/jina-embeddings-v2-small-en"">jina-embeddings-v2-small-en</a>",33,0.12,512,8192,58.0,68.82,40.08,84.44,55.09,45.14,80.0,30.56
194,104,"<a target=""_blank"" style=""text-decoration: underline"" href=""https://huggingface.co/lixsh6/XLM-0B6-embedding"">XLM-0B6-embedding</a>",,,,,57.97,70.55,42.97,77.83,55.6,43.39,79.02,30.25
66,105,"<a target=""_blank"" style=""text-decoration: underline"" href=""https://huggingface.co/Marqo/multilingual-e5-small"">multilingual-e5-small</a>",118,0.44,384,512,57.87,70.74,37.08,82.59,53.87,46.64,79.1,29.98
258,106,"<a target=""_blank"" style=""text-decoration: underline"" href=""https://huggingface.co/sentence-transformers/sentence-t5-xl"">sentence-t5-xl</a>",1240,4.62,768,512,57.87,72.84,42.34,86.06,54.71,38.47,81.66,29.91
243,107,"<a target=""_blank"" style=""text-decoration: underline"" href=""https://huggingface.co/sentence-transformers/all-mpnet-base-v2"">all-mpnet-base-v2</a>",110,0.41,768,514,57.77,65.03,43.69,83.04,59.36,43.81,80.28,27.49
135,108,"<a target=""_blank"" style=""text-decoration: underline"" href=""https://huggingface.co/bigscience/sgpt-bloom-7b1-msmarco"">sgpt-bloom-7b1-msmarco</a>",,,,,57.59,66.19,38.93,81.9,55.65,48.22,77.74,33.6
185,109,"<a target=""_blank"" style=""text-decoration: underline"" href=""https://huggingface.co/jinaai/jina-embedding-l-en-v1"">jina-embedding-l-en-v1</a>",335,1.25,1024,512,57.38,67.76,37.15,84.8,56.42,44.81,80.96,29.85
89,110,"<a target=""_blank"" style=""text-decoration: underline"" href=""https://huggingface.co/Muennighoff/SGPT-2.7B-weightedmean-msmarco-specb-bitfit"">SGPT-2.7B-weightedmean-msmarco-specb-bitfit</a>",2685,10.0,2560,2048,57.17,67.13,39.83,80.65,54.67,46.54,76.83,31.03
257,111,"<a target=""_blank"" style=""text-decoration: underline"" href=""https://huggingface.co/sentence-transformers/sentence-t5-large"">sentence-t5-large</a>",168,0.63,768,512,57.06,72.31,41.65,84.97,54.0,36.71,81.83,29.64
176,112,"<a target=""_blank"" style=""text-decoration: underline"" href=""https://huggingface.co/intfloat/multilingual-e5-small"">multilingual-e5-small</a>",118,0.44,384,512,57.05,67.03,37.22,82.73,52.9,46.63,79.16,30.04
112,113,"<a target=""_blank"" style=""text-decoration: underline"" href=""https://huggingface.co/Snowflake/snowflake-arctic-embed-xs"">snowflake-arctic-embed-xs</a>",23,0.08,384,512,56.98,62.94,38.86,81.33,54.4,50.15,76.39,30.1
193,114,"<a target=""_blank"" style=""text-decoration: underline"" href=""https://huggingface.co/lixsh6/MegatronBert-1B3-embedding"">MegatronBert-1B3-embedding</a>",,,,,56.81,69.65,40.86,76.9,55.5,41.41,79.11,31.01
72,115,"<a target=""_blank"" style=""text-decoration: underline"" href=""https://huggingface.co/McGill-NLP/LLM2Vec-Mistral-7B-Instruct-v2-mntp-unsup-simcse"">LLM2Vec-Mistral-unsupervised</a>",7111,26.49,4096,32768,56.8,74.07,40.63,80.94,53.98,38.05,78.5,30.19
114,116,"<a target=""_blank"" style=""text-decoration: underline"" href=""https://huggingface.co/TaylorAI/bge-micro-v2"">bge-micro-v2</a>",17,0.06,384,512,56.57,68.04,39.18,82.81,54.29,42.56,78.65,29.87
241,117,"<a target=""_blank"" style=""text-decoration: underline"" href=""https://huggingface.co/sentence-transformers/all-MiniLM-L12-v2"">all-MiniLM-L12-v2</a>",33,0.12,384,512,56.53,63.21,41.81,82.46,58.44,42.69,79.8,27.9
307,118,"<a target=""_blank"" style=""text-decoration: underline"" href=""https://www.elastic.co/guide/en/machine-learning/current/ml-nlp-elser.html"">elser-v2</a>",110,0.41,30522,512,56.33,65.94,32.28,81.32,53.27,50.02,76.95,31.03
184,119,"<a target=""_blank"" style=""text-decoration: underline"" href=""https://huggingface.co/jinaai/jina-embedding-b-en-v1"">jina-embedding-b-en-v1</a>",110,0.41,768,512,56.26,66.07,35.88,83.04,55.84,44.03,79.93,30.71
70,120,"<a target=""_blank"" style=""text-decoration: underline"" href=""https://huggingface.co/McGill-NLP/LLM2Vec-Meta-Llama-3-8B-Instruct-mntp-unsup-simcse"">LLM2Vec-Meta-Llama-3-unsupervised</a>",7505,27.96,4096,8192,56.23,71.88,41.99,78.01,53.09,39.19,75.86,31.45
86,121,"<a target=""_blank"" style=""text-decoration: underline"" href=""https://huggingface.co/Muennighoff/SGPT-1.3B-weightedmean-msmarco-specb-bitfit"">SGPT-1.3B-weightedmean-msmarco-specb-bitfit</a>",1341,4.99,2048,2048,56.2,66.52,39.92,79.58,54.0,44.49,75.74,30.43
248,122,"<a target=""_blank"" style=""text-decoration: underline"" href=""https://huggingface.co/sentence-transformers/gtr-t5-base"">gtr-t5-base</a>",110,0.41,768,512,56.19,65.25,38.63,83.85,54.23,44.67,77.07,29.67
219,123,"<a target=""_blank"" style=""text-decoration: underline"" href=""https://huggingface.co/nomic-ai/nomic-embed-text-v1.5"">nomic-embed-text-v1.5-64</a>",138,0.51,64,8192,56.1,66.48,40.31,82.26,53.42,40.92,79.79,28.41
242,124,"<a target=""_blank"" style=""text-decoration: underline"" href=""https://huggingface.co/sentence-transformers/all-MiniLM-L6-v2"">all-MiniLM-L6-v2</a>",23,0.09,384,512,56.09,62.62,41.94,82.37,58.04,41.95,78.9,30.81
221,125,"<a target=""_blank"" style=""text-decoration: underline"" href=""https://huggingface.co/nthakur/contriever-base-msmarco"">contriever-base-msmarco</a>",110,0.41,768,512,56.0,66.68,41.1,82.54,53.14,41.88,76.51,30.36
181,126,"<a target=""_blank"" style=""text-decoration: underline"" href=""https://huggingface.co/izhx/udever-bloom-560m"">udever-bloom-560m</a>",,,1024,2048,55.81,68.04,36.89,81.05,52.6,41.19,79.93,32.06
113,127,"<a target=""_blank"" style=""text-decoration: underline"" href=""https://huggingface.co/TaylorAI/bge-micro"">bge-micro</a>",17,0.06,384,512,55.71,66.35,39.46,81.77,54.28,40.82,78.37,31.16
68,128,"<a target=""_blank"" style=""text-decoration: underline"" href=""https://huggingface.co/McGill-NLP/LLM2Vec-Llama-2-7b-chat-hf-mntp-unsup-simcse"">LLM2Vec-Llama-2-unsupervised</a>",6607,24.61,4096,4096,55.36,71.57,40.83,77.88,52.95,36.75,76.4,31.38
256,129,"<a target=""_blank"" style=""text-decoration: underline"" href=""https://huggingface.co/sentence-transformers/sentence-t5-base"">sentence-t5-base</a>",110,0.41,768,512,55.27,69.81,40.21,85.18,53.09,33.63,81.14,31.39
75,130,"<a target=""_blank"" style=""text-decoration: underline"" href=""https://huggingface.co/Mihaiii/Bulbasaur"">Bulbasaur</a>",17,0.06,384,512,55.04,67.9,37.6,82.69,53.49,37.94,79.18,30.97
255,131,"<a target=""_blank"" style=""text-decoration: underline"" href=""https://huggingface.co/sentence-transformers/paraphrase-multilingual-mpnet-base-v2"">paraphrase-multilingual-mpnet-base-v2</a>",278,1.04,768,514,54.72,67.9,38.4,80.81,53.8,35.34,80.77,31.57
127,132,"<a target=""_blank"" style=""text-decoration: underline"" href=""https://huggingface.co/andersonbcdefg/bge-small-4096"">bge-small-4096</a>",35,0.13,384,4096,54.42,67.8,38.03,81.4,53.64,36.08,78.59,29.83
47,133,"<a target=""_blank"" style=""text-decoration: underline"" href=""https://huggingface.co/Hum-Works/lodestone-base-4096-v1"">lodestone-base-4096-v1</a>",69,0.26,768,4096,54.24,67.3,40.9,80.4,53.95,36.99,73.7,31.23
91,134,"<a target=""_blank"" style=""text-decoration: underline"" href=""https://huggingface.co/Muennighoff/SGPT-5.8B-weightedmean-nli-bitfit"">SGPT-5.8B-weightedmean-nli-bitfit</a>",5874,21.88,4096,2048,53.74,70.14,36.98,77.03,52.33,32.34,80.53,30.38
150,135,"<a target=""_blank"" style=""text-decoration: underline"" href=""https://huggingface.co/djovak/multi-qa-MiniLM-L6-cos-v1"">multi-qa-MiniLM-L6-cos-v1</a>",23,0.09,384,512,53.29,61.67,35.67,80.86,54.58,41.17,74.23,31.05
254,136,"<a target=""_blank"" style=""text-decoration: underline"" href=""https://huggingface.co/sentence-transformers/paraphrase-multilingual-MiniLM-L12-v2"">paraphrase-multilingual-MiniLM-L12-v2</a>",118,0.44,384,512,52.59,63.8,37.15,78.45,53.62,33.37,78.96,30.67
252,137,"<a target=""_blank"" style=""text-decoration: underline"" href=""https://huggingface.co/sentence-transformers/msmarco-bert-co-condensor"">msmarco-bert-co-condensor</a>",110,0.41,768,512,52.35,64.71,37.64,81.74,51.84,32.96,76.47,29.5
186,138,"<a target=""_blank"" style=""text-decoration: underline"" href=""https://huggingface.co/jinaai/jina-embedding-s-en-v1"">jina-embedding-s-en-v1</a>",35,0.13,512,512,52.33,60.56,32.56,79.22,53.07,38.91,78.06,31.25
87,139,"<a target=""_blank"" style=""text-decoration: underline"" href=""https://huggingface.co/Muennighoff/SGPT-125M-weightedmean-msmarco-specb-bitfit"">SGPT-125M-weightedmean-msmarco-specb-bitfit</a>",138,0.51,768,2048,51.25,60.72,35.79,75.23,50.58,37.04,73.41,29.71
79,140,"<a target=""_blank"" style=""text-decoration: underline"" href=""https://huggingface.co/Mihaiii/Wartortle"">Wartortle</a>",17,0.06,384,512,50.94,65.72,32.91,80.62,50.29,29.33,78.81,30.71
272,141,"<a target=""_blank"" style=""text-decoration: underline"" href=""https://huggingface.co/twadada/nmc-nignore15"">nmc-nignore15</a>",,,,,49.85,62.7,33.24,80.13,50.04,30.11,75.07,30.7
273,142,"<a target=""_blank"" style=""text-decoration: underline"" href=""https://huggingface.co/twadada/nmc-nignore30"">nmc-nignore30</a>",,,,,49.54,61.13,33.21,80.0,49.71,30.55,74.83,30.1
299,143,"<a target=""_blank"" style=""text-decoration: underline"" href=""https://openai.com/blog/introducing-text-and-code-embeddings"">text-similarity-ada-001</a>",,,1024,2046,49.52,70.44,37.52,76.93,49.02,18.36,78.6,26.94
74,144,"<a target=""_blank"" style=""text-decoration: underline"" href=""https://huggingface.co/McGill-NLP/LLM2Vec-Sheared-LLaMA-mntp-unsup-simcse"">LLM2Vec-Sheared-Llama-unsupervised</a>",1280,4.77,2048,4096,49.42,67.67,37.45,72.21,47.7,25.93,71.61,31.23
274,145,"<a target=""_blank"" style=""text-decoration: underline"" href=""https://huggingface.co/twadada/nmc-nignore50"">nmc-nignore50</a>",,,,,49.02,59.75,32.56,79.62,49.6,30.52,74.53,29.47
227,146,"<a target=""_blank"" style=""text-decoration: underline"" href=""https://huggingface.co/princeton-nlp/sup-simcse-bert-base-uncased"">sup-simcse-bert-base-uncased</a>",110,0.41,768,512,48.93,67.32,33.43,74.89,47.54,21.82,79.12,31.17
77,147,"<a target=""_blank"" style=""text-decoration: underline"" href=""https://huggingface.co/Mihaiii/Squirtle"">Squirtle</a>",16,0.06,384,512,48.61,64.86,30.21,78.57,48.51,26.17,75.9,30.3
78,148,"<a target=""_blank"" style=""text-decoration: underline"" href=""https://huggingface.co/Mihaiii/Venusaur"">Venusaur</a>",16,0.06,384,512,48.17,67.77,28.01,80.57,49.41,25.51,72.43,29.91
271,149,"<a target=""_blank"" style=""text-decoration: underline"" href=""https://huggingface.co/twadada/nmc-300-w75k-b10k"">nmc-300-w75k-b10k</a>",,,,,48.09,62.76,30.65,78.46,48.89,26.58,74.39,29.44
270,150,"<a target=""_blank"" style=""text-decoration: underline"" href=""https://huggingface.co/twadada/nmc-300-w50k-b10k"">nmc-300-w50k-b10k</a>",,,,,47.82,62.69,29.87,78.41,48.75,26.33,74.2,30.02
88,151,"<a target=""_blank"" style=""text-decoration: underline"" href=""https://huggingface.co/Muennighoff/SGPT-125M-weightedmean-nli-bitfit"">SGPT-125M-weightedmean-nli-bitfit</a>",138,0.51,768,2048,45.97,61.46,30.95,71.78,47.56,20.9,74.71,30.26
228,152,"<a target=""_blank"" style=""text-decoration: underline"" href=""https://huggingface.co/princeton-nlp/unsup-simcse-bert-base-uncased"">unsup-simcse-bert-base-uncased</a>",110,0.41,768,512,45.62,62.5,29.04,73.47,46.47,20.29,74.33,31.15
240,153,"<a target=""_blank"" style=""text-decoration: underline"" href=""https://huggingface.co/sentence-transformers/LaBSE"">LaBSE</a>",471,1.75,768,512,45.21,62.71,29.55,78.87,48.42,18.99,70.8,31.05
246,154,"<a target=""_blank"" style=""text-decoration: underline"" href=""https://huggingface.co/sentence-transformers/average_word_embeddings_komninos"">komninos</a>",134,0.5,300,N/A,42.06,57.65,26.57,72.99,44.75,21.22,62.46,30.49
245,155,"<a target=""_blank"" style=""text-decoration: underline"" href=""https://huggingface.co/sentence-transformers/average_word_embeddings_glove.6B.300d"">glove.6B.300d</a>",120,0.45,300,N/A,42.05,57.29,27.73,72.48,43.29,21.62,61.85,28.87
156,156,"<a target=""_blank"" style=""text-decoration: underline"" href=""https://huggingface.co/facebook/SONAR"">SONAR</a>",,,,,42.02,63.42,26.2,71.4,46.18,13.47,67.23,30.56
244,157,"<a target=""_blank"" style=""text-decoration: underline"" href=""https://huggingface.co/sentence-transformers/allenai-specter"">allenai-specter</a>",110,0.41,768,512,40.28,52.37,34.06,61.37,48.1,15.88,61.02,27.66
134,158,"<a target=""_blank"" style=""text-decoration: underline"" href=""https://huggingface.co/bert-base-uncased"">bert-base-uncased</a>",110,0.41,768,512,38.33,61.66,30.12,56.33,43.44,10.59,54.36,29.82
11,159,"<a target=""_blank"" style=""text-decoration: underline"" href=""https://github.com/facebookresearch/LASER"">LASER2</a>",43,0.16,1024,N/A,35.0,53.18,15.28,69.84,41.44,7.94,63.27,26.8
2,160,"<a target=""_blank"" style=""text-decoration: underline"" href=""https://docs.aws.amazon.com/bedrock/latest/userguide/embeddings.html"">titan-embed-text-v1</a>",,,1536,8000,,,,,,,,
4,162,"<a target=""_blank"" style=""text-decoration: underline"" href=""https://docs.voyageai.com/embeddings/"">voyage-2</a>",,,1024,1024,,,,,,,,
5,163,"<a target=""_blank"" style=""text-decoration: underline"" href=""https://docs.voyageai.com/embeddings/"">voyage-code-2</a>",,,1536,16000,,,,,,,,
7,164,"<a target=""_blank"" style=""text-decoration: underline"" href=""https://docs.voyageai.com/embeddings/"">voyage-law-2</a>",,,1024,16000,,,,,,,,
10,165,"<a target=""_blank"" style=""text-decoration: underline"" href=""https://docs.voyageai.com/embeddings/"">voyage-multilingual-2</a>",,,1024,32000,,,,,,,,
12,166,"<a target=""_blank"" style=""text-decoration: underline"" href=""https://github.com/xhluca/bm25s"">bm25s</a>",,,,,,,,,,39.84,,
13,167,"<a target=""_blank"" style=""text-decoration: underline"" href=""https://huggingface.co/AdrienB134/llm2vec-croissant-mntp"">llm2vec-croissant-mntp</a>",1280,4.77,2048,2048,,,,,,,,
24,169,"<a target=""_blank"" style=""text-decoration: underline"" href=""https://huggingface.co/BAAI/bge-m3"">bge-m3</a>",567,2.11,1024,8192,,,,,,,,
28,170,"<a target=""_blank"" style=""text-decoration: underline"" href=""https://huggingface.co/BeastyZ/e5-R-mistral-7b"">e5-R-mistral-7b</a>",7242,26.98,4096,32768,,,,,,58.65,,
29,171,"<a target=""_blank"" style=""text-decoration: underline"" href=""https://huggingface.co/ClayAtlas/winberta-base"">winberta-base</a>",,,,,,,31.67,76.96,,,,
37,174,"<a target=""_blank"" style=""text-decoration: underline"" href=""https://huggingface.co/DeepPavlov/distilrubert-small-cased-conversational"">distilrubert-small-cased-conversational</a>",106,0.39,768,512,,,,,,,,
38,175,"<a target=""_blank"" style=""text-decoration: underline"" href=""https://huggingface.co/DeepPavlov/rubert-base-cased"">rubert-base-cased</a>",180,0.67,768,512,,,,,,,,
39,176,"<a target=""_blank"" style=""text-decoration: underline"" href=""https://huggingface.co/DeepPavlov/rubert-base-cased-sentence"">rubert-base-cased-sentence</a>",180,0.67,768,512,,,,,,,,
41,178,"<a target=""_blank"" style=""text-decoration: underline"" href=""https://huggingface.co/Gameselo/STS-multilingual-mpnet-base-v2"">STS-multilingual-mpnet-base-v2</a>",278,1.04,768,514,,,,,,,,
42,179,"<a target=""_blank"" style=""text-decoration: underline"" href=""https://huggingface.co/Geotrend/bert-base-10lang-cased"">bert-base-10lang-cased</a>",138,0.51,768,512,,,,,,,,
43,180,"<a target=""_blank"" style=""text-decoration: underline"" href=""https://huggingface.co/Geotrend/bert-base-15lang-cased"">bert-base-15lang-cased</a>",138,0.51,768,512,,,,,,,,
44,181,"<a target=""_blank"" style=""text-decoration: underline"" href=""https://huggingface.co/Geotrend/bert-base-25lang-cased"">bert-base-25lang-cased</a>",138,0.51,768,512,,,,,,,,
54,188,"<a target=""_blank"" style=""text-decoration: underline"" href=""https://huggingface.co/Jaume/gemma-2b-embeddings"">gemma-2b-embeddings</a>",2506,9.34,2048,8192,,,,,,,,
55,189,"<a target=""_blank"" style=""text-decoration: underline"" href=""https://huggingface.co/KeyurRamoliya/e5-large-v2-GGUF"">e5-large-v2-GGUF</a>",,,,,,75.24,44.49,86.03,56.61,,82.05,30.19
58,190,"<a target=""_blank"" style=""text-decoration: underline"" href=""https://huggingface.co/Lajavaness/bilingual-embedding-base"">bilingual-embedding-base</a>",278,1.04,768,514,,71.14,42.03,85.0,55.4,,83.0,30.26
59,191,"<a target=""_blank"" style=""text-decoration: underline"" href=""https://huggingface.co/Lajavaness/bilingual-embedding-large"">bilingual-embedding-large</a>",560,2.09,1024,514,,72.95,44.62,85.61,56.26,,86.02,31.14
60,192,"<a target=""_blank"" style=""text-decoration: underline"" href=""https://huggingface.co/Lajavaness/bilingual-embedding-large-8k"">bilingual-embedding-large-8k</a>",568,2.12,1024,8194,,,,,,,,
61,193,"<a target=""_blank"" style=""text-decoration: underline"" href=""https://huggingface.co/Lajavaness/bilingual-embedding-small"">bilingual-embedding-small</a>",118,0.44,384,512,,67.77,39.16,82.95,53.37,,81.93,29.23
63,194,"<a target=""_blank"" style=""text-decoration: underline"" href=""https://huggingface.co/MAY-A/jina-embeddings-v2-base-de-Q5_K_M-GGUF"">jina-embeddings-v2-base-de-Q5_K_M-GGUF</a>",,,,,,67.98,38.99,83.65,54.64,,82.61,31.55
64,195,"<a target=""_blank"" style=""text-decoration: underline"" href=""https://huggingface.co/ManiShankar-AlpesAi/paraphrase-multilingual-mpnet-base-v2-KE_Sieve"">paraphrase-multilingual-mpnet-base-v2-KE_Sieve</a>",,,,,,64.85,,74.53,,,75.11,
65,196,"<a target=""_blank"" style=""text-decoration: underline"" href=""https://huggingface.co/Marqo/marqo-chimera-arctic-bge-m"">marqo-chimera-arctic-bge-m</a>",,,,,,,,,,55.16,,
80,197,"<a target=""_blank"" style=""text-decoration: underline"" href=""https://huggingface.co/Mihaiii/gte-micro"">gte-micro</a>",17,0.06,384,512,,62.81,35.96,80.73,,,,
81,198,"<a target=""_blank"" style=""text-decoration: underline"" href=""https://huggingface.co/Mihaiii/gte-micro-v2"">gte-micro-v2</a>",17,0.06,384,512,,67.47,,,,,,
82,199,"<a target=""_blank"" style=""text-decoration: underline"" href=""https://huggingface.co/Mihaiii/gte-micro-v3"">gte-micro-v3</a>",17,0.06,384,512,,67.47,,,,,,
83,200,"<a target=""_blank"" style=""text-decoration: underline"" href=""https://huggingface.co/Mihaiii/gte-micro-v4"">gte-micro-v4</a>",19,0.07,384,512,,68.13,39.54,82.59,,,,
84,201,"<a target=""_blank"" style=""text-decoration: underline"" href=""https://huggingface.co/Mihaiii/test24"">test24</a>",17,0.06,384,512,,63.54,35.78,80.4,51.68,,76.56,30.52
85,202,"<a target=""_blank"" style=""text-decoration: underline"" href=""https://huggingface.co/Mihaiii/test25"">test25</a>",17,0.06,384,512,,64.56,33.15,79.7,50.55,,75.37,29.33
92,203,"<a target=""_blank"" style=""text-decoration: underline"" href=""https://huggingface.co/Omartificial-Intelligence-Space/Arabert-all-nli-triplet-Matryoshka"">Arabert-all-nli-triplet-Matryoshka</a>",135,0.5,768,512,,,,,,,,31.33
93,204,"<a target=""_blank"" style=""text-decoration: underline"" href=""https://huggingface.co/Omartificial-Intelligence-Space/Arabic-MiniLM-L12-v2-all-nli-triplet"">Arabic-MiniLM-L12-v2-all-nli-triplet</a>",118,0.44,384,512,,,,,,,,30.69
94,205,"<a target=""_blank"" style=""text-decoration: underline"" href=""https://huggingface.co/Omartificial-Intelligence-Space/Arabic-all-nli-triplet-Matryoshka"">Arabic-all-nli-triplet-Matryoshka</a>",278,1.04,768,514,,,,,,,,30.16
95,206,"<a target=""_blank"" style=""text-decoration: underline"" href=""https://huggingface.co/Omartificial-Intelligence-Space/Arabic-labse-Matryoshka"">Arabic-labse-Matryoshka</a>",471,1.75,768,512,,,,,,,,32.17
96,207,"<a target=""_blank"" style=""text-decoration: underline"" href=""https://huggingface.co/Omartificial-Intelligence-Space/Arabic-mpnet-base-all-nli-triplet"">Arabic-mpnet-base-all-nli-triplet</a>",109,0.41,768,514,,,,,,,,28.79
97,208,"<a target=""_blank"" style=""text-decoration: underline"" href=""https://huggingface.co/Omartificial-Intelligence-Space/Marbert-all-nli-triplet-Matryoshka"">Marbert-all-nli-triplet-Matryoshka</a>",163,0.61,768,512,,,,,,,,29.53
98,209,"<a target=""_blank"" style=""text-decoration: underline"" href=""https://huggingface.co/OrdalieTech/Solon-embeddings-large-0.1"">Solon-embeddings-large-0.1</a>",560,2.09,1024,514,,,,,,,,
99,210,"<a target=""_blank"" style=""text-decoration: underline"" href=""https://huggingface.co/OrlikB/st-polish-kartonberta-base-alpha-v1"">st-polish-kartonberta-base-alpha-v1</a>",124,0.46,768,514,,,,,,,,
100,211,"<a target=""_blank"" style=""text-decoration: underline"" href=""https://huggingface.co/RinaChen/nomic-embed-text-v1.5-Q4_K_M-GGUF"">nomic-embed-text-v1.5-Q4_K_M-GGUF</a>",,,,,,73.55,43.93,84.61,55.78,,81.94,30.4
104,213,"<a target=""_blank"" style=""text-decoration: underline"" href=""https://huggingface.co/Santyyy/ember-v1-Q8_0-GGUF"">ember-v1-Q8_0-GGUF</a>",,,,,,75.99,45.58,87.37,60.04,,83.34,30.82
105,214,"<a target=""_blank"" style=""text-decoration: underline"" href=""https://huggingface.co/Shimin/LLaMA-embeeding"">LLaMA-embeeding</a>",,,,,,,,,,,,30.62
106,215,"<a target=""_blank"" style=""text-decoration: underline"" href=""https://huggingface.co/Shimin/yiyouliao"">yiyouliao</a>",,,,,,,,79.84,,,,32.47
117,216,"<a target=""_blank"" style=""text-decoration: underline"" href=""https://huggingface.co/Wissam42/sentence-croissant-llm-base"">sentence-croissant-llm-base</a>",1280,4.77,2048,2048,,,,,,,,
119,217,"<a target=""_blank"" style=""text-decoration: underline"" href=""https://huggingface.co/YorkieOH10/nomic-embed-text-v1.5-Q8_0-GGUF"">nomic-embed-text-v1.5-Q8_0-GGUF</a>",,,,,,73.55,43.93,84.61,55.78,,81.94,30.4
120,218,"<a target=""_blank"" style=""text-decoration: underline"" href=""https://huggingface.co/aari1995/German_Semantic_STS_V2"">German_Semantic_STS_V2</a>",336,1.25,1024,512,,,,,,,,
121,219,"<a target=""_blank"" style=""text-decoration: underline"" href=""https://huggingface.co/actualdata/bilingual-embedding-large"">bilingual-embedding-large</a>",560,2.09,1024,514,,72.95,44.62,85.61,56.26,,86.02,31.14
122,220,"<a target=""_blank"" style=""text-decoration: underline"" href=""https://huggingface.co/ai-forever/ru-en-RoSBERTa"">ru-en-RoSBERTa</a>",404,1.5,1024,514,,,,,,,,
123,221,"<a target=""_blank"" style=""text-decoration: underline"" href=""https://huggingface.co/ai-forever/sbert_large_mt_nlu_ru"">sbert_large_mt_nlu_ru</a>",427,1.59,1024,514,,,,,,,,
124,222,"<a target=""_blank"" style=""text-decoration: underline"" href=""https://huggingface.co/ai-forever/sbert_large_nlu_ru"">sbert_large_nlu_ru</a>",427,1.59,1024,512,,,,,,,,
133,223,"<a target=""_blank"" style=""text-decoration: underline"" href=""https://huggingface.co/aws-neuron/bge-base-en-v1-5-seqlen-384-bs-1"">bge-base-en-v1-5-seqlen-384-bs-1</a>",,,,,,75.53,45.77,86.55,58.86,,82.4,31.07
136,224,"<a target=""_blank"" style=""text-decoration: underline"" href=""https://huggingface.co/biswa921/bge-m3"">bge-m3</a>",567,2.11,1024,8192,,73.13,,84.48,,,,
137,225,"<a target=""_blank"" style=""text-decoration: underline"" href=""https://huggingface.co/brahmairesearch/slx-v0.1"">slx-v0.1</a>",23,0.08,384,512,,62.64,41.91,,,,,
138,226,"<a target=""_blank"" style=""text-decoration: underline"" href=""https://huggingface.co/chris-code/jina-embeddings-v2-base-de-Q8_0-GGUF"">jina-embeddings-v2-base-de-Q8_0-GGUF</a>",,,,,,67.98,38.99,83.65,54.64,,82.61,31.55
139,227,"<a target=""_blank"" style=""text-decoration: underline"" href=""https://huggingface.co/cointegrated/LaBSE-en-ru"">LaBSE-en-ru</a>",129,0.48,768,512,,,,,,,,
140,228,"<a target=""_blank"" style=""text-decoration: underline"" href=""https://huggingface.co/cointegrated/rubert-tiny"">rubert-tiny</a>",12,0.04,512,514,,,,,,,,
141,229,"<a target=""_blank"" style=""text-decoration: underline"" href=""https://huggingface.co/cointegrated/rubert-tiny2"">rubert-tiny2</a>",29,0.11,2048,514,,,,,,,,
142,230,"<a target=""_blank"" style=""text-decoration: underline"" href=""https://huggingface.co/consciousAI/cai-lunaris-text-embeddings"">cai-lunaris-text-embeddings</a>",,,,,,,,,47.85,,70.81,29.02
143,231,"<a target=""_blank"" style=""text-decoration: underline"" href=""https://huggingface.co/consciousAI/cai-stellaris-text-embeddings"">cai-stellaris-text-embeddings</a>",53,0.2,768,514,,61.44,37.92,82.11,55.24,,,
144,232,"<a target=""_blank"" style=""text-decoration: underline"" href=""https://huggingface.co/dangvantuan/sentence-camembert-base"">sentence-camembert-base</a>",110,0.41,768,512,,,,,,,,
145,233,"<a target=""_blank"" style=""text-decoration: underline"" href=""https://huggingface.co/dangvantuan/sentence-camembert-large"">sentence-camembert-large</a>",337,1.26,1024,512,,,,,,,,
146,234,"<a target=""_blank"" style=""text-decoration: underline"" href=""https://huggingface.co/deepfile/embedder-100p"">embedder-100p</a>",278,1.04,768,514,,66.95,40.83,81.03,54.63,38.79,80.17,
147,235,"<a target=""_blank"" style=""text-decoration: underline"" href=""https://huggingface.co/deepvk/USER-base"">USER-base</a>",124,0.46,768,512,,,,,,,,
148,236,"<a target=""_blank"" style=""text-decoration: underline"" href=""https://huggingface.co/deepvk/USER-bge-m3"">USER-bge-m3</a>",359,1.34,1024,8192,,,,,,,,
149,237,"<a target=""_blank"" style=""text-decoration: underline"" href=""https://huggingface.co/deepvk/deberta-v1-base"">deberta-v1-base</a>",124,0.46,768,512,,,,,,,,
151,238,"<a target=""_blank"" style=""text-decoration: underline"" href=""https://huggingface.co/dopeba/mxbai-embed-large-v1-Q6_K-GGUF"">mxbai-embed-large-v1-Q6_K-GGUF</a>",,,,,,75.64,46.71,87.2,60.11,,85.0,32.71
152,239,"<a target=""_blank"" style=""text-decoration: underline"" href=""https://huggingface.co/dumyy/sft-bge-small"">sft-bge-small</a>",24,0.09,512,512,,,,,,,,
157,240,"<a target=""_blank"" style=""text-decoration: underline"" href=""https://huggingface.co/flaubert/flaubert_base_cased"">flaubert_base_cased</a>",138,0.51,768,512,,,,,,,,
158,241,"<a target=""_blank"" style=""text-decoration: underline"" href=""https://huggingface.co/flaubert/flaubert_base_uncased"">flaubert_base_uncased</a>",138,0.51,768,512,,,,,,,,
159,242,"<a target=""_blank"" style=""text-decoration: underline"" href=""https://huggingface.co/flaubert/flaubert_large_cased"">flaubert_large_cased</a>",372,1.39,1024,512,,,,,,,,
160,243,"<a target=""_blank"" style=""text-decoration: underline"" href=""https://huggingface.co/google-bert/bert-base-multilingual-cased"">bert-base-multilingual-cased</a>",179,0.67,768,512,,,,,,,,
161,244,"<a target=""_blank"" style=""text-decoration: underline"" href=""https://huggingface.co/google-bert/bert-base-multilingual-uncased"">bert-base-multilingual-uncased</a>",168,0.63,768,512,,,,,,,,
177,245,"<a target=""_blank"" style=""text-decoration: underline"" href=""https://huggingface.co/ipipan/herbert-base-retrieval-v2"">herbert-base-retrieval-v2</a>",125,0.47,768,514,,,,,,,,
178,246,"<a target=""_blank"" style=""text-decoration: underline"" href=""https://huggingface.co/ipipan/silver-retriever-base-v1"">silver-retriever-base-v1</a>",125,0.47,768,514,,,,,,,,
187,247,"<a target=""_blank"" style=""text-decoration: underline"" href=""https://huggingface.co/jinaai/jina-embeddings-v2-base-de"">jina-embeddings-v2-base-de</a>",161,0.6,768,8192,,67.98,38.99,83.65,54.64,,82.61,31.55
189,248,"<a target=""_blank"" style=""text-decoration: underline"" href=""https://huggingface.co/jinaai/jina-embeddings-v2-base-es"">jina-embeddings-v2-base-es</a>",161,0.6,768,8192,,69.02,39.29,84.56,55.32,,83.49,29.87
197,249,"<a target=""_blank"" style=""text-decoration: underline"" href=""https://huggingface.co/manu/bge-m3-custom-fr"">bge-m3-custom-fr</a>",568,2.12,1024,8194,,,,,,,,
198,250,"<a target=""_blank"" style=""text-decoration: underline"" href=""https://huggingface.co/manu/sentence_croissant_alpha_v0.1"">sentence_croissant_alpha_v0.1</a>",1280,4.77,2048,2048,,,,,,,,
199,251,"<a target=""_blank"" style=""text-decoration: underline"" href=""https://huggingface.co/manu/sentence_croissant_alpha_v0.2"">sentence_croissant_alpha_v0.2</a>",1280,4.77,2048,2048,,,,,,,,
200,252,"<a target=""_blank"" style=""text-decoration: underline"" href=""https://huggingface.co/manu/sentence_croissant_alpha_v0.3"">sentence_croissant_alpha_v0.3</a>",1280,4.77,2048,2048,,,,,,,,
201,253,"<a target=""_blank"" style=""text-decoration: underline"" href=""https://huggingface.co/manu/sentence_croissant_alpha_v0.4"">sentence_croissant_alpha_v0.4</a>",1280,4.77,2048,2048,,,,,,,,
202,254,"<a target=""_blank"" style=""text-decoration: underline"" href=""https://huggingface.co/mgoin/all-MiniLM-L6-v2-ds"">all-MiniLM-L6-v2-ds</a>",,,,,,63.67,39.94,82.37,58.04,,,
205,255,"<a target=""_blank"" style=""text-decoration: underline"" href=""https://huggingface.co/msyukorai/snowflake-arctic-embed-m-v1.5-Q4_K_M-GGUF"">snowflake-arctic-embed-m-v1.5-Q4_K_M-GGUF</a>",,,,,,,,,,55.14,,
206,256,"<a target=""_blank"" style=""text-decoration: underline"" href=""https://huggingface.co/mukaj/fin-mpnet-base"">fin-mpnet-base</a>",109,0.41,768,514,,,,,,,,
207,257,"<a target=""_blank"" style=""text-decoration: underline"" href=""https://huggingface.co/neuralmagic/bge-base-en-v1.5-quant"">bge-base-en-v1.5-quant</a>",,,,,,74.98,45.06,86.24,58.94,,82.79,
208,258,"<a target=""_blank"" style=""text-decoration: underline"" href=""https://huggingface.co/neuralmagic/bge-base-en-v1.5-sparse"">bge-base-en-v1.5-sparse</a>",,,,,,72.62,42.88,84.69,57.18,,81.19,
209,259,"<a target=""_blank"" style=""text-decoration: underline"" href=""https://huggingface.co/neuralmagic/bge-large-en-v1.5-quant"">bge-large-en-v1.5-quant</a>",,,,,,,,86.74,,,84.18,
210,260,"<a target=""_blank"" style=""text-decoration: underline"" href=""https://huggingface.co/neuralmagic/bge-large-en-v1.5-sparse"">bge-large-en-v1.5-sparse</a>",,,,,,,,85.06,,,82.5,
211,261,"<a target=""_blank"" style=""text-decoration: underline"" href=""https://huggingface.co/neuralmagic/bge-small-en-v1.5-quant"">bge-small-en-v1.5-quant</a>",,,,,,73.52,42.63,85.05,57.86,,82.04,
212,262,"<a target=""_blank"" style=""text-decoration: underline"" href=""https://huggingface.co/neuralmagic/bge-small-en-v1.5-sparse"">bge-small-en-v1.5-sparse</a>",,,,,,68.55,38.37,81.93,54.14,,78.53,
224,263,"<a target=""_blank"" style=""text-decoration: underline"" href=""https://huggingface.co/nvidia/NV-Retriever-v1"">NV-Retriever-v1</a>",7111,26.49,4096,512,,,,,,60.9,,
225,264,"<a target=""_blank"" style=""text-decoration: underline"" href=""https://huggingface.co/openbmb/MiniCPM-Embedding"">MiniCPM-Embedding</a>",2725,10.15,2304,2048,,,,,,58.56,,
226,265,"<a target=""_blank"" style=""text-decoration: underline"" href=""https://huggingface.co/piaopiao0095/jina-embeddings-v2-base-es-Q5_K_M-GGUF"">jina-embeddings-v2-base-es-Q5_K_M-GGUF</a>",,,,,,69.02,39.29,84.56,55.32,,83.49,29.87
229,266,"<a target=""_blank"" style=""text-decoration: underline"" href=""https://huggingface.co/qinxianliu/FAE-v1"">FAE-v1</a>",335,1.25,1024,512,,,,,,,,
231,267,"<a target=""_blank"" style=""text-decoration: underline"" href=""https://huggingface.co/sabafallah/bge-large-en-v1.5-Q4_K_M-GGUF"">bge-large-en-v1.5-Q4_K_M-GGUF</a>",,,,,,75.97,46.08,87.12,60.03,,83.11,31.61
232,268,"<a target=""_blank"" style=""text-decoration: underline"" href=""https://huggingface.co/sabafallah/bge-large-en-v1.5-Q8_0-GGUF"">bge-large-en-v1.5-Q8_0-GGUF</a>",,,,,,75.97,46.08,87.12,60.03,,83.11,31.61
233,269,"<a target=""_blank"" style=""text-decoration: underline"" href=""https://huggingface.co/sdadas/mmlw-e5-base"">mmlw-e5-base</a>",278,1.04,768,514,,,,,,,,
234,270,"<a target=""_blank"" style=""text-decoration: underline"" href=""https://huggingface.co/sdadas/mmlw-e5-large"">mmlw-e5-large</a>",560,2.09,1024,514,,,,,,,,
235,271,"<a target=""_blank"" style=""text-decoration: underline"" href=""https://huggingface.co/sdadas/mmlw-e5-small"">mmlw-e5-small</a>",118,0.44,384,512,,,,,,,,
236,272,"<a target=""_blank"" style=""text-decoration: underline"" href=""https://huggingface.co/sdadas/mmlw-roberta-base"">mmlw-roberta-base</a>",124,0.46,768,514,,,,,,,,
237,273,"<a target=""_blank"" style=""text-decoration: underline"" href=""https://huggingface.co/sdadas/mmlw-roberta-large"">mmlw-roberta-large</a>",435,1.62,1024,514,,,,,,,,
238,274,"<a target=""_blank"" style=""text-decoration: underline"" href=""https://huggingface.co/sdadas/st-polish-paraphrase-from-distilroberta"">st-polish-paraphrase-from-distilroberta</a>",125,0.47,768,514,,,,,,,,
239,275,"<a target=""_blank"" style=""text-decoration: underline"" href=""https://huggingface.co/sdadas/st-polish-paraphrase-from-mpnet"">st-polish-paraphrase-from-mpnet</a>",125,0.47,768,514,,,,,,,,
247,276,"<a target=""_blank"" style=""text-decoration: underline"" href=""https://huggingface.co/sentence-transformers/distiluse-base-multilingual-cased-v2"">distiluse-base-multilingual-cased-v2</a>",135,0.5,512,512,,64.67,,78.3,48.82,,75.6,
253,277,"<a target=""_blank"" style=""text-decoration: underline"" href=""https://huggingface.co/sentence-transformers/multi-qa-MiniLM-L6-cos-v1"">multi-qa-MiniLM-L6-cos-v1</a>",23,0.09,384,512,,,,,,,,
260,278,"<a target=""_blank"" style=""text-decoration: underline"" href=""https://huggingface.co/sergeyzh/LaBSE-ru-turbo"">LaBSE-ru-turbo</a>",128,0.48,768,512,,,,,,,,
261,279,"<a target=""_blank"" style=""text-decoration: underline"" href=""https://huggingface.co/sergeyzh/rubert-tiny-turbo"">rubert-tiny-turbo</a>",29,0.11,312,2048,,,23.75,,,,,
262,280,"<a target=""_blank"" style=""text-decoration: underline"" href=""https://huggingface.co/shibing624/text2vec-base-multilingual"">text2vec-base-multilingual</a>",118,0.44,384,512,,62.23,30.61,76.49,,,80.24,30.1
264,282,"<a target=""_blank"" style=""text-decoration: underline"" href=""https://huggingface.co/tanmaylaud/ret-phi2-v0"">ret-phi2-v0</a>",2649,9.87,2560,2048,,,,,,50.78,,
265,283,"<a target=""_blank"" style=""text-decoration: underline"" href=""https://huggingface.co/technicolor/Angle_BERT"">Angle_BERT</a>",109,0.41,768,512,,66.01,33.47,77.75,,,,
269,284,"<a target=""_blank"" style=""text-decoration: underline"" href=""https://huggingface.co/thtang/ALL_862873"">ALL_862873</a>",118,0.44,384,512,,41.73,18.0,30.61,34.44,,39.1,
275,285,"<a target=""_blank"" style=""text-decoration: underline"" href=""https://huggingface.co/vprelovac/universal-sentence-encoder-4"">universal-sentence-encoder-4</a>",,,,,,64.45,35.71,76.23,,,72.04,29.42
276,286,"<a target=""_blank"" style=""text-decoration: underline"" href=""https://huggingface.co/vprelovac/universal-sentence-encoder-large-5"">universal-sentence-encoder-large-5</a>",,,,,,67.9,37.82,79.53,,,74.05,29.01
277,287,"<a target=""_blank"" style=""text-decoration: underline"" href=""https://huggingface.co/vprelovac/universal-sentence-encoder-multilingual-3"">universal-sentence-encoder-multilingual-3</a>",,,512,512,,63.42,34.82,75.43,,,75.39,30.79
278,288,"<a target=""_blank"" style=""text-decoration: underline"" href=""https://huggingface.co/vprelovac/universal-sentence-encoder-multilingual-large-3"">universal-sentence-encoder-multilingual-large-3</a>",,,512,512,,65.78,35.06,79.62,,,75.35,29.71
280,289,"<a target=""_blank"" style=""text-decoration: underline"" href=""https://huggingface.co/w601sxs/b1ade-embed-kd"">b1ade-embed-kd</a>",335,1.25,1024,512,,,43.43,82.83,54.29,,,30.57
281,290,"<a target=""_blank"" style=""text-decoration: underline"" href=""https://huggingface.co/w601sxs/b1ade-embed-kd_3"">b1ade-embed-kd_3</a>",335,1.25,1024,512,,,0.41000000000000003,0.79,0.53,,,0.29
282,291,"<a target=""_blank"" style=""text-decoration: underline"" href=""https://huggingface.co/walsons/jina-embeddings-v2-base-en-Q4_K_M-GGUF"">jina-embeddings-v2-base-en-Q4_K_M-GGUF</a>",,,,,,73.45,41.73,85.38,56.98,,80.7,31.6
283,292,"<a target=""_blank"" style=""text-decoration: underline"" href=""https://huggingface.co/xlm-roberta-base"">xlm-roberta-base</a>",279,1.04,768,514,,,,,,,,
284,293,"<a target=""_blank"" style=""text-decoration: underline"" href=""https://huggingface.co/xlm-roberta-large"">xlm-roberta-large</a>",560,2.09,1024,514,,,,,,,,
285,294,"<a target=""_blank"" style=""text-decoration: underline"" href=""https://huggingface.co/yco/bilingual-embedding-base"">bilingual-embedding-base</a>",278,1.04,768,514,,,,,,,,
286,295,"<a target=""_blank"" style=""text-decoration: underline"" href=""https://huggingface.co/yessilver/new_model"">new_model</a>",,,,,,,40.54,85.41,54.46,,80.59,29.78
288,296,"<a target=""_blank"" style=""text-decoration: underline"" href=""https://huggingface.co/zeroshot/gte-large-quant"">gte-large-quant</a>",,,,,,,,84.69,,,82.88,
289,297,"<a target=""_blank"" style=""text-decoration: underline"" href=""https://huggingface.co/zeroshot/gte-large-sparse"">gte-large-sparse</a>",,,,,,,,83.58,,,81.9,
290,298,"<a target=""_blank"" style=""text-decoration: underline"" href=""https://huggingface.co/zeroshot/gte-small-quant"">gte-small-quant</a>",,,,,,71.7,,83.09,,,81.5,
292,299,"<a target=""_blank"" style=""text-decoration: underline"" href=""https://huggingface.co/zhou-xl/bi-cse"">bi-cse</a>",560,2.09,1024,514,,,,,,,79.66,
293,300,"<a target=""_blank"" style=""text-decoration: underline"" href=""https://huggingface.co/zyj2003lj/nomic-embed-text-v1.5-Q4_K_M-GGUF"">nomic-embed-text-v1.5-Q4_K_M-GGUF</a>",,,,,,73.55,43.93,84.61,55.78,,81.94,30.4
294,301,"<a target=""_blank"" style=""text-decoration: underline"" href=""https://openai.com/blog/introducing-text-and-code-embeddings"">text-search-ada-001</a>",,,1024,2046,,,,,,,,
295,302,"<a target=""_blank"" style=""text-decoration: underline"" href=""https://openai.com/blog/introducing-text-and-code-embeddings"">text-search-ada-doc-001</a>",,,1024,2046,,,,,,,,
296,303,"<a target=""_blank"" style=""text-decoration: underline"" href=""https://openai.com/blog/introducing-text-and-code-embeddings"">text-search-babbage-001</a>",,,2048,2046,,,,,,,,
297,304,"<a target=""_blank"" style=""text-decoration: underline"" href=""https://openai.com/blog/introducing-text-and-code-embeddings"">text-search-curie-001</a>",,,4096,2046,,,,,,,,
298,305,"<a target=""_blank"" style=""text-decoration: underline"" href=""https://openai.com/blog/introducing-text-and-code-embeddings"">text-search-davinci-001</a>",,,12288,2046,,,,,,,,
300,306,"<a target=""_blank"" style=""text-decoration: underline"" href=""https://openai.com/blog/introducing-text-and-code-embeddings"">text-similarity-babbage-001</a>",,,2048,2046,,,,77.46,,,,
301,307,"<a target=""_blank"" style=""text-decoration: underline"" href=""https://openai.com/blog/introducing-text-and-code-embeddings"">text-similarity-curie-001</a>",,,4096,2046,,,,77.79,,,,
302,308,"<a target=""_blank"" style=""text-decoration: underline"" href=""https://openai.com/blog/introducing-text-and-code-embeddings"">text-similarity-davinci-001</a>",,,12288,2046,,,,75.9,,,,
