index,Rank,Model,Model Size (Million Parameters),"Memory Usage (GB, fp32)",Embedding Dimensions,Max Tokens,Average,SprintDuplicateQuestions,TwitterSemEval2015,TwitterURLCorpus
6,1,"<a target=""_blank"" style=""text-decoration: underline"" href=""https://docs.voyageai.com/embeddings/"">voyage-large-2-instruct</a>",,,1024,16000,89.25,94.53,86.32,86.9
223,2,"<a target=""_blank"" style=""text-decoration: underline"" href=""https://huggingface.co/nvidia/NV-Embed-v2"">NV-Embed-v2</a>",7851,29.25,4096,32768,88.67,97.02,81.11,87.87
103,3,"<a target=""_blank"" style=""text-decoration: underline"" href=""https://huggingface.co/Salesforce/SFR-Embedding-Mistral"">SFR-Embedding-Mistral</a>",7111,26.49,4096,32768,88.54,96.31,81.52,87.78
170,4,"<a target=""_blank"" style=""text-decoration: underline"" href=""https://huggingface.co/intfloat/e5-mistral-7b-instruct"">e5-mistral-7b-instruct</a>",7111,26.49,4096,32768,88.42,95.86,81.62,87.79
62,5,"<a target=""_blank"" style=""text-decoration: underline"" href=""https://huggingface.co/Linq-AI-Research/Linq-Embed-Mistral"">Linq-Embed-Mistral</a>",7111,26.49,4096,32768,88.35,96.11,81.52,87.42
230,6,"<a target=""_blank"" style=""text-decoration: underline"" href=""https://huggingface.co/raghavlight/TDTE"">TDTE</a>",,,,,88.27,96.52,81.35,86.94
291,7,"<a target=""_blank"" style=""text-decoration: underline"" href=""https://huggingface.co/zeta-alpha-ai/Zeta-Alpha-E5-Mistral"">Zeta-Alpha-E5-Mistral</a>",7111,26.49,4096,32768,88.19,95.25,81.41,87.92
22,8,"<a target=""_blank"" style=""text-decoration: underline"" href=""https://huggingface.co/BAAI/bge-en-icl"">bge-en-icl</a>",7111,26.49,4096,32768,88.14,97.23,79.34,87.84
102,9,"<a target=""_blank"" style=""text-decoration: underline"" href=""https://huggingface.co/Salesforce/SFR-Embedding-2_R"">SFR-Embedding-2_R</a>",7111,26.49,4096,32768,88.07,97.62,78.57,88.03
153,10,"<a target=""_blank"" style=""text-decoration: underline"" href=""https://huggingface.co/dunzhang/stella_en_1.5B_v5"">stella_en_1.5B_v5</a>",1543,5.75,8192,131072,88.07,96.04,80.58,87.58
67,11,"<a target=""_blank"" style=""text-decoration: underline"" href=""https://huggingface.co/McGill-NLP/LLM2Vec-Llama-2-7b-chat-hf-mntp-supervised"">LLM2Vec-Llama-2-supervised</a>",6607,24.61,4096,4096,88.03,96.83,80.7,86.56
71,12,"<a target=""_blank"" style=""text-decoration: underline"" href=""https://huggingface.co/McGill-NLP/LLM2Vec-Mistral-7B-Instruct-v2-mntp-supervised"">LLM2Vec-Mistral-supervised</a>",7111,26.49,4096,32768,87.99,96.82,80.6,86.56
69,13,"<a target=""_blank"" style=""text-decoration: underline"" href=""https://huggingface.co/McGill-NLP/LLM2Vec-Meta-Llama-3-8B-Instruct-mntp-supervised"">LLM2Vec-Meta-Llama-3-supervised</a>",7505,27.96,4096,8192,87.79,95.09,81.73,86.56
154,14,"<a target=""_blank"" style=""text-decoration: underline"" href=""https://huggingface.co/dunzhang/stella_en_400M_v5"">stella_en_400M_v5</a>",435,1.62,8192,8192,87.74,95.59,80.18,87.46
1,15,"<a target=""_blank"" style=""text-decoration: underline"" href=""https://cloud.google.com/vertex-ai/generative-ai/docs/embeddings/get-text-embeddings#latest_models"">google-gecko.text-embedding-preview-0409</a>",1200,4.47,768,2048,87.61,96.26,79.04,87.53
16,16,"<a target=""_blank"" style=""text-decoration: underline"" href=""https://huggingface.co/Alibaba-NLP/gte-Qwen2-1.5B-instruct"">gte-Qwen2-1.5B-instruct</a>",1776,6.62,1536,131072,87.51,95.32,79.64,87.58
36,17,"<a target=""_blank"" style=""text-decoration: underline"" href=""https://huggingface.co/DecisionOptimizationSystemProduction/DeepFeatTextEmbeddingLarge"">DeepFeatTextEmbeddingLarge</a>",1776,6.62,1536,131072,87.51,95.32,79.64,87.58
15,18,"<a target=""_blank"" style=""text-decoration: underline"" href=""https://huggingface.co/Alibaba-NLP/gte-Qwen1.5-7B-instruct"">gte-Qwen1.5-7B-instruct</a>",7099,26.45,4096,32768,87.41,96.07,79.36,86.79
104,19,"<a target=""_blank"" style=""text-decoration: underline"" href=""https://huggingface.co/Santyyy/ember-v1-Q8_0-GGUF"">ember-v1-Q8_0-GGUF</a>",,,,,87.37,96.83,79.29,85.98
196,20,"<a target=""_blank"" style=""text-decoration: underline"" href=""https://huggingface.co/llmrails/ember-v1"">ember-v1</a>",335,1.25,1024,512,87.37,96.83,79.29,85.98
192,21,"<a target=""_blank"" style=""text-decoration: underline"" href=""https://huggingface.co/jspringer/echo-mistral-7b-instruct-lasttoken"">echo-mistral-7b-instruct-lasttoken</a>",7111,26.49,4096,32768,87.34,94.59,79.93,87.5
45,22,"<a target=""_blank"" style=""text-decoration: underline"" href=""https://huggingface.co/GritLM/GritLM-7B"">GritLM-7B</a>",7240,26.97,,4096,87.29,93.35,81.08,87.43
0,23,"<a target=""_blank"" style=""text-decoration: underline"" href=""https://cloud.google.com/vertex-ai/generative-ai/docs/embeddings/get-text-embeddings#latest_models"">google-gecko-256.text-embedding-preview-0409</a>",1200,4.47,256,2048,87.29,96.49,78.25,87.12
116,24,"<a target=""_blank"" style=""text-decoration: underline"" href=""https://huggingface.co/WhereIsAI/UAE-Large-V1"">UAE-Large-V1</a>",335,1.25,1024,512,87.25,97.24,78.17,86.33
151,25,"<a target=""_blank"" style=""text-decoration: underline"" href=""https://huggingface.co/dopeba/mxbai-embed-large-v1-Q6_K-GGUF"">mxbai-embed-large-v1-Q6_K-GGUF</a>",,,,,87.2,96.82,78.55,86.23
204,26,"<a target=""_blank"" style=""text-decoration: underline"" href=""https://huggingface.co/mixedbread-ai/mxbai-embed-large-v1"">mxbai-embed-large-v1</a>",335,1.25,1024,512,87.2,96.82,78.55,86.23
57,27,"<a target=""_blank"" style=""text-decoration: underline"" href=""https://huggingface.co/Labib11/MUG-B-1.6"">MUG-B-1.6</a>",335,1.25,1024,512,87.14,96.97,78.29,86.16
232,28,"<a target=""_blank"" style=""text-decoration: underline"" href=""https://huggingface.co/sabafallah/bge-large-en-v1.5-Q8_0-GGUF"">bge-large-en-v1.5-Q8_0-GGUF</a>",,,,,87.12,96.73,79.04,85.6
23,29,"<a target=""_blank"" style=""text-decoration: underline"" href=""https://huggingface.co/BAAI/bge-large-en-v1.5"">bge-large-en-v1.5</a>",335,1.25,1024,512,87.12,96.73,79.04,85.6
231,30,"<a target=""_blank"" style=""text-decoration: underline"" href=""https://huggingface.co/sabafallah/bge-large-en-v1.5-Q4_K_M-GGUF"">bge-large-en-v1.5-Q4_K_M-GGUF</a>",,,,,87.12,96.73,79.04,85.6
279,31,"<a target=""_blank"" style=""text-decoration: underline"" href=""https://huggingface.co/w601sxs/b1ade-embed"">b1ade-embed</a>",335,1.25,1024,512,87.07,96.87,78.24,86.11
222,32,"<a target=""_blank"" style=""text-decoration: underline"" href=""https://huggingface.co/nvidia/NV-Embed-v1"">NV-Embed-v1</a>",7851,29.25,4096,32768,86.91,95.94,78.73,86.05
9,33,"<a target=""_blank"" style=""text-decoration: underline"" href=""https://docs.voyageai.com/embeddings/"">voyage-lite-02-instruct</a>",1220,4.54,1024,4000,86.87,98.07,74.44,88.11
183,34,"<a target=""_blank"" style=""text-decoration: underline"" href=""https://huggingface.co/jamesgpt1/sf_model_e5"">sf_model_e5</a>",335,1.25,1024,512,86.85,96.79,78.23,85.53
209,35,"<a target=""_blank"" style=""text-decoration: underline"" href=""https://huggingface.co/neuralmagic/bge-large-en-v1.5-quant"">bge-large-en-v1.5-quant</a>",,,,,86.74,96.49,77.8,85.94
130,36,"<a target=""_blank"" style=""text-decoration: underline"" href=""https://huggingface.co/avsolatorio/GIST-large-Embedding-v0"">GIST-large-Embedding-v0</a>",335,1.25,1024,512,86.7,96.54,77.6,85.96
164,37,"<a target=""_blank"" style=""text-decoration: underline"" href=""https://huggingface.co/hkunlp/instructor-xl"">instructor-xl</a>",1241,4.62,768,512,86.62,94.94,77.99,86.93
8,38,"<a target=""_blank"" style=""text-decoration: underline"" href=""https://docs.voyageai.com/embeddings/"">voyage-lite-01-instruct</a>",,,1024,4000,86.57,96.01,76.87,86.84
133,39,"<a target=""_blank"" style=""text-decoration: underline"" href=""https://huggingface.co/aws-neuron/bge-base-en-v1-5-seqlen-384-bs-1"">bge-base-en-v1-5-seqlen-384-bs-1</a>",,,,,86.55,96.33,77.68,85.65
21,40,"<a target=""_blank"" style=""text-decoration: underline"" href=""https://huggingface.co/BAAI/bge-base-en-v1.5"">bge-base-en-v1.5</a>",109,0.41,768,512,86.55,96.33,77.68,85.65
165,41,"<a target=""_blank"" style=""text-decoration: underline"" href=""https://huggingface.co/infgrad/stella-base-en-v2"">stella-base-en-v2</a>",55,0.2,768,512,86.45,95.69,77.67,86.0
128,42,"<a target=""_blank"" style=""text-decoration: underline"" href=""https://huggingface.co/avsolatorio/GIST-Embedding-v0"">GIST-Embedding-v0</a>",109,0.41,768,512,86.32,95.93,76.92,86.11
207,43,"<a target=""_blank"" style=""text-decoration: underline"" href=""https://huggingface.co/neuralmagic/bge-base-en-v1.5-quant"">bge-base-en-v1.5-quant</a>",,,,,86.24,96.38,76.41,85.93
175,44,"<a target=""_blank"" style=""text-decoration: underline"" href=""https://huggingface.co/intfloat/multilingual-e5-large-instruct"">multilingual-e5-large-instruct</a>",560,2.09,1024,514,86.24,92.19,79.79,86.73
73,45,"<a target=""_blank"" style=""text-decoration: underline"" href=""https://huggingface.co/McGill-NLP/LLM2Vec-Sheared-LLaMA-mntp-supervised"">LLM2Vec-Sheared-Llama-supervised</a>",1280,4.77,2048,4096,86.21,96.25,76.14,86.23
35,46,"<a target=""_blank"" style=""text-decoration: underline"" href=""https://huggingface.co/Cohere/Cohere-embed-multilingual-v3.0"">Cohere-embed-multilingual-v3.0</a>",,,1024,512,86.15,96.79,75.16,86.49
250,47,"<a target=""_blank"" style=""text-decoration: underline"" href=""https://huggingface.co/sentence-transformers/gtr-t5-xl"">gtr-t5-xl</a>",1240,4.62,768,512,86.13,95.45,77.81,85.14
251,48,"<a target=""_blank"" style=""text-decoration: underline"" href=""https://huggingface.co/sentence-transformers/gtr-t5-xxl"">gtr-t5-xxl</a>",4865,18.12,768,512,86.12,95.68,77.54,85.13
258,49,"<a target=""_blank"" style=""text-decoration: underline"" href=""https://huggingface.co/sentence-transformers/sentence-t5-xl"">sentence-t5-xl</a>",1240,4.62,768,512,86.06,91.44,80.89,85.86
169,50,"<a target=""_blank"" style=""text-decoration: underline"" href=""https://huggingface.co/intfloat/e5-large-v2"">e5-large-v2</a>",335,1.25,1024,512,86.03,94.92,76.92,86.25
55,51,"<a target=""_blank"" style=""text-decoration: underline"" href=""https://huggingface.co/KeyurRamoliya/e5-large-v2-GGUF"">e5-large-v2-GGUF</a>",,,,,86.03,94.92,76.92,86.25
168,52,"<a target=""_blank"" style=""text-decoration: underline"" href=""https://huggingface.co/intfloat/e5-large"">e5-large</a>",335,1.25,1024,512,85.94,95.42,76.1,86.31
203,53,"<a target=""_blank"" style=""text-decoration: underline"" href=""https://huggingface.co/mixedbread-ai/mxbai-embed-2d-large-v1"">mxbai-embed-2d-large-v1</a>",335,1.25,1024,512,85.89,96.05,76.08,85.54
163,54,"<a target=""_blank"" style=""text-decoration: underline"" href=""https://huggingface.co/hkunlp/instructor-large"">instructor-large</a>",335,1.25,768,512,85.89,93.07,77.42,87.18
25,55,"<a target=""_blank"" style=""text-decoration: underline"" href=""https://huggingface.co/BAAI/bge-multilingual-gemma2"">bge-multilingual-gemma2</a>",9242,34.43,3584,8192,85.84,90.94,79.64,86.95
33,56,"<a target=""_blank"" style=""text-decoration: underline"" href=""https://huggingface.co/Cohere/Cohere-embed-english-v3.0"">Cohere-embed-english-v3.0</a>",,,1024,512,85.84,96.25,74.8,86.46
17,57,"<a target=""_blank"" style=""text-decoration: underline"" href=""https://huggingface.co/Alibaba-NLP/gte-Qwen2-7B-instruct"">gte-Qwen2-7B-instruct</a>",7613,28.36,3584,131072,85.79,92.82,77.96,86.59
27,58,"<a target=""_blank"" style=""text-decoration: underline"" href=""https://huggingface.co/BN7002/gte-Qwen2-7B-instruct-Q4_K_M-GGUF"">gte-Qwen2-7B-instruct-Q4_K_M-GGUF</a>",,,,,85.79,92.82,77.96,86.59
167,59,"<a target=""_blank"" style=""text-decoration: underline"" href=""https://huggingface.co/intfloat/e5-base-v2"">e5-base-v2</a>",110,0.41,768,512,85.73,94.58,75.97,86.63
155,60,"<a target=""_blank"" style=""text-decoration: underline"" href=""https://huggingface.co/dwzhu/e5-base-4k"">e5-base-4k</a>",112,0.42,768,4096,85.73,94.58,75.97,86.63
305,61,"<a target=""_blank"" style=""text-decoration: underline"" href=""https://openai.com/blog/new-embedding-models-and-api-updates"">text-embedding-3-large</a>",,,3072,8191,85.72,92.25,77.13,87.78
121,62,"<a target=""_blank"" style=""text-decoration: underline"" href=""https://huggingface.co/actualdata/bilingual-embedding-large"">bilingual-embedding-large</a>",560,2.09,1024,514,85.61,92.57,77.07,87.19
59,63,"<a target=""_blank"" style=""text-decoration: underline"" href=""https://huggingface.co/Lajavaness/bilingual-embedding-large"">bilingual-embedding-large</a>",560,2.09,1024,514,85.61,92.57,77.07,87.19
286,64,"<a target=""_blank"" style=""text-decoration: underline"" href=""https://huggingface.co/yessilver/new_model"">new_model</a>",,,,,85.41,95.02,75.24,85.96
182,65,"<a target=""_blank"" style=""text-decoration: underline"" href=""https://huggingface.co/izhx/udever-bloom-7b1"">udever-bloom-7b1</a>",7069,26.33,4096,2048,85.4,95.62,73.81,86.78
188,66,"<a target=""_blank"" style=""text-decoration: underline"" href=""https://huggingface.co/jinaai/jina-embeddings-v2-base-en"">jina-embeddings-v2-base-en</a>",137,0.51,768,8192,85.38,95.3,74.74,86.09
282,67,"<a target=""_blank"" style=""text-decoration: underline"" href=""https://huggingface.co/walsons/jina-embeddings-v2-base-en-Q4_K_M-GGUF"">jina-embeddings-v2-base-en-Q4_K_M-GGUF</a>",,,,,85.38,95.3,74.74,86.09
18,68,"<a target=""_blank"" style=""text-decoration: underline"" href=""https://huggingface.co/Alibaba-NLP/gte-base-en-v1.5"">gte-base-en-v1.5</a>",137,0.51,768,8192,85.33,94.94,75.53,85.51
249,69,"<a target=""_blank"" style=""text-decoration: underline"" href=""https://huggingface.co/sentence-transformers/gtr-t5-large"">gtr-t5-large</a>",168,0.63,768,512,85.32,95.05,76.03,84.89
256,70,"<a target=""_blank"" style=""text-decoration: underline"" href=""https://huggingface.co/sentence-transformers/sentence-t5-base"">sentence-t5-base</a>",110,0.41,768,512,85.18,91.23,78.25,86.05
213,71,"<a target=""_blank"" style=""text-decoration: underline"" href=""https://huggingface.co/nomic-ai/nomic-embed-text-v1"">nomic-embed-text-v1</a>",137,0.51,768,8192,85.15,93.52,75.23,86.71
166,72,"<a target=""_blank"" style=""text-decoration: underline"" href=""https://huggingface.co/intfloat/e5-base"">e5-base</a>",109,0.41,768,512,85.09,94.88,74.4,85.98
171,73,"<a target=""_blank"" style=""text-decoration: underline"" href=""https://huggingface.co/intfloat/e5-small"">e5-small</a>",33,0.12,384,512,85.08,95.29,74.16,85.79
259,74,"<a target=""_blank"" style=""text-decoration: underline"" href=""https://huggingface.co/sentence-transformers/sentence-t5-xxl"">sentence-t5-xxl</a>",4865,18.12,768,512,85.07,88.91,80.28,86.01
210,75,"<a target=""_blank"" style=""text-decoration: underline"" href=""https://huggingface.co/neuralmagic/bge-large-en-v1.5-sparse"">bge-large-en-v1.5-sparse</a>",,,,,85.06,95.0,74.5,85.69
211,76,"<a target=""_blank"" style=""text-decoration: underline"" href=""https://huggingface.co/neuralmagic/bge-small-en-v1.5-quant"">bge-small-en-v1.5-quant</a>",,,,,85.05,96.25,73.26,85.64
32,77,"<a target=""_blank"" style=""text-decoration: underline"" href=""https://huggingface.co/Cohere/Cohere-embed-english-light-v3.0"">Cohere-embed-english-light-v3.0</a>",,,,,85.05,96.59,72.23,86.32
306,78,"<a target=""_blank"" style=""text-decoration: underline"" href=""https://openai.com/blog/new-embedding-models-and-api-updates"">text-embedding-3-small</a>",,,1536,8191,85.04,94.58,73.33,87.21
267,79,"<a target=""_blank"" style=""text-decoration: underline"" href=""https://huggingface.co/thenlper/gte-large"">gte-large</a>",335,1.25,1024,512,85.0,95.75,73.73,85.53
58,80,"<a target=""_blank"" style=""text-decoration: underline"" href=""https://huggingface.co/Lajavaness/bilingual-embedding-base"">bilingual-embedding-base</a>",278,1.04,768,514,85.0,94.76,73.76,86.49
132,81,"<a target=""_blank"" style=""text-decoration: underline"" href=""https://huggingface.co/avsolatorio/NoInstruct-small-Embedding-v0"">NoInstruct-small-Embedding-v0</a>",33,0.12,384,512,84.99,96.14,73.48,85.36
257,82,"<a target=""_blank"" style=""text-decoration: underline"" href=""https://huggingface.co/sentence-transformers/sentence-t5-large"">sentence-t5-large</a>",168,0.63,768,512,84.97,89.02,79.75,86.14
46,83,"<a target=""_blank"" style=""text-decoration: underline"" href=""https://huggingface.co/GritLM/GritLM-8x7B"">GritLM-8x7B</a>",46703,173.98,4096,32768,84.97,91.24,77.21,86.45
26,84,"<a target=""_blank"" style=""text-decoration: underline"" href=""https://huggingface.co/BAAI/bge-small-en-v1.5"">bge-small-en-v1.5</a>",33,0.12,384,512,84.92,96.67,73.24,84.84
303,85,"<a target=""_blank"" style=""text-decoration: underline"" href=""https://openai.com/blog/new-and-improved-embedding-model"">text-embedding-ada-002</a>",,,1536,8191,84.89,92.17,75.28,87.22
185,86,"<a target=""_blank"" style=""text-decoration: underline"" href=""https://huggingface.co/jinaai/jina-embedding-l-en-v1"">jina-embedding-l-en-v1</a>",335,1.25,1024,512,84.8,96.09,72.32,85.98
174,87,"<a target=""_blank"" style=""text-decoration: underline"" href=""https://huggingface.co/intfloat/multilingual-e5-large"">multilingual-e5-large</a>",560,2.09,1024,514,84.75,93.14,75.28,85.83
56,88,"<a target=""_blank"" style=""text-decoration: underline"" href=""https://huggingface.co/KeyurRamoliya/multilingual-e5-large-GGUF"">multilingual-e5-large-GGUF</a>",,,,,84.75,93.13,75.28,85.83
208,89,"<a target=""_blank"" style=""text-decoration: underline"" href=""https://huggingface.co/neuralmagic/bge-base-en-v1.5-sparse"">bge-base-en-v1.5-sparse</a>",,,,,84.69,95.5,72.92,85.66
288,90,"<a target=""_blank"" style=""text-decoration: underline"" href=""https://huggingface.co/zeroshot/gte-large-quant"">gte-large-quant</a>",,,,,84.69,95.63,72.87,85.58
131,91,"<a target=""_blank"" style=""text-decoration: underline"" href=""https://huggingface.co/avsolatorio/GIST-small-Embedding-v0"">GIST-small-Embedding-v0</a>",33,0.12,384,512,84.68,95.79,72.95,85.3
172,92,"<a target=""_blank"" style=""text-decoration: underline"" href=""https://huggingface.co/intfloat/e5-small-v2"">e5-small-v2</a>",33,0.12,384,512,84.67,94.88,73.34,85.79
220,93,"<a target=""_blank"" style=""text-decoration: underline"" href=""https://huggingface.co/nomic-ai/nomic-embed-text-v1.5"">nomic-embed-text-v1.5</a>",137,0.51,768,8192,84.61,92.9,74.27,86.65
119,94,"<a target=""_blank"" style=""text-decoration: underline"" href=""https://huggingface.co/YorkieOH10/nomic-embed-text-v1.5-Q8_0-GGUF"">nomic-embed-text-v1.5-Q8_0-GGUF</a>",,,,,84.61,92.9,74.27,86.65
293,95,"<a target=""_blank"" style=""text-decoration: underline"" href=""https://huggingface.co/zyj2003lj/nomic-embed-text-v1.5-Q4_K_M-GGUF"">nomic-embed-text-v1.5-Q4_K_M-GGUF</a>",,,,,84.61,92.9,74.27,86.65
100,96,"<a target=""_blank"" style=""text-decoration: underline"" href=""https://huggingface.co/RinaChen/nomic-embed-text-v1.5-Q4_K_M-GGUF"">nomic-embed-text-v1.5-Q4_K_M-GGUF</a>",,,,,84.61,92.9,74.27,86.65
218,97,"<a target=""_blank"" style=""text-decoration: underline"" href=""https://huggingface.co/nomic-ai/nomic-embed-text-v1.5"">nomic-embed-text-v1.5-512</a>",138,0.51,512,8192,84.59,92.91,74.3,86.57
214,98,"<a target=""_blank"" style=""text-decoration: underline"" href=""https://huggingface.co/nomic-ai/nomic-embed-text-v1-ablated"">nomic-embed-text-v1-ablated</a>",137,0.51,768,8192,84.59,94.83,72.55,86.38
266,99,"<a target=""_blank"" style=""text-decoration: underline"" href=""https://huggingface.co/thenlper/gte-base"">gte-base</a>",109,0.41,768,512,84.57,95.71,72.47,85.52
189,100,"<a target=""_blank"" style=""text-decoration: underline"" href=""https://huggingface.co/jinaai/jina-embeddings-v2-base-es"">jina-embeddings-v2-base-es</a>",161,0.6,768,8192,84.56,95.62,71.62,86.44
226,101,"<a target=""_blank"" style=""text-decoration: underline"" href=""https://huggingface.co/piaopiao0095/jina-embeddings-v2-base-es-Q5_K_M-GGUF"">jina-embeddings-v2-base-es-Q5_K_M-GGUF</a>",,,,,84.56,95.62,71.62,86.44
19,102,"<a target=""_blank"" style=""text-decoration: underline"" href=""https://huggingface.co/Alibaba-NLP/gte-large-en-v1.5"">gte-large-en-v1.5</a>",434,1.62,1024,8192,84.53,94.16,75.25,84.18
136,103,"<a target=""_blank"" style=""text-decoration: underline"" href=""https://huggingface.co/biswa921/bge-m3"">bge-m3</a>",567,2.11,1024,8192,84.48,97.32,70.29,85.83
190,104,"<a target=""_blank"" style=""text-decoration: underline"" href=""https://huggingface.co/jinaai/jina-embeddings-v2-small-en"">jina-embeddings-v2-small-en</a>",33,0.12,512,8192,84.44,95.12,72.15,86.05
20,105,"<a target=""_blank"" style=""text-decoration: underline"" href=""https://huggingface.co/Alibaba-NLP/gte-multilingual-base"">gte-multilingual-base</a>",305,1.14,768,8192,84.24,95.41,71.88,85.42
304,106,"<a target=""_blank"" style=""text-decoration: underline"" href=""https://openai.com/blog/new-embedding-models-and-api-updates"">text-embedding-3-large-256</a>",,,256,8191,84.22,89.02,76.56,87.09
217,107,"<a target=""_blank"" style=""text-decoration: underline"" href=""https://huggingface.co/nomic-ai/nomic-embed-text-v1.5"">nomic-embed-text-v1.5-256</a>",138,0.51,256,8192,84.09,92.31,73.61,86.34
180,108,"<a target=""_blank"" style=""text-decoration: underline"" href=""https://huggingface.co/izhx/udever-bloom-3b"">udever-bloom-3b</a>",3003,11.19,2560,2048,84.06,95.36,70.64,86.18
191,109,"<a target=""_blank"" style=""text-decoration: underline"" href=""https://huggingface.co/jinaai/jina-embeddings-v3"">jina-embeddings-v3</a>",572,2.13,1024,8194,84.01,96.99,70.9,84.14
34,110,"<a target=""_blank"" style=""text-decoration: underline"" href=""https://huggingface.co/Cohere/Cohere-embed-multilingual-light-v3.0"">Cohere-embed-multilingual-light-v3.0</a>",,,384,512,83.95,96.6,69.41,85.85
118,111,"<a target=""_blank"" style=""text-decoration: underline"" href=""https://huggingface.co/YanshekWoo/kalm-embedding-multilingual-mini"">kalm-embedding-multilingual-mini</a>",,,,,83.94,94.23,70.85,86.73
248,112,"<a target=""_blank"" style=""text-decoration: underline"" href=""https://huggingface.co/sentence-transformers/gtr-t5-base"">gtr-t5-base</a>",110,0.41,768,512,83.85,94.55,72.23,84.77
215,113,"<a target=""_blank"" style=""text-decoration: underline"" href=""https://huggingface.co/nomic-ai/nomic-embed-text-v1-unsupervised"">nomic-embed-text-v1-unsupervised</a>",137,0.51,768,8192,83.67,95.93,69.68,85.41
63,114,"<a target=""_blank"" style=""text-decoration: underline"" href=""https://huggingface.co/MAY-A/jina-embeddings-v2-base-de-Q5_K_M-GGUF"">jina-embeddings-v2-base-de-Q5_K_M-GGUF</a>",,,,,83.65,94.87,70.25,85.83
187,115,"<a target=""_blank"" style=""text-decoration: underline"" href=""https://huggingface.co/jinaai/jina-embeddings-v2-base-de"">jina-embeddings-v2-base-de</a>",161,0.6,768,8192,83.65,94.87,70.25,85.83
138,116,"<a target=""_blank"" style=""text-decoration: underline"" href=""https://huggingface.co/chris-code/jina-embeddings-v2-base-de-Q8_0-GGUF"">jina-embeddings-v2-base-de-Q8_0-GGUF</a>",,,,,83.65,94.87,70.25,85.83
289,117,"<a target=""_blank"" style=""text-decoration: underline"" href=""https://huggingface.co/zeroshot/gte-large-sparse"">gte-large-sparse</a>",,,,,83.58,94.67,70.34,85.72
173,118,"<a target=""_blank"" style=""text-decoration: underline"" href=""https://huggingface.co/intfloat/multilingual-e5-base"">multilingual-e5-base</a>",278,1.04,768,514,83.57,93.02,72.21,85.48
216,119,"<a target=""_blank"" style=""text-decoration: underline"" href=""https://huggingface.co/nomic-ai/nomic-embed-text-v1.5"">nomic-embed-text-v1.5-128</a>",138,0.51,128,8192,83.54,91.45,73.23,85.93
268,120,"<a target=""_blank"" style=""text-decoration: underline"" href=""https://huggingface.co/thenlper/gte-small"">gte-small</a>",33,0.12,384,512,83.54,95.57,70.12,84.92
162,121,"<a target=""_blank"" style=""text-decoration: underline"" href=""https://huggingface.co/hkunlp/instructor-base"">instructor-base</a>",110,0.41,768,512,83.51,90.35,73.99,86.2
129,122,"<a target=""_blank"" style=""text-decoration: underline"" href=""https://huggingface.co/avsolatorio/GIST-all-MiniLM-L6-v2"">GIST-all-MiniLM-L6-v2</a>",23,0.08,384,512,83.39,94.14,70.46,85.58
76,123,"<a target=""_blank"" style=""text-decoration: underline"" href=""https://huggingface.co/Mihaiii/Ivysaur"">Ivysaur</a>",23,0.08,384,512,83.32,95.12,69.78,85.07
179,124,"<a target=""_blank"" style=""text-decoration: underline"" href=""https://huggingface.co/izhx/udever-bloom-1b1"">udever-bloom-1b1</a>",,,1536,2048,83.11,94.58,69.14,85.62
290,125,"<a target=""_blank"" style=""text-decoration: underline"" href=""https://huggingface.co/zeroshot/gte-small-quant"">gte-small-quant</a>",,,,,83.09,95.49,68.61,85.16
243,126,"<a target=""_blank"" style=""text-decoration: underline"" href=""https://huggingface.co/sentence-transformers/all-mpnet-base-v2"">all-mpnet-base-v2</a>",110,0.41,768,514,83.04,90.15,73.87,85.11
184,127,"<a target=""_blank"" style=""text-decoration: underline"" href=""https://huggingface.co/jinaai/jina-embedding-b-en-v1"">jina-embedding-b-en-v1</a>",110,0.41,768,512,83.04,95.48,68.3,85.33
61,128,"<a target=""_blank"" style=""text-decoration: underline"" href=""https://huggingface.co/Lajavaness/bilingual-embedding-small"">bilingual-embedding-small</a>",118,0.44,384,512,82.95,94.38,67.98,86.48
115,129,"<a target=""_blank"" style=""text-decoration: underline"" href=""https://huggingface.co/TaylorAI/gte-tiny"">gte-tiny</a>",23,0.08,384,512,82.83,95.48,68.17,84.84
280,130,"<a target=""_blank"" style=""text-decoration: underline"" href=""https://huggingface.co/w601sxs/b1ade-embed-kd"">b1ade-embed-kd</a>",335,1.25,1024,512,82.83,93.02,71.07,84.4
114,131,"<a target=""_blank"" style=""text-decoration: underline"" href=""https://huggingface.co/TaylorAI/bge-micro-v2"">bge-micro-v2</a>",17,0.06,384,512,82.81,95.78,67.76,84.89
176,132,"<a target=""_blank"" style=""text-decoration: underline"" href=""https://huggingface.co/intfloat/multilingual-e5-small"">multilingual-e5-small</a>",118,0.44,384,512,82.73,92.42,70.75,85.03
75,133,"<a target=""_blank"" style=""text-decoration: underline"" href=""https://huggingface.co/Mihaiii/Bulbasaur"">Bulbasaur</a>",17,0.06,384,512,82.69,95.35,67.97,84.75
83,134,"<a target=""_blank"" style=""text-decoration: underline"" href=""https://huggingface.co/Mihaiii/gte-micro-v4"">gte-micro-v4</a>",19,0.07,384,512,82.59,95.54,67.55,84.68
66,135,"<a target=""_blank"" style=""text-decoration: underline"" href=""https://huggingface.co/Marqo/multilingual-e5-small"">multilingual-e5-small</a>",118,0.44,384,512,82.59,92.18,70.75,84.83
221,136,"<a target=""_blank"" style=""text-decoration: underline"" href=""https://huggingface.co/nthakur/contriever-base-msmarco"">contriever-base-msmarco</a>",110,0.41,768,512,82.54,95.55,66.85,85.21
241,137,"<a target=""_blank"" style=""text-decoration: underline"" href=""https://huggingface.co/sentence-transformers/all-MiniLM-L12-v2"">all-MiniLM-L12-v2</a>",33,0.12,384,512,82.46,92.58,70.02,84.77
202,138,"<a target=""_blank"" style=""text-decoration: underline"" href=""https://huggingface.co/mgoin/all-MiniLM-L6-v2-ds"">all-MiniLM-L6-v2-ds</a>",,,,,82.37,94.55,67.86,84.7
242,139,"<a target=""_blank"" style=""text-decoration: underline"" href=""https://huggingface.co/sentence-transformers/all-MiniLM-L6-v2"">all-MiniLM-L6-v2</a>",23,0.09,384,512,82.37,94.55,67.86,84.7
219,140,"<a target=""_blank"" style=""text-decoration: underline"" href=""https://huggingface.co/nomic-ai/nomic-embed-text-v1.5"">nomic-embed-text-v1.5-64</a>",138,0.51,64,8192,82.26,90.06,71.68,85.03
126,141,"<a target=""_blank"" style=""text-decoration: underline"" href=""https://huggingface.co/amazon/Titan-text-embeddings-v2"">Titan-text-embeddings-v2</a>",,,,,82.14,92.92,67.8,85.71
143,142,"<a target=""_blank"" style=""text-decoration: underline"" href=""https://huggingface.co/consciousAI/cai-stellaris-text-embeddings"">cai-stellaris-text-embeddings</a>",53,0.2,768,514,82.11,93.23,69.6,83.49
111,143,"<a target=""_blank"" style=""text-decoration: underline"" href=""https://huggingface.co/Snowflake/snowflake-arctic-embed-s"">snowflake-arctic-embed-s</a>",33,0.12,384,512,82.07,95.28,65.78,85.15
287,144,"<a target=""_blank"" style=""text-decoration: underline"" href=""https://huggingface.co/yixuan-chia/snowflake-arctic-embed-m-long-Q8_0-GGUF"">snowflake-arctic-embed-m-long-Q8_0-GGUF</a>",,,,,82.02,94.67,66.17,85.21
109,145,"<a target=""_blank"" style=""text-decoration: underline"" href=""https://huggingface.co/Snowflake/snowflake-arctic-embed-m-long"">snowflake-arctic-embed-m-long</a>",137,0.51,768,8192,82.02,94.67,66.17,85.21
90,146,"<a target=""_blank"" style=""text-decoration: underline"" href=""https://huggingface.co/Muennighoff/SGPT-5.8B-weightedmean-msmarco-specb-bitfit"">SGPT-5.8B-weightedmean-msmarco-specb-bitfit</a>",5874,21.88,4096,2048,82.0,93.84,66.87,85.29
212,147,"<a target=""_blank"" style=""text-decoration: underline"" href=""https://huggingface.co/neuralmagic/bge-small-en-v1.5-sparse"">bge-small-en-v1.5-sparse</a>",,,,,81.93,94.59,67.01,84.2
135,148,"<a target=""_blank"" style=""text-decoration: underline"" href=""https://huggingface.co/bigscience/sgpt-bloom-7b1-msmarco"">sgpt-bloom-7b1-msmarco</a>",,,,,81.9,94.93,65.31,85.46
113,149,"<a target=""_blank"" style=""text-decoration: underline"" href=""https://huggingface.co/TaylorAI/bge-micro"">bge-micro</a>",17,0.06,384,512,81.77,95.3,65.79,84.22
252,150,"<a target=""_blank"" style=""text-decoration: underline"" href=""https://huggingface.co/sentence-transformers/msmarco-bert-co-condensor"">msmarco-bert-co-condensor</a>",110,0.41,768,512,81.74,96.09,65.95,83.17
127,151,"<a target=""_blank"" style=""text-decoration: underline"" href=""https://huggingface.co/andersonbcdefg/bge-small-4096"">bge-small-4096</a>",35,0.13,384,4096,81.4,95.15,65.79,83.27
125,152,"<a target=""_blank"" style=""text-decoration: underline"" href=""https://huggingface.co/aimlresearch2023/snowflake-arctic-embed-m-v1.5-Q8_0-GGUF"">snowflake-arctic-embed-m-v1.5-Q8_0-GGUF</a>",,,,,81.36,96.15,63.28,84.66
110,153,"<a target=""_blank"" style=""text-decoration: underline"" href=""https://huggingface.co/Snowflake/snowflake-arctic-embed-m-v1.5"">snowflake-arctic-embed-m-v1.5</a>",109,0.41,768,512,81.36,96.15,63.28,84.66
112,154,"<a target=""_blank"" style=""text-decoration: underline"" href=""https://huggingface.co/Snowflake/snowflake-arctic-embed-xs"">snowflake-arctic-embed-xs</a>",23,0.08,384,512,81.33,94.96,64.32,84.7
307,155,"<a target=""_blank"" style=""text-decoration: underline"" href=""https://www.elastic.co/guide/en/machine-learning/current/ml-nlp-elser.html"">elser-v2</a>",110,0.41,30522,512,81.32,94.53,64.41,85.01
108,156,"<a target=""_blank"" style=""text-decoration: underline"" href=""https://huggingface.co/Snowflake/snowflake-arctic-embed-m"">snowflake-arctic-embed-m</a>",109,0.41,768,512,81.07,95.21,63.28,84.72
181,157,"<a target=""_blank"" style=""text-decoration: underline"" href=""https://huggingface.co/izhx/udever-bloom-560m"">udever-bloom-560m</a>",,,1024,2048,81.05,92.09,65.96,85.11
146,158,"<a target=""_blank"" style=""text-decoration: underline"" href=""https://huggingface.co/deepfile/embedder-100p"">embedder-100p</a>",278,1.04,768,514,81.03,90.68,67.77,84.65
72,159,"<a target=""_blank"" style=""text-decoration: underline"" href=""https://huggingface.co/McGill-NLP/LLM2Vec-Mistral-7B-Instruct-v2-mntp-unsup-simcse"">LLM2Vec-Mistral-unsupervised</a>",7111,26.49,4096,32768,80.94,91.3,68.76,82.76
150,160,"<a target=""_blank"" style=""text-decoration: underline"" href=""https://huggingface.co/djovak/multi-qa-MiniLM-L6-cos-v1"">multi-qa-MiniLM-L6-cos-v1</a>",23,0.09,384,512,80.86,93.84,64.72,84.01
255,161,"<a target=""_blank"" style=""text-decoration: underline"" href=""https://huggingface.co/sentence-transformers/paraphrase-multilingual-mpnet-base-v2"">paraphrase-multilingual-mpnet-base-v2</a>",278,1.04,768,514,80.81,90.55,66.75,85.14
107,162,"<a target=""_blank"" style=""text-decoration: underline"" href=""https://huggingface.co/Snowflake/snowflake-arctic-embed-l"">snowflake-arctic-embed-l</a>",334,1.24,1024,512,80.8,95.2,62.35,84.84
80,163,"<a target=""_blank"" style=""text-decoration: underline"" href=""https://huggingface.co/Mihaiii/gte-micro"">gte-micro</a>",17,0.06,384,512,80.73,94.26,63.85,84.07
89,164,"<a target=""_blank"" style=""text-decoration: underline"" href=""https://huggingface.co/Muennighoff/SGPT-2.7B-weightedmean-msmarco-specb-bitfit"">SGPT-2.7B-weightedmean-msmarco-specb-bitfit</a>",2685,10.0,2560,2048,80.65,93.47,63.68,84.8
79,165,"<a target=""_blank"" style=""text-decoration: underline"" href=""https://huggingface.co/Mihaiii/Wartortle"">Wartortle</a>",17,0.06,384,512,80.62,89.85,67.48,84.53
78,166,"<a target=""_blank"" style=""text-decoration: underline"" href=""https://huggingface.co/Mihaiii/Venusaur"">Venusaur</a>",16,0.06,384,512,80.57,89.26,69.26,83.19
84,167,"<a target=""_blank"" style=""text-decoration: underline"" href=""https://huggingface.co/Mihaiii/test24"">test24</a>",17,0.06,384,512,80.4,94.4,63.86,82.95
47,168,"<a target=""_blank"" style=""text-decoration: underline"" href=""https://huggingface.co/Hum-Works/lodestone-base-4096-v1"">lodestone-base-4096-v1</a>",69,0.26,768,4096,80.4,90.41,67.67,83.11
272,169,"<a target=""_blank"" style=""text-decoration: underline"" href=""https://huggingface.co/twadada/nmc-nignore15"">nmc-nignore15</a>",,,,,80.13,91.89,65.18,83.31
273,170,"<a target=""_blank"" style=""text-decoration: underline"" href=""https://huggingface.co/twadada/nmc-nignore30"">nmc-nignore30</a>",,,,,80.0,93.49,63.41,83.09
106,171,"<a target=""_blank"" style=""text-decoration: underline"" href=""https://huggingface.co/Shimin/yiyouliao"">yiyouliao</a>",,,,,79.84,92.98,62.44,84.1
85,172,"<a target=""_blank"" style=""text-decoration: underline"" href=""https://huggingface.co/Mihaiii/test25"">test25</a>",17,0.06,384,512,79.7,92.14,63.44,83.53
274,173,"<a target=""_blank"" style=""text-decoration: underline"" href=""https://huggingface.co/twadada/nmc-nignore50"">nmc-nignore50</a>",,,,,79.62,94.03,61.92,82.91
278,174,"<a target=""_blank"" style=""text-decoration: underline"" href=""https://huggingface.co/vprelovac/universal-sentence-encoder-multilingual-large-3"">universal-sentence-encoder-multilingual-large-3</a>",,,512,512,79.62,90.89,63.76,84.2
86,175,"<a target=""_blank"" style=""text-decoration: underline"" href=""https://huggingface.co/Muennighoff/SGPT-1.3B-weightedmean-msmarco-specb-bitfit"">SGPT-1.3B-weightedmean-msmarco-specb-bitfit</a>",1341,4.99,2048,2048,79.58,92.58,62.37,83.79
276,176,"<a target=""_blank"" style=""text-decoration: underline"" href=""https://huggingface.co/vprelovac/universal-sentence-encoder-large-5"">universal-sentence-encoder-large-5</a>",,,,,79.53,84.37,70.13,84.09
195,177,"<a target=""_blank"" style=""text-decoration: underline"" href=""https://huggingface.co/lixsh6/XLM-3B5-embedding"">XLM-3B5-embedding</a>",,,,,79.23,86.13,68.03,83.52
186,178,"<a target=""_blank"" style=""text-decoration: underline"" href=""https://huggingface.co/jinaai/jina-embedding-s-en-v1"">jina-embedding-s-en-v1</a>",35,0.13,512,512,79.22,94.93,59.3,83.44
240,179,"<a target=""_blank"" style=""text-decoration: underline"" href=""https://huggingface.co/sentence-transformers/LaBSE"">LaBSE</a>",471,1.75,768,512,78.87,89.26,62.78,84.58
77,180,"<a target=""_blank"" style=""text-decoration: underline"" href=""https://huggingface.co/Mihaiii/Squirtle"">Squirtle</a>",16,0.06,384,512,78.57,85.22,67.56,82.94
271,181,"<a target=""_blank"" style=""text-decoration: underline"" href=""https://huggingface.co/twadada/nmc-300-w75k-b10k"">nmc-300-w75k-b10k</a>",,,,,78.46,87.35,65.35,82.68
254,182,"<a target=""_blank"" style=""text-decoration: underline"" href=""https://huggingface.co/sentence-transformers/paraphrase-multilingual-MiniLM-L12-v2"">paraphrase-multilingual-MiniLM-L12-v2</a>",118,0.44,384,512,78.45,89.46,62.06,83.83
270,183,"<a target=""_blank"" style=""text-decoration: underline"" href=""https://huggingface.co/twadada/nmc-300-w50k-b10k"">nmc-300-w50k-b10k</a>",,,,,78.41,87.42,65.16,82.64
247,184,"<a target=""_blank"" style=""text-decoration: underline"" href=""https://huggingface.co/sentence-transformers/distiluse-base-multilingual-cased-v2"">distiluse-base-multilingual-cased-v2</a>",135,0.5,512,512,78.3,88.43,62.46,84.02
70,185,"<a target=""_blank"" style=""text-decoration: underline"" href=""https://huggingface.co/McGill-NLP/LLM2Vec-Meta-Llama-3-8B-Instruct-mntp-unsup-simcse"">LLM2Vec-Meta-Llama-3-unsupervised</a>",7505,27.96,4096,8192,78.01,88.14,66.6,79.3
68,186,"<a target=""_blank"" style=""text-decoration: underline"" href=""https://huggingface.co/McGill-NLP/LLM2Vec-Llama-2-7b-chat-hf-mntp-unsup-simcse"">LLM2Vec-Llama-2-unsupervised</a>",6607,24.61,4096,4096,77.88,87.57,65.14,80.94
194,187,"<a target=""_blank"" style=""text-decoration: underline"" href=""https://huggingface.co/lixsh6/XLM-0B6-embedding"">XLM-0B6-embedding</a>",,,,,77.83,88.21,64.8,80.49
301,188,"<a target=""_blank"" style=""text-decoration: underline"" href=""https://openai.com/blog/introducing-text-and-code-embeddings"">text-similarity-curie-001</a>",,,4096,2046,77.79,79.85,69.45,84.06
265,189,"<a target=""_blank"" style=""text-decoration: underline"" href=""https://huggingface.co/technicolor/Angle_BERT"">Angle_BERT</a>",109,0.41,768,512,77.75,82.81,66.16,84.28
300,190,"<a target=""_blank"" style=""text-decoration: underline"" href=""https://openai.com/blog/introducing-text-and-code-embeddings"">text-similarity-babbage-001</a>",,,2048,2046,77.46,76.46,70.85,85.08
91,191,"<a target=""_blank"" style=""text-decoration: underline"" href=""https://huggingface.co/Muennighoff/SGPT-5.8B-weightedmean-nli-bitfit"">SGPT-5.8B-weightedmean-nli-bitfit</a>",5874,21.88,4096,2048,77.03,80.54,66.0,84.54
29,192,"<a target=""_blank"" style=""text-decoration: underline"" href=""https://huggingface.co/ClayAtlas/winberta-base"">winberta-base</a>",,,,,76.96,90.71,58.07,82.09
299,193,"<a target=""_blank"" style=""text-decoration: underline"" href=""https://openai.com/blog/introducing-text-and-code-embeddings"">text-similarity-ada-001</a>",,,1024,2046,76.93,78.07,69.04,83.69
193,194,"<a target=""_blank"" style=""text-decoration: underline"" href=""https://huggingface.co/lixsh6/MegatronBert-1B3-embedding"">MegatronBert-1B3-embedding</a>",,,,,76.9,87.07,62.51,81.11
262,195,"<a target=""_blank"" style=""text-decoration: underline"" href=""https://huggingface.co/shibing624/text2vec-base-multilingual"">text2vec-base-multilingual</a>",118,0.44,384,512,76.49,83.53,62.49,83.46
275,196,"<a target=""_blank"" style=""text-decoration: underline"" href=""https://huggingface.co/vprelovac/universal-sentence-encoder-4"">universal-sentence-encoder-4</a>",,,,,76.23,86.37,60.64,81.68
302,197,"<a target=""_blank"" style=""text-decoration: underline"" href=""https://openai.com/blog/introducing-text-and-code-embeddings"">text-similarity-davinci-001</a>",,,12288,2046,75.9,69.52,74.42,83.75
277,198,"<a target=""_blank"" style=""text-decoration: underline"" href=""https://huggingface.co/vprelovac/universal-sentence-encoder-multilingual-3"">universal-sentence-encoder-multilingual-3</a>",,,512,512,75.43,87.05,57.03,82.21
87,199,"<a target=""_blank"" style=""text-decoration: underline"" href=""https://huggingface.co/Muennighoff/SGPT-125M-weightedmean-msmarco-specb-bitfit"">SGPT-125M-weightedmean-msmarco-specb-bitfit</a>",138,0.51,768,2048,75.23,89.89,54.75,81.06
227,200,"<a target=""_blank"" style=""text-decoration: underline"" href=""https://huggingface.co/princeton-nlp/sup-simcse-bert-base-uncased"">sup-simcse-bert-base-uncased</a>",110,0.41,768,512,74.89,73.04,67.75,83.89
64,201,"<a target=""_blank"" style=""text-decoration: underline"" href=""https://huggingface.co/ManiShankar-AlpesAi/paraphrase-multilingual-mpnet-base-v2-KE_Sieve"">paraphrase-multilingual-mpnet-base-v2-KE_Sieve</a>",,,,,74.53,77.36,63.58,82.64
228,202,"<a target=""_blank"" style=""text-decoration: underline"" href=""https://huggingface.co/princeton-nlp/unsup-simcse-bert-base-uncased"">unsup-simcse-bert-base-uncased</a>",110,0.41,768,512,73.47,78.03,61.01,81.37
246,203,"<a target=""_blank"" style=""text-decoration: underline"" href=""https://huggingface.co/sentence-transformers/average_word_embeddings_komninos"">komninos</a>",134,0.5,300,N/A,72.99,85.55,54.02,79.41
245,204,"<a target=""_blank"" style=""text-decoration: underline"" href=""https://huggingface.co/sentence-transformers/average_word_embeddings_glove.6B.300d"">glove.6B.300d</a>",120,0.45,300,N/A,72.48,86.96,53.12,77.35
74,205,"<a target=""_blank"" style=""text-decoration: underline"" href=""https://huggingface.co/McGill-NLP/LLM2Vec-Sheared-LLaMA-mntp-unsup-simcse"">LLM2Vec-Sheared-Llama-unsupervised</a>",1280,4.77,2048,4096,72.21,77.36,61.54,77.73
88,206,"<a target=""_blank"" style=""text-decoration: underline"" href=""https://huggingface.co/Muennighoff/SGPT-125M-weightedmean-nli-bitfit"">SGPT-125M-weightedmean-nli-bitfit</a>",138,0.51,768,2048,71.78,77.73,57.09,80.51
156,207,"<a target=""_blank"" style=""text-decoration: underline"" href=""https://huggingface.co/facebook/SONAR"">SONAR</a>",,,,,71.4,77.08,53.58,83.53
11,208,"<a target=""_blank"" style=""text-decoration: underline"" href=""https://github.com/facebookresearch/LASER"">LASER2</a>",43,0.16,1024,N/A,69.84,68.48,59.57,81.47
244,209,"<a target=""_blank"" style=""text-decoration: underline"" href=""https://huggingface.co/sentence-transformers/allenai-specter"">allenai-specter</a>",110,0.41,768,512,61.37,71.63,43.25,69.22
134,210,"<a target=""_blank"" style=""text-decoration: underline"" href=""https://huggingface.co/bert-base-uncased"">bert-base-uncased</a>",110,0.41,768,512,56.33,36.81,55.9,76.29
269,211,"<a target=""_blank"" style=""text-decoration: underline"" href=""https://huggingface.co/thtang/ALL_862873"">ALL_862873</a>",118,0.44,384,512,30.61,17.4,30.38,44.04
281,212,"<a target=""_blank"" style=""text-decoration: underline"" href=""https://huggingface.co/w601sxs/b1ade-embed-kd_3"">b1ade-embed-kd_3</a>",335,1.25,1024,512,0.79,0.85,0.67,0.84
2,213,"<a target=""_blank"" style=""text-decoration: underline"" href=""https://docs.aws.amazon.com/bedrock/latest/userguide/embeddings.html"">titan-embed-text-v1</a>",,,1536,8000,,,,
3,214,"<a target=""_blank"" style=""text-decoration: underline"" href=""https://docs.mistral.ai/guides/embeddings"">mistral-embed</a>",,,1024,,,,,
4,215,"<a target=""_blank"" style=""text-decoration: underline"" href=""https://docs.voyageai.com/embeddings/"">voyage-2</a>",,,1024,1024,,,,
5,216,"<a target=""_blank"" style=""text-decoration: underline"" href=""https://docs.voyageai.com/embeddings/"">voyage-code-2</a>",,,1536,16000,,,,
7,217,"<a target=""_blank"" style=""text-decoration: underline"" href=""https://docs.voyageai.com/embeddings/"">voyage-law-2</a>",,,1024,16000,,,,
10,218,"<a target=""_blank"" style=""text-decoration: underline"" href=""https://docs.voyageai.com/embeddings/"">voyage-multilingual-2</a>",,,1024,32000,,,,
13,220,"<a target=""_blank"" style=""text-decoration: underline"" href=""https://huggingface.co/AdrienB134/llm2vec-croissant-mntp"">llm2vec-croissant-mntp</a>",1280,4.77,2048,2048,,,,
24,222,"<a target=""_blank"" style=""text-decoration: underline"" href=""https://huggingface.co/BAAI/bge-m3"">bge-m3</a>",567,2.11,1024,8192,,,,
28,223,"<a target=""_blank"" style=""text-decoration: underline"" href=""https://huggingface.co/BeastyZ/e5-R-mistral-7b"">e5-R-mistral-7b</a>",7242,26.98,4096,32768,,,,
37,226,"<a target=""_blank"" style=""text-decoration: underline"" href=""https://huggingface.co/DeepPavlov/distilrubert-small-cased-conversational"">distilrubert-small-cased-conversational</a>",106,0.39,768,512,,,,
38,227,"<a target=""_blank"" style=""text-decoration: underline"" href=""https://huggingface.co/DeepPavlov/rubert-base-cased"">rubert-base-cased</a>",180,0.67,768,512,,,,
39,228,"<a target=""_blank"" style=""text-decoration: underline"" href=""https://huggingface.co/DeepPavlov/rubert-base-cased-sentence"">rubert-base-cased-sentence</a>",180,0.67,768,512,,,,
41,230,"<a target=""_blank"" style=""text-decoration: underline"" href=""https://huggingface.co/Gameselo/STS-multilingual-mpnet-base-v2"">STS-multilingual-mpnet-base-v2</a>",278,1.04,768,514,,,,
42,231,"<a target=""_blank"" style=""text-decoration: underline"" href=""https://huggingface.co/Geotrend/bert-base-10lang-cased"">bert-base-10lang-cased</a>",138,0.51,768,512,,,,
43,232,"<a target=""_blank"" style=""text-decoration: underline"" href=""https://huggingface.co/Geotrend/bert-base-15lang-cased"">bert-base-15lang-cased</a>",138,0.51,768,512,,,,
44,233,"<a target=""_blank"" style=""text-decoration: underline"" href=""https://huggingface.co/Geotrend/bert-base-25lang-cased"">bert-base-25lang-cased</a>",138,0.51,768,512,,,,
54,240,"<a target=""_blank"" style=""text-decoration: underline"" href=""https://huggingface.co/Jaume/gemma-2b-embeddings"">gemma-2b-embeddings</a>",2506,9.34,2048,8192,,,,
60,241,"<a target=""_blank"" style=""text-decoration: underline"" href=""https://huggingface.co/Lajavaness/bilingual-embedding-large-8k"">bilingual-embedding-large-8k</a>",568,2.12,1024,8194,,,,
81,243,"<a target=""_blank"" style=""text-decoration: underline"" href=""https://huggingface.co/Mihaiii/gte-micro-v2"">gte-micro-v2</a>",17,0.06,384,512,,,,
82,244,"<a target=""_blank"" style=""text-decoration: underline"" href=""https://huggingface.co/Mihaiii/gte-micro-v3"">gte-micro-v3</a>",17,0.06,384,512,,,,
92,245,"<a target=""_blank"" style=""text-decoration: underline"" href=""https://huggingface.co/Omartificial-Intelligence-Space/Arabert-all-nli-triplet-Matryoshka"">Arabert-all-nli-triplet-Matryoshka</a>",135,0.5,768,512,,,,
93,246,"<a target=""_blank"" style=""text-decoration: underline"" href=""https://huggingface.co/Omartificial-Intelligence-Space/Arabic-MiniLM-L12-v2-all-nli-triplet"">Arabic-MiniLM-L12-v2-all-nli-triplet</a>",118,0.44,384,512,,,,
94,247,"<a target=""_blank"" style=""text-decoration: underline"" href=""https://huggingface.co/Omartificial-Intelligence-Space/Arabic-all-nli-triplet-Matryoshka"">Arabic-all-nli-triplet-Matryoshka</a>",278,1.04,768,514,,,,
95,248,"<a target=""_blank"" style=""text-decoration: underline"" href=""https://huggingface.co/Omartificial-Intelligence-Space/Arabic-labse-Matryoshka"">Arabic-labse-Matryoshka</a>",471,1.75,768,512,,,,
96,249,"<a target=""_blank"" style=""text-decoration: underline"" href=""https://huggingface.co/Omartificial-Intelligence-Space/Arabic-mpnet-base-all-nli-triplet"">Arabic-mpnet-base-all-nli-triplet</a>",109,0.41,768,514,,,,
97,250,"<a target=""_blank"" style=""text-decoration: underline"" href=""https://huggingface.co/Omartificial-Intelligence-Space/Marbert-all-nli-triplet-Matryoshka"">Marbert-all-nli-triplet-Matryoshka</a>",163,0.61,768,512,,,,
98,251,"<a target=""_blank"" style=""text-decoration: underline"" href=""https://huggingface.co/OrdalieTech/Solon-embeddings-large-0.1"">Solon-embeddings-large-0.1</a>",560,2.09,1024,514,,,,
99,252,"<a target=""_blank"" style=""text-decoration: underline"" href=""https://huggingface.co/OrlikB/st-polish-kartonberta-base-alpha-v1"">st-polish-kartonberta-base-alpha-v1</a>",124,0.46,768,514,,,,
105,254,"<a target=""_blank"" style=""text-decoration: underline"" href=""https://huggingface.co/Shimin/LLaMA-embeeding"">LLaMA-embeeding</a>",,,,,,57.56,,
117,255,"<a target=""_blank"" style=""text-decoration: underline"" href=""https://huggingface.co/Wissam42/sentence-croissant-llm-base"">sentence-croissant-llm-base</a>",1280,4.77,2048,2048,,,,
120,256,"<a target=""_blank"" style=""text-decoration: underline"" href=""https://huggingface.co/aari1995/German_Semantic_STS_V2"">German_Semantic_STS_V2</a>",336,1.25,1024,512,,,,
122,257,"<a target=""_blank"" style=""text-decoration: underline"" href=""https://huggingface.co/ai-forever/ru-en-RoSBERTa"">ru-en-RoSBERTa</a>",404,1.5,1024,514,,,,
123,258,"<a target=""_blank"" style=""text-decoration: underline"" href=""https://huggingface.co/ai-forever/sbert_large_mt_nlu_ru"">sbert_large_mt_nlu_ru</a>",427,1.59,1024,514,,,,
124,259,"<a target=""_blank"" style=""text-decoration: underline"" href=""https://huggingface.co/ai-forever/sbert_large_nlu_ru"">sbert_large_nlu_ru</a>",427,1.59,1024,512,,,,
137,260,"<a target=""_blank"" style=""text-decoration: underline"" href=""https://huggingface.co/brahmairesearch/slx-v0.1"">slx-v0.1</a>",23,0.08,384,512,,,,
139,261,"<a target=""_blank"" style=""text-decoration: underline"" href=""https://huggingface.co/cointegrated/LaBSE-en-ru"">LaBSE-en-ru</a>",129,0.48,768,512,,,,
140,262,"<a target=""_blank"" style=""text-decoration: underline"" href=""https://huggingface.co/cointegrated/rubert-tiny"">rubert-tiny</a>",12,0.04,512,514,,,,
141,263,"<a target=""_blank"" style=""text-decoration: underline"" href=""https://huggingface.co/cointegrated/rubert-tiny2"">rubert-tiny2</a>",29,0.11,2048,514,,,,
144,265,"<a target=""_blank"" style=""text-decoration: underline"" href=""https://huggingface.co/dangvantuan/sentence-camembert-base"">sentence-camembert-base</a>",110,0.41,768,512,,,,
145,266,"<a target=""_blank"" style=""text-decoration: underline"" href=""https://huggingface.co/dangvantuan/sentence-camembert-large"">sentence-camembert-large</a>",337,1.26,1024,512,,,,
147,267,"<a target=""_blank"" style=""text-decoration: underline"" href=""https://huggingface.co/deepvk/USER-base"">USER-base</a>",124,0.46,768,512,,,,
148,268,"<a target=""_blank"" style=""text-decoration: underline"" href=""https://huggingface.co/deepvk/USER-bge-m3"">USER-bge-m3</a>",359,1.34,1024,8192,,,,
149,269,"<a target=""_blank"" style=""text-decoration: underline"" href=""https://huggingface.co/deepvk/deberta-v1-base"">deberta-v1-base</a>",124,0.46,768,512,,,,
152,270,"<a target=""_blank"" style=""text-decoration: underline"" href=""https://huggingface.co/dumyy/sft-bge-small"">sft-bge-small</a>",24,0.09,512,512,,,,
157,271,"<a target=""_blank"" style=""text-decoration: underline"" href=""https://huggingface.co/flaubert/flaubert_base_cased"">flaubert_base_cased</a>",138,0.51,768,512,,,,
158,272,"<a target=""_blank"" style=""text-decoration: underline"" href=""https://huggingface.co/flaubert/flaubert_base_uncased"">flaubert_base_uncased</a>",138,0.51,768,512,,,,
159,273,"<a target=""_blank"" style=""text-decoration: underline"" href=""https://huggingface.co/flaubert/flaubert_large_cased"">flaubert_large_cased</a>",372,1.39,1024,512,,,,
160,274,"<a target=""_blank"" style=""text-decoration: underline"" href=""https://huggingface.co/google-bert/bert-base-multilingual-cased"">bert-base-multilingual-cased</a>",179,0.67,768,512,,,,
161,275,"<a target=""_blank"" style=""text-decoration: underline"" href=""https://huggingface.co/google-bert/bert-base-multilingual-uncased"">bert-base-multilingual-uncased</a>",168,0.63,768,512,,,,
177,276,"<a target=""_blank"" style=""text-decoration: underline"" href=""https://huggingface.co/ipipan/herbert-base-retrieval-v2"">herbert-base-retrieval-v2</a>",125,0.47,768,514,,,,
178,277,"<a target=""_blank"" style=""text-decoration: underline"" href=""https://huggingface.co/ipipan/silver-retriever-base-v1"">silver-retriever-base-v1</a>",125,0.47,768,514,,,,
197,278,"<a target=""_blank"" style=""text-decoration: underline"" href=""https://huggingface.co/manu/bge-m3-custom-fr"">bge-m3-custom-fr</a>",568,2.12,1024,8194,,,,
198,279,"<a target=""_blank"" style=""text-decoration: underline"" href=""https://huggingface.co/manu/sentence_croissant_alpha_v0.1"">sentence_croissant_alpha_v0.1</a>",1280,4.77,2048,2048,,,,
199,280,"<a target=""_blank"" style=""text-decoration: underline"" href=""https://huggingface.co/manu/sentence_croissant_alpha_v0.2"">sentence_croissant_alpha_v0.2</a>",1280,4.77,2048,2048,,,,
200,281,"<a target=""_blank"" style=""text-decoration: underline"" href=""https://huggingface.co/manu/sentence_croissant_alpha_v0.3"">sentence_croissant_alpha_v0.3</a>",1280,4.77,2048,2048,,,,
201,282,"<a target=""_blank"" style=""text-decoration: underline"" href=""https://huggingface.co/manu/sentence_croissant_alpha_v0.4"">sentence_croissant_alpha_v0.4</a>",1280,4.77,2048,2048,,,,
206,284,"<a target=""_blank"" style=""text-decoration: underline"" href=""https://huggingface.co/mukaj/fin-mpnet-base"">fin-mpnet-base</a>",109,0.41,768,514,,,,
224,285,"<a target=""_blank"" style=""text-decoration: underline"" href=""https://huggingface.co/nvidia/NV-Retriever-v1"">NV-Retriever-v1</a>",7111,26.49,4096,512,,,,
225,286,"<a target=""_blank"" style=""text-decoration: underline"" href=""https://huggingface.co/openbmb/MiniCPM-Embedding"">MiniCPM-Embedding</a>",2725,10.15,2304,2048,,,,
229,287,"<a target=""_blank"" style=""text-decoration: underline"" href=""https://huggingface.co/qinxianliu/FAE-v1"">FAE-v1</a>",335,1.25,1024,512,,,,
233,288,"<a target=""_blank"" style=""text-decoration: underline"" href=""https://huggingface.co/sdadas/mmlw-e5-base"">mmlw-e5-base</a>",278,1.04,768,514,,,,
234,289,"<a target=""_blank"" style=""text-decoration: underline"" href=""https://huggingface.co/sdadas/mmlw-e5-large"">mmlw-e5-large</a>",560,2.09,1024,514,,,,
235,290,"<a target=""_blank"" style=""text-decoration: underline"" href=""https://huggingface.co/sdadas/mmlw-e5-small"">mmlw-e5-small</a>",118,0.44,384,512,,,,
236,291,"<a target=""_blank"" style=""text-decoration: underline"" href=""https://huggingface.co/sdadas/mmlw-roberta-base"">mmlw-roberta-base</a>",124,0.46,768,514,,,,
237,292,"<a target=""_blank"" style=""text-decoration: underline"" href=""https://huggingface.co/sdadas/mmlw-roberta-large"">mmlw-roberta-large</a>",435,1.62,1024,514,,,,
238,293,"<a target=""_blank"" style=""text-decoration: underline"" href=""https://huggingface.co/sdadas/st-polish-paraphrase-from-distilroberta"">st-polish-paraphrase-from-distilroberta</a>",125,0.47,768,514,,,,
239,294,"<a target=""_blank"" style=""text-decoration: underline"" href=""https://huggingface.co/sdadas/st-polish-paraphrase-from-mpnet"">st-polish-paraphrase-from-mpnet</a>",125,0.47,768,514,,,,
253,295,"<a target=""_blank"" style=""text-decoration: underline"" href=""https://huggingface.co/sentence-transformers/multi-qa-MiniLM-L6-cos-v1"">multi-qa-MiniLM-L6-cos-v1</a>",23,0.09,384,512,,,,
260,296,"<a target=""_blank"" style=""text-decoration: underline"" href=""https://huggingface.co/sergeyzh/LaBSE-ru-turbo"">LaBSE-ru-turbo</a>",128,0.48,768,512,,,,
261,297,"<a target=""_blank"" style=""text-decoration: underline"" href=""https://huggingface.co/sergeyzh/rubert-tiny-turbo"">rubert-tiny-turbo</a>",29,0.11,312,2048,,,,
264,299,"<a target=""_blank"" style=""text-decoration: underline"" href=""https://huggingface.co/tanmaylaud/ret-phi2-v0"">ret-phi2-v0</a>",2649,9.87,2560,2048,,,,
283,300,"<a target=""_blank"" style=""text-decoration: underline"" href=""https://huggingface.co/xlm-roberta-base"">xlm-roberta-base</a>",279,1.04,768,514,,,,
284,301,"<a target=""_blank"" style=""text-decoration: underline"" href=""https://huggingface.co/xlm-roberta-large"">xlm-roberta-large</a>",560,2.09,1024,514,,,,
285,302,"<a target=""_blank"" style=""text-decoration: underline"" href=""https://huggingface.co/yco/bilingual-embedding-base"">bilingual-embedding-base</a>",278,1.04,768,514,,,,
292,303,"<a target=""_blank"" style=""text-decoration: underline"" href=""https://huggingface.co/zhou-xl/bi-cse"">bi-cse</a>",560,2.09,1024,514,,,,
294,304,"<a target=""_blank"" style=""text-decoration: underline"" href=""https://openai.com/blog/introducing-text-and-code-embeddings"">text-search-ada-001</a>",,,1024,2046,,,,
295,305,"<a target=""_blank"" style=""text-decoration: underline"" href=""https://openai.com/blog/introducing-text-and-code-embeddings"">text-search-ada-doc-001</a>",,,1024,2046,,,,
296,306,"<a target=""_blank"" style=""text-decoration: underline"" href=""https://openai.com/blog/introducing-text-and-code-embeddings"">text-search-babbage-001</a>",,,2048,2046,,,,
297,307,"<a target=""_blank"" style=""text-decoration: underline"" href=""https://openai.com/blog/introducing-text-and-code-embeddings"">text-search-curie-001</a>",,,4096,2046,,,,
298,308,"<a target=""_blank"" style=""text-decoration: underline"" href=""https://openai.com/blog/introducing-text-and-code-embeddings"">text-search-davinci-001</a>",,,12288,2046,,,,
