index,Rank,Model,Model Size (Million Parameters),"Memory Usage (GB, fp32)",Embedding Dimensions,Max Tokens,SummEval
135,1,"<a target=""_blank"" style=""text-decoration: underline"" href=""https://huggingface.co/bigscience/sgpt-bloom-7b1-msmarco"">sgpt-bloom-7b1-msmarco</a>",,,,,33.6
204,2,"<a target=""_blank"" style=""text-decoration: underline"" href=""https://huggingface.co/mixedbread-ai/mxbai-embed-large-v1"">mxbai-embed-large-v1</a>",335,1.25,1024,512,32.71
151,3,"<a target=""_blank"" style=""text-decoration: underline"" href=""https://huggingface.co/dopeba/mxbai-embed-large-v1-Q6_K-GGUF"">mxbai-embed-large-v1-Q6_K-GGUF</a>",,,,,32.71
1,4,"<a target=""_blank"" style=""text-decoration: underline"" href=""https://cloud.google.com/vertex-ai/generative-ai/docs/embeddings/get-text-embeddings#latest_models"">google-gecko.text-embedding-preview-0409</a>",1200,4.47,768,2048,32.63
165,5,"<a target=""_blank"" style=""text-decoration: underline"" href=""https://huggingface.co/infgrad/stella-base-en-v2"">stella-base-en-v2</a>",55,0.2,768,512,32.52
106,6,"<a target=""_blank"" style=""text-decoration: underline"" href=""https://huggingface.co/Shimin/yiyouliao"">yiyouliao</a>",,,,,32.47
0,7,"<a target=""_blank"" style=""text-decoration: underline"" href=""https://cloud.google.com/vertex-ai/generative-ai/docs/embeddings/get-text-embeddings#latest_models"">google-gecko-256.text-embedding-preview-0409</a>",1200,4.47,256,2048,32.36
164,8,"<a target=""_blank"" style=""text-decoration: underline"" href=""https://huggingface.co/hkunlp/instructor-xl"">instructor-xl</a>",1241,4.62,768,512,32.32
95,9,"<a target=""_blank"" style=""text-decoration: underline"" href=""https://huggingface.co/Omartificial-Intelligence-Space/Arabic-labse-Matryoshka"">Arabic-labse-Matryoshka</a>",471,1.75,768,512,32.17
57,10,"<a target=""_blank"" style=""text-decoration: underline"" href=""https://huggingface.co/Labib11/MUG-B-1.6"">MUG-B-1.6</a>",335,1.25,1024,512,32.12
181,11,"<a target=""_blank"" style=""text-decoration: underline"" href=""https://huggingface.co/izhx/udever-bloom-560m"">udever-bloom-560m</a>",,,1024,2048,32.06
116,12,"<a target=""_blank"" style=""text-decoration: underline"" href=""https://huggingface.co/WhereIsAI/UAE-Large-V1"">UAE-Large-V1</a>",335,1.25,1024,512,32.03
279,13,"<a target=""_blank"" style=""text-decoration: underline"" href=""https://huggingface.co/w601sxs/b1ade-embed"">b1ade-embed</a>",335,1.25,1024,512,31.93
163,14,"<a target=""_blank"" style=""text-decoration: underline"" href=""https://huggingface.co/hkunlp/instructor-large"">instructor-large</a>",335,1.25,768,512,31.84
111,15,"<a target=""_blank"" style=""text-decoration: underline"" href=""https://huggingface.co/Snowflake/snowflake-arctic-embed-s"">snowflake-arctic-embed-s</a>",33,0.12,384,512,31.75
267,16,"<a target=""_blank"" style=""text-decoration: underline"" href=""https://huggingface.co/thenlper/gte-large"">gte-large</a>",335,1.25,1024,512,31.66
154,17,"<a target=""_blank"" style=""text-decoration: underline"" href=""https://huggingface.co/dunzhang/stella_en_400M_v5"">stella_en_400M_v5</a>",435,1.62,8192,8192,31.66
23,18,"<a target=""_blank"" style=""text-decoration: underline"" href=""https://huggingface.co/BAAI/bge-large-en-v1.5"">bge-large-en-v1.5</a>",335,1.25,1024,512,31.61
183,19,"<a target=""_blank"" style=""text-decoration: underline"" href=""https://huggingface.co/jamesgpt1/sf_model_e5"">sf_model_e5</a>",335,1.25,1024,512,31.61
231,20,"<a target=""_blank"" style=""text-decoration: underline"" href=""https://huggingface.co/sabafallah/bge-large-en-v1.5-Q4_K_M-GGUF"">bge-large-en-v1.5-Q4_K_M-GGUF</a>",,,,,31.61
232,21,"<a target=""_blank"" style=""text-decoration: underline"" href=""https://huggingface.co/sabafallah/bge-large-en-v1.5-Q8_0-GGUF"">bge-large-en-v1.5-Q8_0-GGUF</a>",,,,,31.61
282,22,"<a target=""_blank"" style=""text-decoration: underline"" href=""https://huggingface.co/walsons/jina-embeddings-v2-base-en-Q4_K_M-GGUF"">jina-embeddings-v2-base-en-Q4_K_M-GGUF</a>",,,,,31.6
188,23,"<a target=""_blank"" style=""text-decoration: underline"" href=""https://huggingface.co/jinaai/jina-embeddings-v2-base-en"">jina-embeddings-v2-base-en</a>",137,0.51,768,8192,31.6
255,24,"<a target=""_blank"" style=""text-decoration: underline"" href=""https://huggingface.co/sentence-transformers/paraphrase-multilingual-mpnet-base-v2"">paraphrase-multilingual-mpnet-base-v2</a>",278,1.04,768,514,31.57
187,25,"<a target=""_blank"" style=""text-decoration: underline"" href=""https://huggingface.co/jinaai/jina-embeddings-v2-base-de"">jina-embeddings-v2-base-de</a>",161,0.6,768,8192,31.55
63,26,"<a target=""_blank"" style=""text-decoration: underline"" href=""https://huggingface.co/MAY-A/jina-embeddings-v2-base-de-Q5_K_M-GGUF"">jina-embeddings-v2-base-de-Q5_K_M-GGUF</a>",,,,,31.55
203,27,"<a target=""_blank"" style=""text-decoration: underline"" href=""https://huggingface.co/mixedbread-ai/mxbai-embed-2d-large-v1"">mxbai-embed-2d-large-v1</a>",335,1.25,1024,512,31.55
138,28,"<a target=""_blank"" style=""text-decoration: underline"" href=""https://huggingface.co/chris-code/jina-embeddings-v2-base-de-Q8_0-GGUF"">jina-embeddings-v2-base-de-Q8_0-GGUF</a>",,,,,31.55
170,29,"<a target=""_blank"" style=""text-decoration: underline"" href=""https://huggingface.co/intfloat/e5-mistral-7b-instruct"">e5-mistral-7b-instruct</a>",7111,26.49,4096,32768,31.53
153,30,"<a target=""_blank"" style=""text-decoration: underline"" href=""https://huggingface.co/dunzhang/stella_en_1.5B_v5"">stella_en_1.5B_v5</a>",1543,5.75,8192,131072,31.49
90,31,"<a target=""_blank"" style=""text-decoration: underline"" href=""https://huggingface.co/Muennighoff/SGPT-5.8B-weightedmean-msmarco-specb-bitfit"">SGPT-5.8B-weightedmean-msmarco-specb-bitfit</a>",5874,21.88,4096,2048,31.46
15,32,"<a target=""_blank"" style=""text-decoration: underline"" href=""https://huggingface.co/Alibaba-NLP/gte-Qwen1.5-7B-instruct"">gte-Qwen1.5-7B-instruct</a>",7099,26.45,4096,32768,31.46
70,33,"<a target=""_blank"" style=""text-decoration: underline"" href=""https://huggingface.co/McGill-NLP/LLM2Vec-Meta-Llama-3-8B-Instruct-mntp-unsup-simcse"">LLM2Vec-Meta-Llama-3-unsupervised</a>",7505,27.96,4096,8192,31.45
291,34,"<a target=""_blank"" style=""text-decoration: underline"" href=""https://huggingface.co/zeta-alpha-ai/Zeta-Alpha-E5-Mistral"">Zeta-Alpha-E5-Mistral</a>",7111,26.49,4096,32768,31.42
256,35,"<a target=""_blank"" style=""text-decoration: underline"" href=""https://huggingface.co/sentence-transformers/sentence-t5-base"">sentence-t5-base</a>",110,0.41,768,512,31.39
171,36,"<a target=""_blank"" style=""text-decoration: underline"" href=""https://huggingface.co/intfloat/e5-small"">e5-small</a>",33,0.12,384,512,31.39
68,37,"<a target=""_blank"" style=""text-decoration: underline"" href=""https://huggingface.co/McGill-NLP/LLM2Vec-Llama-2-7b-chat-hf-mntp-unsup-simcse"">LLM2Vec-Llama-2-unsupervised</a>",6607,24.61,4096,4096,31.38
109,38,"<a target=""_blank"" style=""text-decoration: underline"" href=""https://huggingface.co/Snowflake/snowflake-arctic-embed-m-long"">snowflake-arctic-embed-m-long</a>",137,0.51,768,8192,31.38
287,39,"<a target=""_blank"" style=""text-decoration: underline"" href=""https://huggingface.co/yixuan-chia/snowflake-arctic-embed-m-long-Q8_0-GGUF"">snowflake-arctic-embed-m-long-Q8_0-GGUF</a>",,,,,31.38
17,40,"<a target=""_blank"" style=""text-decoration: underline"" href=""https://huggingface.co/Alibaba-NLP/gte-Qwen2-7B-instruct"">gte-Qwen2-7B-instruct</a>",7613,28.36,3584,131072,31.35
27,41,"<a target=""_blank"" style=""text-decoration: underline"" href=""https://huggingface.co/BN7002/gte-Qwen2-7B-instruct-Q4_K_M-GGUF"">gte-Qwen2-7B-instruct-Q4_K_M-GGUF</a>",,,,,31.35
92,42,"<a target=""_blank"" style=""text-decoration: underline"" href=""https://huggingface.co/Omartificial-Intelligence-Space/Arabert-all-nli-triplet-Matryoshka"">Arabert-all-nli-triplet-Matryoshka</a>",135,0.5,768,512,31.33
32,43,"<a target=""_blank"" style=""text-decoration: underline"" href=""https://huggingface.co/Cohere/Cohere-embed-english-light-v3.0"">Cohere-embed-english-light-v3.0</a>",,,,,31.29
214,44,"<a target=""_blank"" style=""text-decoration: underline"" href=""https://huggingface.co/nomic-ai/nomic-embed-text-v1-ablated"">nomic-embed-text-v1-ablated</a>",137,0.51,768,8192,31.28
76,45,"<a target=""_blank"" style=""text-decoration: underline"" href=""https://huggingface.co/Mihaiii/Ivysaur"">Ivysaur</a>",23,0.08,384,512,31.27
186,46,"<a target=""_blank"" style=""text-decoration: underline"" href=""https://huggingface.co/jinaai/jina-embedding-s-en-v1"">jina-embedding-s-en-v1</a>",35,0.13,512,512,31.25
47,47,"<a target=""_blank"" style=""text-decoration: underline"" href=""https://huggingface.co/Hum-Works/lodestone-base-4096-v1"">lodestone-base-4096-v1</a>",69,0.26,768,4096,31.23
74,48,"<a target=""_blank"" style=""text-decoration: underline"" href=""https://huggingface.co/McGill-NLP/LLM2Vec-Sheared-LLaMA-mntp-unsup-simcse"">LLM2Vec-Sheared-Llama-unsupervised</a>",1280,4.77,2048,4096,31.23
129,49,"<a target=""_blank"" style=""text-decoration: underline"" href=""https://huggingface.co/avsolatorio/GIST-all-MiniLM-L6-v2"">GIST-all-MiniLM-L6-v2</a>",23,0.08,384,512,31.22
222,50,"<a target=""_blank"" style=""text-decoration: underline"" href=""https://huggingface.co/nvidia/NV-Embed-v1"">NV-Embed-v1</a>",7851,29.25,4096,32768,31.2
25,51,"<a target=""_blank"" style=""text-decoration: underline"" href=""https://huggingface.co/BAAI/bge-multilingual-gemma2"">bge-multilingual-gemma2</a>",9242,34.43,3584,8192,31.2
36,52,"<a target=""_blank"" style=""text-decoration: underline"" href=""https://huggingface.co/DecisionOptimizationSystemProduction/DeepFeatTextEmbeddingLarge"">DeepFeatTextEmbeddingLarge</a>",1776,6.62,1536,131072,31.17
16,53,"<a target=""_blank"" style=""text-decoration: underline"" href=""https://huggingface.co/Alibaba-NLP/gte-Qwen2-1.5B-instruct"">gte-Qwen2-1.5B-instruct</a>",1776,6.62,1536,131072,31.17
227,54,"<a target=""_blank"" style=""text-decoration: underline"" href=""https://huggingface.co/princeton-nlp/sup-simcse-bert-base-uncased"">sup-simcse-bert-base-uncased</a>",110,0.41,768,512,31.17
18,55,"<a target=""_blank"" style=""text-decoration: underline"" href=""https://huggingface.co/Alibaba-NLP/gte-base-en-v1.5"">gte-base-en-v1.5</a>",137,0.51,768,8192,31.17
266,56,"<a target=""_blank"" style=""text-decoration: underline"" href=""https://huggingface.co/thenlper/gte-base"">gte-base</a>",109,0.41,768,512,31.17
113,57,"<a target=""_blank"" style=""text-decoration: underline"" href=""https://huggingface.co/TaylorAI/bge-micro"">bge-micro</a>",17,0.06,384,512,31.16
103,58,"<a target=""_blank"" style=""text-decoration: underline"" href=""https://huggingface.co/Salesforce/SFR-Embedding-Mistral"">SFR-Embedding-Mistral</a>",7111,26.49,4096,32768,31.16
172,59,"<a target=""_blank"" style=""text-decoration: underline"" href=""https://huggingface.co/intfloat/e5-small-v2"">e5-small-v2</a>",33,0.12,384,512,31.16
228,60,"<a target=""_blank"" style=""text-decoration: underline"" href=""https://huggingface.co/princeton-nlp/unsup-simcse-bert-base-uncased"">unsup-simcse-bert-base-uncased</a>",110,0.41,768,512,31.15
121,61,"<a target=""_blank"" style=""text-decoration: underline"" href=""https://huggingface.co/actualdata/bilingual-embedding-large"">bilingual-embedding-large</a>",560,2.09,1024,514,31.14
131,62,"<a target=""_blank"" style=""text-decoration: underline"" href=""https://huggingface.co/avsolatorio/GIST-small-Embedding-v0"">GIST-small-Embedding-v0</a>",33,0.12,384,512,31.14
59,63,"<a target=""_blank"" style=""text-decoration: underline"" href=""https://huggingface.co/Lajavaness/bilingual-embedding-large"">bilingual-embedding-large</a>",560,2.09,1024,514,31.14
306,64,"<a target=""_blank"" style=""text-decoration: underline"" href=""https://openai.com/blog/new-embedding-models-and-api-updates"">text-embedding-3-small</a>",,,1536,8191,31.12
179,65,"<a target=""_blank"" style=""text-decoration: underline"" href=""https://huggingface.co/izhx/udever-bloom-1b1"">udever-bloom-1b1</a>",,,1536,2048,31.1
21,66,"<a target=""_blank"" style=""text-decoration: underline"" href=""https://huggingface.co/BAAI/bge-base-en-v1.5"">bge-base-en-v1.5</a>",109,0.41,768,512,31.07
133,67,"<a target=""_blank"" style=""text-decoration: underline"" href=""https://huggingface.co/aws-neuron/bge-base-en-v1-5-seqlen-384-bs-1"">bge-base-en-v1-5-seqlen-384-bs-1</a>",,,,,31.07
150,68,"<a target=""_blank"" style=""text-decoration: underline"" href=""https://huggingface.co/djovak/multi-qa-MiniLM-L6-cos-v1"">multi-qa-MiniLM-L6-cos-v1</a>",23,0.09,384,512,31.05
240,69,"<a target=""_blank"" style=""text-decoration: underline"" href=""https://huggingface.co/sentence-transformers/LaBSE"">LaBSE</a>",471,1.75,768,512,31.05
307,70,"<a target=""_blank"" style=""text-decoration: underline"" href=""https://www.elastic.co/guide/en/machine-learning/current/ml-nlp-elser.html"">elser-v2</a>",110,0.41,30522,512,31.03
89,71,"<a target=""_blank"" style=""text-decoration: underline"" href=""https://huggingface.co/Muennighoff/SGPT-2.7B-weightedmean-msmarco-specb-bitfit"">SGPT-2.7B-weightedmean-msmarco-specb-bitfit</a>",2685,10.0,2560,2048,31.03
166,72,"<a target=""_blank"" style=""text-decoration: underline"" href=""https://huggingface.co/intfloat/e5-base"">e5-base</a>",109,0.41,768,512,31.01
9,73,"<a target=""_blank"" style=""text-decoration: underline"" href=""https://docs.voyageai.com/embeddings/"">voyage-lite-02-instruct</a>",1220,4.54,1024,4000,31.01
193,74,"<a target=""_blank"" style=""text-decoration: underline"" href=""https://huggingface.co/lixsh6/MegatronBert-1B3-embedding"">MegatronBert-1B3-embedding</a>",,,,,31.01
35,75,"<a target=""_blank"" style=""text-decoration: underline"" href=""https://huggingface.co/Cohere/Cohere-embed-multilingual-v3.0"">Cohere-embed-multilingual-v3.0</a>",,,1024,512,30.99
62,76,"<a target=""_blank"" style=""text-decoration: underline"" href=""https://huggingface.co/Linq-AI-Research/Linq-Embed-Mistral"">Linq-Embed-Mistral</a>",7111,26.49,4096,32768,30.98
182,77,"<a target=""_blank"" style=""text-decoration: underline"" href=""https://huggingface.co/izhx/udever-bloom-7b1"">udever-bloom-7b1</a>",7069,26.33,4096,2048,30.97
8,78,"<a target=""_blank"" style=""text-decoration: underline"" href=""https://docs.voyageai.com/embeddings/"">voyage-lite-01-instruct</a>",,,1024,4000,30.97
75,79,"<a target=""_blank"" style=""text-decoration: underline"" href=""https://huggingface.co/Mihaiii/Bulbasaur"">Bulbasaur</a>",17,0.06,384,512,30.97
168,80,"<a target=""_blank"" style=""text-decoration: underline"" href=""https://huggingface.co/intfloat/e5-large"">e5-large</a>",335,1.25,1024,512,30.97
130,81,"<a target=""_blank"" style=""text-decoration: underline"" href=""https://huggingface.co/avsolatorio/GIST-large-Embedding-v0"">GIST-large-Embedding-v0</a>",335,1.25,1024,512,30.96
69,82,"<a target=""_blank"" style=""text-decoration: underline"" href=""https://huggingface.co/McGill-NLP/LLM2Vec-Meta-Llama-3-8B-Instruct-mntp-supervised"">LLM2Vec-Meta-Llama-3-supervised</a>",7505,27.96,4096,8192,30.94
19,83,"<a target=""_blank"" style=""text-decoration: underline"" href=""https://huggingface.co/Alibaba-NLP/gte-large-en-v1.5"">gte-large-en-v1.5</a>",434,1.62,1024,8192,30.91
128,84,"<a target=""_blank"" style=""text-decoration: underline"" href=""https://huggingface.co/avsolatorio/GIST-Embedding-v0"">GIST-Embedding-v0</a>",109,0.41,768,512,30.87
6,85,"<a target=""_blank"" style=""text-decoration: underline"" href=""https://docs.voyageai.com/embeddings/"">voyage-large-2-instruct</a>",,,1024,16000,30.84
107,86,"<a target=""_blank"" style=""text-decoration: underline"" href=""https://huggingface.co/Snowflake/snowflake-arctic-embed-l"">snowflake-arctic-embed-l</a>",334,1.24,1024,512,30.84
230,87,"<a target=""_blank"" style=""text-decoration: underline"" href=""https://huggingface.co/raghavlight/TDTE"">TDTE</a>",,,,,30.83
196,88,"<a target=""_blank"" style=""text-decoration: underline"" href=""https://huggingface.co/llmrails/ember-v1"">ember-v1</a>",335,1.25,1024,512,30.82
104,89,"<a target=""_blank"" style=""text-decoration: underline"" href=""https://huggingface.co/Santyyy/ember-v1-Q8_0-GGUF"">ember-v1-Q8_0-GGUF</a>",,,,,30.82
242,90,"<a target=""_blank"" style=""text-decoration: underline"" href=""https://huggingface.co/sentence-transformers/all-MiniLM-L6-v2"">all-MiniLM-L6-v2</a>",23,0.09,384,512,30.81
303,91,"<a target=""_blank"" style=""text-decoration: underline"" href=""https://openai.com/blog/new-and-improved-embedding-model"">text-embedding-ada-002</a>",,,1536,8191,30.8
277,92,"<a target=""_blank"" style=""text-decoration: underline"" href=""https://huggingface.co/vprelovac/universal-sentence-encoder-multilingual-3"">universal-sentence-encoder-multilingual-3</a>",,,512,512,30.79
22,93,"<a target=""_blank"" style=""text-decoration: underline"" href=""https://huggingface.co/BAAI/bge-en-icl"">bge-en-icl</a>",7111,26.49,4096,32768,30.77
192,94,"<a target=""_blank"" style=""text-decoration: underline"" href=""https://huggingface.co/jspringer/echo-mistral-7b-instruct-lasttoken"">echo-mistral-7b-instruct-lasttoken</a>",7111,26.49,4096,32768,30.73
215,95,"<a target=""_blank"" style=""text-decoration: underline"" href=""https://huggingface.co/nomic-ai/nomic-embed-text-v1-unsupervised"">nomic-embed-text-v1-unsupervised</a>",137,0.51,768,8192,30.72
184,96,"<a target=""_blank"" style=""text-decoration: underline"" href=""https://huggingface.co/jinaai/jina-embedding-b-en-v1"">jina-embedding-b-en-v1</a>",110,0.41,768,512,30.71
79,97,"<a target=""_blank"" style=""text-decoration: underline"" href=""https://huggingface.co/Mihaiii/Wartortle"">Wartortle</a>",17,0.06,384,512,30.71
102,98,"<a target=""_blank"" style=""text-decoration: underline"" href=""https://huggingface.co/Salesforce/SFR-Embedding-2_R"">SFR-Embedding-2_R</a>",7111,26.49,4096,32768,30.71
223,99,"<a target=""_blank"" style=""text-decoration: underline"" href=""https://huggingface.co/nvidia/NV-Embed-v2"">NV-Embed-v2</a>",7851,29.25,4096,32768,30.7
272,100,"<a target=""_blank"" style=""text-decoration: underline"" href=""https://huggingface.co/twadada/nmc-nignore15"">nmc-nignore15</a>",,,,,30.7
93,101,"<a target=""_blank"" style=""text-decoration: underline"" href=""https://huggingface.co/Omartificial-Intelligence-Space/Arabic-MiniLM-L12-v2-all-nli-triplet"">Arabic-MiniLM-L12-v2-all-nli-triplet</a>",118,0.44,384,512,30.69
254,102,"<a target=""_blank"" style=""text-decoration: underline"" href=""https://huggingface.co/sentence-transformers/paraphrase-multilingual-MiniLM-L12-v2"">paraphrase-multilingual-MiniLM-L12-v2</a>",118,0.44,384,512,30.67
251,103,"<a target=""_blank"" style=""text-decoration: underline"" href=""https://huggingface.co/sentence-transformers/gtr-t5-xxl"">gtr-t5-xxl</a>",4865,18.12,768,512,30.64
105,104,"<a target=""_blank"" style=""text-decoration: underline"" href=""https://huggingface.co/Shimin/LLaMA-embeeding"">LLaMA-embeeding</a>",,,,,30.62
180,105,"<a target=""_blank"" style=""text-decoration: underline"" href=""https://huggingface.co/izhx/udever-bloom-3b"">udever-bloom-3b</a>",3003,11.19,2560,2048,30.62
132,106,"<a target=""_blank"" style=""text-decoration: underline"" href=""https://huggingface.co/avsolatorio/NoInstruct-small-Embedding-v0"">NoInstruct-small-Embedding-v0</a>",33,0.12,384,512,30.6
20,107,"<a target=""_blank"" style=""text-decoration: underline"" href=""https://huggingface.co/Alibaba-NLP/gte-multilingual-base"">gte-multilingual-base</a>",305,1.14,768,8192,30.58
280,108,"<a target=""_blank"" style=""text-decoration: underline"" href=""https://huggingface.co/w601sxs/b1ade-embed-kd"">b1ade-embed-kd</a>",335,1.25,1024,512,30.57
156,109,"<a target=""_blank"" style=""text-decoration: underline"" href=""https://huggingface.co/facebook/SONAR"">SONAR</a>",,,,,30.56
190,110,"<a target=""_blank"" style=""text-decoration: underline"" href=""https://huggingface.co/jinaai/jina-embeddings-v2-small-en"">jina-embeddings-v2-small-en</a>",33,0.12,512,8192,30.56
84,111,"<a target=""_blank"" style=""text-decoration: underline"" href=""https://huggingface.co/Mihaiii/test24"">test24</a>",17,0.06,384,512,30.52
246,112,"<a target=""_blank"" style=""text-decoration: underline"" href=""https://huggingface.co/sentence-transformers/average_word_embeddings_komninos"">komninos</a>",134,0.5,300,N/A,30.49
218,113,"<a target=""_blank"" style=""text-decoration: underline"" href=""https://huggingface.co/nomic-ai/nomic-embed-text-v1.5"">nomic-embed-text-v1.5-512</a>",138,0.51,512,8192,30.47
175,114,"<a target=""_blank"" style=""text-decoration: underline"" href=""https://huggingface.co/intfloat/multilingual-e5-large-instruct"">multilingual-e5-large-instruct</a>",560,2.09,1024,514,30.46
86,115,"<a target=""_blank"" style=""text-decoration: underline"" href=""https://huggingface.co/Muennighoff/SGPT-1.3B-weightedmean-msmarco-specb-bitfit"">SGPT-1.3B-weightedmean-msmarco-specb-bitfit</a>",1341,4.99,2048,2048,30.43
268,116,"<a target=""_blank"" style=""text-decoration: underline"" href=""https://huggingface.co/thenlper/gte-small"">gte-small</a>",33,0.12,384,512,30.42
34,117,"<a target=""_blank"" style=""text-decoration: underline"" href=""https://huggingface.co/Cohere/Cohere-embed-multilingual-light-v3.0"">Cohere-embed-multilingual-light-v3.0</a>",,,384,512,30.41
100,118,"<a target=""_blank"" style=""text-decoration: underline"" href=""https://huggingface.co/RinaChen/nomic-embed-text-v1.5-Q4_K_M-GGUF"">nomic-embed-text-v1.5-Q4_K_M-GGUF</a>",,,,,30.4
220,119,"<a target=""_blank"" style=""text-decoration: underline"" href=""https://huggingface.co/nomic-ai/nomic-embed-text-v1.5"">nomic-embed-text-v1.5</a>",137,0.51,768,8192,30.4
293,120,"<a target=""_blank"" style=""text-decoration: underline"" href=""https://huggingface.co/zyj2003lj/nomic-embed-text-v1.5-Q4_K_M-GGUF"">nomic-embed-text-v1.5-Q4_K_M-GGUF</a>",,,,,30.4
119,121,"<a target=""_blank"" style=""text-decoration: underline"" href=""https://huggingface.co/YorkieOH10/nomic-embed-text-v1.5-Q8_0-GGUF"">nomic-embed-text-v1.5-Q8_0-GGUF</a>",,,,,30.4
45,122,"<a target=""_blank"" style=""text-decoration: underline"" href=""https://huggingface.co/GritLM/GritLM-7B"">GritLM-7B</a>",7240,26.97,,4096,30.39
91,123,"<a target=""_blank"" style=""text-decoration: underline"" href=""https://huggingface.co/Muennighoff/SGPT-5.8B-weightedmean-nli-bitfit"">SGPT-5.8B-weightedmean-nli-bitfit</a>",5874,21.88,4096,2048,30.38
110,124,"<a target=""_blank"" style=""text-decoration: underline"" href=""https://huggingface.co/Snowflake/snowflake-arctic-embed-m-v1.5"">snowflake-arctic-embed-m-v1.5</a>",109,0.41,768,512,30.36
125,125,"<a target=""_blank"" style=""text-decoration: underline"" href=""https://huggingface.co/aimlresearch2023/snowflake-arctic-embed-m-v1.5-Q8_0-GGUF"">snowflake-arctic-embed-m-v1.5-Q8_0-GGUF</a>",,,,,30.36
221,126,"<a target=""_blank"" style=""text-decoration: underline"" href=""https://huggingface.co/nthakur/contriever-base-msmarco"">contriever-base-msmarco</a>",110,0.41,768,512,30.36
108,127,"<a target=""_blank"" style=""text-decoration: underline"" href=""https://huggingface.co/Snowflake/snowflake-arctic-embed-m"">snowflake-arctic-embed-m</a>",109,0.41,768,512,30.31
77,128,"<a target=""_blank"" style=""text-decoration: underline"" href=""https://huggingface.co/Mihaiii/Squirtle"">Squirtle</a>",16,0.06,384,512,30.3
155,129,"<a target=""_blank"" style=""text-decoration: underline"" href=""https://huggingface.co/dwzhu/e5-base-4k"">e5-base-4k</a>",112,0.42,768,4096,30.28
167,130,"<a target=""_blank"" style=""text-decoration: underline"" href=""https://huggingface.co/intfloat/e5-base-v2"">e5-base-v2</a>",110,0.41,768,512,30.28
58,131,"<a target=""_blank"" style=""text-decoration: underline"" href=""https://huggingface.co/Lajavaness/bilingual-embedding-base"">bilingual-embedding-base</a>",278,1.04,768,514,30.26
88,132,"<a target=""_blank"" style=""text-decoration: underline"" href=""https://huggingface.co/Muennighoff/SGPT-125M-weightedmean-nli-bitfit"">SGPT-125M-weightedmean-nli-bitfit</a>",138,0.51,768,2048,30.26
194,133,"<a target=""_blank"" style=""text-decoration: underline"" href=""https://huggingface.co/lixsh6/XLM-0B6-embedding"">XLM-0B6-embedding</a>",,,,,30.25
173,134,"<a target=""_blank"" style=""text-decoration: underline"" href=""https://huggingface.co/intfloat/multilingual-e5-base"">multilingual-e5-base</a>",278,1.04,768,514,30.23
250,135,"<a target=""_blank"" style=""text-decoration: underline"" href=""https://huggingface.co/sentence-transformers/gtr-t5-xl"">gtr-t5-xl</a>",1240,4.62,768,512,30.21
169,136,"<a target=""_blank"" style=""text-decoration: underline"" href=""https://huggingface.co/intfloat/e5-large-v2"">e5-large-v2</a>",335,1.25,1024,512,30.19
72,137,"<a target=""_blank"" style=""text-decoration: underline"" href=""https://huggingface.co/McGill-NLP/LLM2Vec-Mistral-7B-Instruct-v2-mntp-unsup-simcse"">LLM2Vec-Mistral-unsupervised</a>",7111,26.49,4096,32768,30.19
55,138,"<a target=""_blank"" style=""text-decoration: underline"" href=""https://huggingface.co/KeyurRamoliya/e5-large-v2-GGUF"">e5-large-v2-GGUF</a>",,,,,30.19
33,139,"<a target=""_blank"" style=""text-decoration: underline"" href=""https://huggingface.co/Cohere/Cohere-embed-english-v3.0"">Cohere-embed-english-v3.0</a>",,,1024,512,30.18
94,140,"<a target=""_blank"" style=""text-decoration: underline"" href=""https://huggingface.co/Omartificial-Intelligence-Space/Arabic-all-nli-triplet-Matryoshka"">Arabic-all-nli-triplet-Matryoshka</a>",278,1.04,768,514,30.16
26,141,"<a target=""_blank"" style=""text-decoration: underline"" href=""https://huggingface.co/BAAI/bge-small-en-v1.5"">bge-small-en-v1.5</a>",33,0.12,384,512,30.12
112,142,"<a target=""_blank"" style=""text-decoration: underline"" href=""https://huggingface.co/Snowflake/snowflake-arctic-embed-xs"">snowflake-arctic-embed-xs</a>",23,0.08,384,512,30.1
273,143,"<a target=""_blank"" style=""text-decoration: underline"" href=""https://huggingface.co/twadada/nmc-nignore30"">nmc-nignore30</a>",,,,,30.1
262,144,"<a target=""_blank"" style=""text-decoration: underline"" href=""https://huggingface.co/shibing624/text2vec-base-multilingual"">text2vec-base-multilingual</a>",118,0.44,384,512,30.1
259,145,"<a target=""_blank"" style=""text-decoration: underline"" href=""https://huggingface.co/sentence-transformers/sentence-t5-xxl"">sentence-t5-xxl</a>",4865,18.12,768,512,30.08
213,146,"<a target=""_blank"" style=""text-decoration: underline"" href=""https://huggingface.co/nomic-ai/nomic-embed-text-v1"">nomic-embed-text-v1</a>",137,0.51,768,8192,30.08
217,147,"<a target=""_blank"" style=""text-decoration: underline"" href=""https://huggingface.co/nomic-ai/nomic-embed-text-v1.5"">nomic-embed-text-v1.5-256</a>",138,0.51,256,8192,30.05
176,148,"<a target=""_blank"" style=""text-decoration: underline"" href=""https://huggingface.co/intfloat/multilingual-e5-small"">multilingual-e5-small</a>",118,0.44,384,512,30.04
270,149,"<a target=""_blank"" style=""text-decoration: underline"" href=""https://huggingface.co/twadada/nmc-300-w50k-b10k"">nmc-300-w50k-b10k</a>",,,,,30.02
73,150,"<a target=""_blank"" style=""text-decoration: underline"" href=""https://huggingface.co/McGill-NLP/LLM2Vec-Sheared-LLaMA-mntp-supervised"">LLM2Vec-Sheared-Llama-supervised</a>",1280,4.77,2048,4096,30.01
66,151,"<a target=""_blank"" style=""text-decoration: underline"" href=""https://huggingface.co/Marqo/multilingual-e5-small"">multilingual-e5-small</a>",118,0.44,384,512,29.98
71,152,"<a target=""_blank"" style=""text-decoration: underline"" href=""https://huggingface.co/McGill-NLP/LLM2Vec-Mistral-7B-Instruct-v2-mntp-supervised"">LLM2Vec-Mistral-supervised</a>",7111,26.49,4096,32768,29.96
305,153,"<a target=""_blank"" style=""text-decoration: underline"" href=""https://openai.com/blog/new-embedding-models-and-api-updates"">text-embedding-3-large</a>",,,3072,8191,29.92
304,154,"<a target=""_blank"" style=""text-decoration: underline"" href=""https://openai.com/blog/new-embedding-models-and-api-updates"">text-embedding-3-large-256</a>",,,256,8191,29.92
258,155,"<a target=""_blank"" style=""text-decoration: underline"" href=""https://huggingface.co/sentence-transformers/sentence-t5-xl"">sentence-t5-xl</a>",1240,4.62,768,512,29.91
78,156,"<a target=""_blank"" style=""text-decoration: underline"" href=""https://huggingface.co/Mihaiii/Venusaur"">Venusaur</a>",16,0.06,384,512,29.91
226,157,"<a target=""_blank"" style=""text-decoration: underline"" href=""https://huggingface.co/piaopiao0095/jina-embeddings-v2-base-es-Q5_K_M-GGUF"">jina-embeddings-v2-base-es-Q5_K_M-GGUF</a>",,,,,29.87
114,158,"<a target=""_blank"" style=""text-decoration: underline"" href=""https://huggingface.co/TaylorAI/bge-micro-v2"">bge-micro-v2</a>",17,0.06,384,512,29.87
189,159,"<a target=""_blank"" style=""text-decoration: underline"" href=""https://huggingface.co/jinaai/jina-embeddings-v2-base-es"">jina-embeddings-v2-base-es</a>",161,0.6,768,8192,29.87
185,160,"<a target=""_blank"" style=""text-decoration: underline"" href=""https://huggingface.co/jinaai/jina-embedding-l-en-v1"">jina-embedding-l-en-v1</a>",335,1.25,1024,512,29.85
162,161,"<a target=""_blank"" style=""text-decoration: underline"" href=""https://huggingface.co/hkunlp/instructor-base"">instructor-base</a>",110,0.41,768,512,29.85
127,162,"<a target=""_blank"" style=""text-decoration: underline"" href=""https://huggingface.co/andersonbcdefg/bge-small-4096"">bge-small-4096</a>",35,0.13,384,4096,29.83
134,163,"<a target=""_blank"" style=""text-decoration: underline"" href=""https://huggingface.co/bert-base-uncased"">bert-base-uncased</a>",110,0.41,768,512,29.82
46,164,"<a target=""_blank"" style=""text-decoration: underline"" href=""https://huggingface.co/GritLM/GritLM-8x7B"">GritLM-8x7B</a>",46703,173.98,4096,32768,29.82
286,165,"<a target=""_blank"" style=""text-decoration: underline"" href=""https://huggingface.co/yessilver/new_model"">new_model</a>",,,,,29.78
278,166,"<a target=""_blank"" style=""text-decoration: underline"" href=""https://huggingface.co/vprelovac/universal-sentence-encoder-multilingual-large-3"">universal-sentence-encoder-multilingual-large-3</a>",,,512,512,29.71
191,167,"<a target=""_blank"" style=""text-decoration: underline"" href=""https://huggingface.co/jinaai/jina-embeddings-v3"">jina-embeddings-v3</a>",572,2.13,1024,8194,29.71
87,168,"<a target=""_blank"" style=""text-decoration: underline"" href=""https://huggingface.co/Muennighoff/SGPT-125M-weightedmean-msmarco-specb-bitfit"">SGPT-125M-weightedmean-msmarco-specb-bitfit</a>",138,0.51,768,2048,29.71
56,169,"<a target=""_blank"" style=""text-decoration: underline"" href=""https://huggingface.co/KeyurRamoliya/multilingual-e5-large-GGUF"">multilingual-e5-large-GGUF</a>",,,,,29.69
248,170,"<a target=""_blank"" style=""text-decoration: underline"" href=""https://huggingface.co/sentence-transformers/gtr-t5-base"">gtr-t5-base</a>",110,0.41,768,512,29.67
257,171,"<a target=""_blank"" style=""text-decoration: underline"" href=""https://huggingface.co/sentence-transformers/sentence-t5-large"">sentence-t5-large</a>",168,0.63,768,512,29.64
174,172,"<a target=""_blank"" style=""text-decoration: underline"" href=""https://huggingface.co/intfloat/multilingual-e5-large"">multilingual-e5-large</a>",560,2.09,1024,514,29.64
216,173,"<a target=""_blank"" style=""text-decoration: underline"" href=""https://huggingface.co/nomic-ai/nomic-embed-text-v1.5"">nomic-embed-text-v1.5-128</a>",138,0.51,128,8192,29.59
97,174,"<a target=""_blank"" style=""text-decoration: underline"" href=""https://huggingface.co/Omartificial-Intelligence-Space/Marbert-all-nli-triplet-Matryoshka"">Marbert-all-nli-triplet-Matryoshka</a>",163,0.61,768,512,29.53
249,175,"<a target=""_blank"" style=""text-decoration: underline"" href=""https://huggingface.co/sentence-transformers/gtr-t5-large"">gtr-t5-large</a>",168,0.63,768,512,29.5
252,176,"<a target=""_blank"" style=""text-decoration: underline"" href=""https://huggingface.co/sentence-transformers/msmarco-bert-co-condensor"">msmarco-bert-co-condensor</a>",110,0.41,768,512,29.5
115,177,"<a target=""_blank"" style=""text-decoration: underline"" href=""https://huggingface.co/TaylorAI/gte-tiny"">gte-tiny</a>",23,0.08,384,512,29.47
274,178,"<a target=""_blank"" style=""text-decoration: underline"" href=""https://huggingface.co/twadada/nmc-nignore50"">nmc-nignore50</a>",,,,,29.47
271,179,"<a target=""_blank"" style=""text-decoration: underline"" href=""https://huggingface.co/twadada/nmc-300-w75k-b10k"">nmc-300-w75k-b10k</a>",,,,,29.44
275,180,"<a target=""_blank"" style=""text-decoration: underline"" href=""https://huggingface.co/vprelovac/universal-sentence-encoder-4"">universal-sentence-encoder-4</a>",,,,,29.42
85,181,"<a target=""_blank"" style=""text-decoration: underline"" href=""https://huggingface.co/Mihaiii/test25"">test25</a>",17,0.06,384,512,29.33
61,182,"<a target=""_blank"" style=""text-decoration: underline"" href=""https://huggingface.co/Lajavaness/bilingual-embedding-small"">bilingual-embedding-small</a>",118,0.44,384,512,29.23
142,183,"<a target=""_blank"" style=""text-decoration: underline"" href=""https://huggingface.co/consciousAI/cai-lunaris-text-embeddings"">cai-lunaris-text-embeddings</a>",,,,,29.02
195,184,"<a target=""_blank"" style=""text-decoration: underline"" href=""https://huggingface.co/lixsh6/XLM-3B5-embedding"">XLM-3B5-embedding</a>",,,,,29.02
276,185,"<a target=""_blank"" style=""text-decoration: underline"" href=""https://huggingface.co/vprelovac/universal-sentence-encoder-large-5"">universal-sentence-encoder-large-5</a>",,,,,29.01
245,186,"<a target=""_blank"" style=""text-decoration: underline"" href=""https://huggingface.co/sentence-transformers/average_word_embeddings_glove.6B.300d"">glove.6B.300d</a>",120,0.45,300,N/A,28.87
118,187,"<a target=""_blank"" style=""text-decoration: underline"" href=""https://huggingface.co/YanshekWoo/kalm-embedding-multilingual-mini"">kalm-embedding-multilingual-mini</a>",,,,,28.81
96,188,"<a target=""_blank"" style=""text-decoration: underline"" href=""https://huggingface.co/Omartificial-Intelligence-Space/Arabic-mpnet-base-all-nli-triplet"">Arabic-mpnet-base-all-nli-triplet</a>",109,0.41,768,514,28.79
67,189,"<a target=""_blank"" style=""text-decoration: underline"" href=""https://huggingface.co/McGill-NLP/LLM2Vec-Llama-2-7b-chat-hf-mntp-supervised"">LLM2Vec-Llama-2-supervised</a>",6607,24.61,4096,4096,28.49
219,190,"<a target=""_blank"" style=""text-decoration: underline"" href=""https://huggingface.co/nomic-ai/nomic-embed-text-v1.5"">nomic-embed-text-v1.5-64</a>",138,0.51,64,8192,28.41
241,191,"<a target=""_blank"" style=""text-decoration: underline"" href=""https://huggingface.co/sentence-transformers/all-MiniLM-L12-v2"">all-MiniLM-L12-v2</a>",33,0.12,384,512,27.9
244,192,"<a target=""_blank"" style=""text-decoration: underline"" href=""https://huggingface.co/sentence-transformers/allenai-specter"">allenai-specter</a>",110,0.41,768,512,27.66
126,193,"<a target=""_blank"" style=""text-decoration: underline"" href=""https://huggingface.co/amazon/Titan-text-embeddings-v2"">Titan-text-embeddings-v2</a>",,,,,27.54
243,194,"<a target=""_blank"" style=""text-decoration: underline"" href=""https://huggingface.co/sentence-transformers/all-mpnet-base-v2"">all-mpnet-base-v2</a>",110,0.41,768,514,27.49
299,195,"<a target=""_blank"" style=""text-decoration: underline"" href=""https://openai.com/blog/introducing-text-and-code-embeddings"">text-similarity-ada-001</a>",,,1024,2046,26.94
11,196,"<a target=""_blank"" style=""text-decoration: underline"" href=""https://github.com/facebookresearch/LASER"">LASER2</a>",43,0.16,1024,N/A,26.8
281,197,"<a target=""_blank"" style=""text-decoration: underline"" href=""https://huggingface.co/w601sxs/b1ade-embed-kd_3"">b1ade-embed-kd_3</a>",335,1.25,1024,512,0.29
2,198,"<a target=""_blank"" style=""text-decoration: underline"" href=""https://docs.aws.amazon.com/bedrock/latest/userguide/embeddings.html"">titan-embed-text-v1</a>",,,1536,8000,
3,199,"<a target=""_blank"" style=""text-decoration: underline"" href=""https://docs.mistral.ai/guides/embeddings"">mistral-embed</a>",,,1024,,
4,200,"<a target=""_blank"" style=""text-decoration: underline"" href=""https://docs.voyageai.com/embeddings/"">voyage-2</a>",,,1024,1024,
5,201,"<a target=""_blank"" style=""text-decoration: underline"" href=""https://docs.voyageai.com/embeddings/"">voyage-code-2</a>",,,1536,16000,
7,202,"<a target=""_blank"" style=""text-decoration: underline"" href=""https://docs.voyageai.com/embeddings/"">voyage-law-2</a>",,,1024,16000,
10,203,"<a target=""_blank"" style=""text-decoration: underline"" href=""https://docs.voyageai.com/embeddings/"">voyage-multilingual-2</a>",,,1024,32000,
13,205,"<a target=""_blank"" style=""text-decoration: underline"" href=""https://huggingface.co/AdrienB134/llm2vec-croissant-mntp"">llm2vec-croissant-mntp</a>",1280,4.77,2048,2048,
24,207,"<a target=""_blank"" style=""text-decoration: underline"" href=""https://huggingface.co/BAAI/bge-m3"">bge-m3</a>",567,2.11,1024,8192,
28,208,"<a target=""_blank"" style=""text-decoration: underline"" href=""https://huggingface.co/BeastyZ/e5-R-mistral-7b"">e5-R-mistral-7b</a>",7242,26.98,4096,32768,
37,212,"<a target=""_blank"" style=""text-decoration: underline"" href=""https://huggingface.co/DeepPavlov/distilrubert-small-cased-conversational"">distilrubert-small-cased-conversational</a>",106,0.39,768,512,
38,213,"<a target=""_blank"" style=""text-decoration: underline"" href=""https://huggingface.co/DeepPavlov/rubert-base-cased"">rubert-base-cased</a>",180,0.67,768,512,
39,214,"<a target=""_blank"" style=""text-decoration: underline"" href=""https://huggingface.co/DeepPavlov/rubert-base-cased-sentence"">rubert-base-cased-sentence</a>",180,0.67,768,512,
41,216,"<a target=""_blank"" style=""text-decoration: underline"" href=""https://huggingface.co/Gameselo/STS-multilingual-mpnet-base-v2"">STS-multilingual-mpnet-base-v2</a>",278,1.04,768,514,
42,217,"<a target=""_blank"" style=""text-decoration: underline"" href=""https://huggingface.co/Geotrend/bert-base-10lang-cased"">bert-base-10lang-cased</a>",138,0.51,768,512,
43,218,"<a target=""_blank"" style=""text-decoration: underline"" href=""https://huggingface.co/Geotrend/bert-base-15lang-cased"">bert-base-15lang-cased</a>",138,0.51,768,512,
44,219,"<a target=""_blank"" style=""text-decoration: underline"" href=""https://huggingface.co/Geotrend/bert-base-25lang-cased"">bert-base-25lang-cased</a>",138,0.51,768,512,
54,226,"<a target=""_blank"" style=""text-decoration: underline"" href=""https://huggingface.co/Jaume/gemma-2b-embeddings"">gemma-2b-embeddings</a>",2506,9.34,2048,8192,
60,227,"<a target=""_blank"" style=""text-decoration: underline"" href=""https://huggingface.co/Lajavaness/bilingual-embedding-large-8k"">bilingual-embedding-large-8k</a>",568,2.12,1024,8194,
80,230,"<a target=""_blank"" style=""text-decoration: underline"" href=""https://huggingface.co/Mihaiii/gte-micro"">gte-micro</a>",17,0.06,384,512,
81,231,"<a target=""_blank"" style=""text-decoration: underline"" href=""https://huggingface.co/Mihaiii/gte-micro-v2"">gte-micro-v2</a>",17,0.06,384,512,
82,232,"<a target=""_blank"" style=""text-decoration: underline"" href=""https://huggingface.co/Mihaiii/gte-micro-v3"">gte-micro-v3</a>",17,0.06,384,512,
83,233,"<a target=""_blank"" style=""text-decoration: underline"" href=""https://huggingface.co/Mihaiii/gte-micro-v4"">gte-micro-v4</a>",19,0.07,384,512,
98,234,"<a target=""_blank"" style=""text-decoration: underline"" href=""https://huggingface.co/OrdalieTech/Solon-embeddings-large-0.1"">Solon-embeddings-large-0.1</a>",560,2.09,1024,514,
99,235,"<a target=""_blank"" style=""text-decoration: underline"" href=""https://huggingface.co/OrlikB/st-polish-kartonberta-base-alpha-v1"">st-polish-kartonberta-base-alpha-v1</a>",124,0.46,768,514,
117,237,"<a target=""_blank"" style=""text-decoration: underline"" href=""https://huggingface.co/Wissam42/sentence-croissant-llm-base"">sentence-croissant-llm-base</a>",1280,4.77,2048,2048,
120,238,"<a target=""_blank"" style=""text-decoration: underline"" href=""https://huggingface.co/aari1995/German_Semantic_STS_V2"">German_Semantic_STS_V2</a>",336,1.25,1024,512,
122,239,"<a target=""_blank"" style=""text-decoration: underline"" href=""https://huggingface.co/ai-forever/ru-en-RoSBERTa"">ru-en-RoSBERTa</a>",404,1.5,1024,514,
123,240,"<a target=""_blank"" style=""text-decoration: underline"" href=""https://huggingface.co/ai-forever/sbert_large_mt_nlu_ru"">sbert_large_mt_nlu_ru</a>",427,1.59,1024,514,
124,241,"<a target=""_blank"" style=""text-decoration: underline"" href=""https://huggingface.co/ai-forever/sbert_large_nlu_ru"">sbert_large_nlu_ru</a>",427,1.59,1024,512,
136,242,"<a target=""_blank"" style=""text-decoration: underline"" href=""https://huggingface.co/biswa921/bge-m3"">bge-m3</a>",567,2.11,1024,8192,
137,243,"<a target=""_blank"" style=""text-decoration: underline"" href=""https://huggingface.co/brahmairesearch/slx-v0.1"">slx-v0.1</a>",23,0.08,384,512,
139,244,"<a target=""_blank"" style=""text-decoration: underline"" href=""https://huggingface.co/cointegrated/LaBSE-en-ru"">LaBSE-en-ru</a>",129,0.48,768,512,
140,245,"<a target=""_blank"" style=""text-decoration: underline"" href=""https://huggingface.co/cointegrated/rubert-tiny"">rubert-tiny</a>",12,0.04,512,514,
141,246,"<a target=""_blank"" style=""text-decoration: underline"" href=""https://huggingface.co/cointegrated/rubert-tiny2"">rubert-tiny2</a>",29,0.11,2048,514,
143,247,"<a target=""_blank"" style=""text-decoration: underline"" href=""https://huggingface.co/consciousAI/cai-stellaris-text-embeddings"">cai-stellaris-text-embeddings</a>",53,0.2,768,514,
144,248,"<a target=""_blank"" style=""text-decoration: underline"" href=""https://huggingface.co/dangvantuan/sentence-camembert-base"">sentence-camembert-base</a>",110,0.41,768,512,
145,249,"<a target=""_blank"" style=""text-decoration: underline"" href=""https://huggingface.co/dangvantuan/sentence-camembert-large"">sentence-camembert-large</a>",337,1.26,1024,512,
146,250,"<a target=""_blank"" style=""text-decoration: underline"" href=""https://huggingface.co/deepfile/embedder-100p"">embedder-100p</a>",278,1.04,768,514,
147,251,"<a target=""_blank"" style=""text-decoration: underline"" href=""https://huggingface.co/deepvk/USER-base"">USER-base</a>",124,0.46,768,512,
148,252,"<a target=""_blank"" style=""text-decoration: underline"" href=""https://huggingface.co/deepvk/USER-bge-m3"">USER-bge-m3</a>",359,1.34,1024,8192,
149,253,"<a target=""_blank"" style=""text-decoration: underline"" href=""https://huggingface.co/deepvk/deberta-v1-base"">deberta-v1-base</a>",124,0.46,768,512,
152,254,"<a target=""_blank"" style=""text-decoration: underline"" href=""https://huggingface.co/dumyy/sft-bge-small"">sft-bge-small</a>",24,0.09,512,512,
157,255,"<a target=""_blank"" style=""text-decoration: underline"" href=""https://huggingface.co/flaubert/flaubert_base_cased"">flaubert_base_cased</a>",138,0.51,768,512,
158,256,"<a target=""_blank"" style=""text-decoration: underline"" href=""https://huggingface.co/flaubert/flaubert_base_uncased"">flaubert_base_uncased</a>",138,0.51,768,512,
159,257,"<a target=""_blank"" style=""text-decoration: underline"" href=""https://huggingface.co/flaubert/flaubert_large_cased"">flaubert_large_cased</a>",372,1.39,1024,512,
160,258,"<a target=""_blank"" style=""text-decoration: underline"" href=""https://huggingface.co/google-bert/bert-base-multilingual-cased"">bert-base-multilingual-cased</a>",179,0.67,768,512,
161,259,"<a target=""_blank"" style=""text-decoration: underline"" href=""https://huggingface.co/google-bert/bert-base-multilingual-uncased"">bert-base-multilingual-uncased</a>",168,0.63,768,512,
177,260,"<a target=""_blank"" style=""text-decoration: underline"" href=""https://huggingface.co/ipipan/herbert-base-retrieval-v2"">herbert-base-retrieval-v2</a>",125,0.47,768,514,
178,261,"<a target=""_blank"" style=""text-decoration: underline"" href=""https://huggingface.co/ipipan/silver-retriever-base-v1"">silver-retriever-base-v1</a>",125,0.47,768,514,
197,262,"<a target=""_blank"" style=""text-decoration: underline"" href=""https://huggingface.co/manu/bge-m3-custom-fr"">bge-m3-custom-fr</a>",568,2.12,1024,8194,
198,263,"<a target=""_blank"" style=""text-decoration: underline"" href=""https://huggingface.co/manu/sentence_croissant_alpha_v0.1"">sentence_croissant_alpha_v0.1</a>",1280,4.77,2048,2048,
199,264,"<a target=""_blank"" style=""text-decoration: underline"" href=""https://huggingface.co/manu/sentence_croissant_alpha_v0.2"">sentence_croissant_alpha_v0.2</a>",1280,4.77,2048,2048,
200,265,"<a target=""_blank"" style=""text-decoration: underline"" href=""https://huggingface.co/manu/sentence_croissant_alpha_v0.3"">sentence_croissant_alpha_v0.3</a>",1280,4.77,2048,2048,
201,266,"<a target=""_blank"" style=""text-decoration: underline"" href=""https://huggingface.co/manu/sentence_croissant_alpha_v0.4"">sentence_croissant_alpha_v0.4</a>",1280,4.77,2048,2048,
206,269,"<a target=""_blank"" style=""text-decoration: underline"" href=""https://huggingface.co/mukaj/fin-mpnet-base"">fin-mpnet-base</a>",109,0.41,768,514,
224,276,"<a target=""_blank"" style=""text-decoration: underline"" href=""https://huggingface.co/nvidia/NV-Retriever-v1"">NV-Retriever-v1</a>",7111,26.49,4096,512,
225,277,"<a target=""_blank"" style=""text-decoration: underline"" href=""https://huggingface.co/openbmb/MiniCPM-Embedding"">MiniCPM-Embedding</a>",2725,10.15,2304,2048,
229,278,"<a target=""_blank"" style=""text-decoration: underline"" href=""https://huggingface.co/qinxianliu/FAE-v1"">FAE-v1</a>",335,1.25,1024,512,
233,279,"<a target=""_blank"" style=""text-decoration: underline"" href=""https://huggingface.co/sdadas/mmlw-e5-base"">mmlw-e5-base</a>",278,1.04,768,514,
234,280,"<a target=""_blank"" style=""text-decoration: underline"" href=""https://huggingface.co/sdadas/mmlw-e5-large"">mmlw-e5-large</a>",560,2.09,1024,514,
235,281,"<a target=""_blank"" style=""text-decoration: underline"" href=""https://huggingface.co/sdadas/mmlw-e5-small"">mmlw-e5-small</a>",118,0.44,384,512,
236,282,"<a target=""_blank"" style=""text-decoration: underline"" href=""https://huggingface.co/sdadas/mmlw-roberta-base"">mmlw-roberta-base</a>",124,0.46,768,514,
237,283,"<a target=""_blank"" style=""text-decoration: underline"" href=""https://huggingface.co/sdadas/mmlw-roberta-large"">mmlw-roberta-large</a>",435,1.62,1024,514,
238,284,"<a target=""_blank"" style=""text-decoration: underline"" href=""https://huggingface.co/sdadas/st-polish-paraphrase-from-distilroberta"">st-polish-paraphrase-from-distilroberta</a>",125,0.47,768,514,
239,285,"<a target=""_blank"" style=""text-decoration: underline"" href=""https://huggingface.co/sdadas/st-polish-paraphrase-from-mpnet"">st-polish-paraphrase-from-mpnet</a>",125,0.47,768,514,
247,286,"<a target=""_blank"" style=""text-decoration: underline"" href=""https://huggingface.co/sentence-transformers/distiluse-base-multilingual-cased-v2"">distiluse-base-multilingual-cased-v2</a>",135,0.5,512,512,
253,287,"<a target=""_blank"" style=""text-decoration: underline"" href=""https://huggingface.co/sentence-transformers/multi-qa-MiniLM-L6-cos-v1"">multi-qa-MiniLM-L6-cos-v1</a>",23,0.09,384,512,
260,288,"<a target=""_blank"" style=""text-decoration: underline"" href=""https://huggingface.co/sergeyzh/LaBSE-ru-turbo"">LaBSE-ru-turbo</a>",128,0.48,768,512,
261,289,"<a target=""_blank"" style=""text-decoration: underline"" href=""https://huggingface.co/sergeyzh/rubert-tiny-turbo"">rubert-tiny-turbo</a>",29,0.11,312,2048,
264,291,"<a target=""_blank"" style=""text-decoration: underline"" href=""https://huggingface.co/tanmaylaud/ret-phi2-v0"">ret-phi2-v0</a>",2649,9.87,2560,2048,
265,292,"<a target=""_blank"" style=""text-decoration: underline"" href=""https://huggingface.co/technicolor/Angle_BERT"">Angle_BERT</a>",109,0.41,768,512,
269,293,"<a target=""_blank"" style=""text-decoration: underline"" href=""https://huggingface.co/thtang/ALL_862873"">ALL_862873</a>",118,0.44,384,512,
283,294,"<a target=""_blank"" style=""text-decoration: underline"" href=""https://huggingface.co/xlm-roberta-base"">xlm-roberta-base</a>",279,1.04,768,514,
284,295,"<a target=""_blank"" style=""text-decoration: underline"" href=""https://huggingface.co/xlm-roberta-large"">xlm-roberta-large</a>",560,2.09,1024,514,
285,296,"<a target=""_blank"" style=""text-decoration: underline"" href=""https://huggingface.co/yco/bilingual-embedding-base"">bilingual-embedding-base</a>",278,1.04,768,514,
292,300,"<a target=""_blank"" style=""text-decoration: underline"" href=""https://huggingface.co/zhou-xl/bi-cse"">bi-cse</a>",560,2.09,1024,514,
294,301,"<a target=""_blank"" style=""text-decoration: underline"" href=""https://openai.com/blog/introducing-text-and-code-embeddings"">text-search-ada-001</a>",,,1024,2046,
295,302,"<a target=""_blank"" style=""text-decoration: underline"" href=""https://openai.com/blog/introducing-text-and-code-embeddings"">text-search-ada-doc-001</a>",,,1024,2046,
296,303,"<a target=""_blank"" style=""text-decoration: underline"" href=""https://openai.com/blog/introducing-text-and-code-embeddings"">text-search-babbage-001</a>",,,2048,2046,
297,304,"<a target=""_blank"" style=""text-decoration: underline"" href=""https://openai.com/blog/introducing-text-and-code-embeddings"">text-search-curie-001</a>",,,4096,2046,
298,305,"<a target=""_blank"" style=""text-decoration: underline"" href=""https://openai.com/blog/introducing-text-and-code-embeddings"">text-search-davinci-001</a>",,,12288,2046,
300,306,"<a target=""_blank"" style=""text-decoration: underline"" href=""https://openai.com/blog/introducing-text-and-code-embeddings"">text-similarity-babbage-001</a>",,,2048,2046,
301,307,"<a target=""_blank"" style=""text-decoration: underline"" href=""https://openai.com/blog/introducing-text-and-code-embeddings"">text-similarity-curie-001</a>",,,4096,2046,
302,308,"<a target=""_blank"" style=""text-decoration: underline"" href=""https://openai.com/blog/introducing-text-and-code-embeddings"">text-similarity-davinci-001</a>",,,12288,2046,
