index,Rank,Model,Model Size (Million Parameters),"Memory Usage (GB, fp32)",Embedding Dimensions,Max Tokens,Average,BIOSSES,SICK-R,STS12,STS13,STS14,STS15,STS16,STS17 (en-en),STS22 (en),STSBenchmark
121,1,"<a target=""_blank"" style=""text-decoration: underline"" href=""https://huggingface.co/actualdata/bilingual-embedding-large"">bilingual-embedding-large</a>",560,2.09,1024,514,86.02,87.86,81.01,85.52,89.37,91.61,92.02,86.29,88.71,68.58,89.28
59,2,"<a target=""_blank"" style=""text-decoration: underline"" href=""https://huggingface.co/Lajavaness/bilingual-embedding-large"">bilingual-embedding-large</a>",560,2.09,1024,514,86.02,87.86,81.01,85.52,89.37,91.61,92.02,86.29,88.71,68.58,89.28
191,3,"<a target=""_blank"" style=""text-decoration: underline"" href=""https://huggingface.co/jinaai/jina-embeddings-v3"">jina-embeddings-v3</a>",572,2.13,1024,8194,85.81,88.69,89.62,82.44,89.49,84.95,89.31,86.85,90.0,67.28,89.44
9,4,"<a target=""_blank"" style=""text-decoration: underline"" href=""https://docs.voyageai.com/embeddings/"">voyage-lite-02-instruct</a>",1220,4.54,1024,4000,85.79,89.7,78.44,86.46,87.76,86.6,90.1,86.39,86.98,76.89,88.56
1,5,"<a target=""_blank"" style=""text-decoration: underline"" href=""https://cloud.google.com/vertex-ai/generative-ai/docs/embeddings/get-text-embeddings#latest_models"">google-gecko.text-embedding-preview-0409</a>",1200,4.47,768,2048,85.07,89.46,81.93,77.59,90.36,85.25,89.66,87.34,92.06,68.02,88.99
103,6,"<a target=""_blank"" style=""text-decoration: underline"" href=""https://huggingface.co/Salesforce/SFR-Embedding-Mistral"">SFR-Embedding-Mistral</a>",7111,26.49,4096,32768,85.05,86.07,82.92,79.47,89.15,84.93,90.74,87.82,92.02,68.36,89.0
279,7,"<a target=""_blank"" style=""text-decoration: underline"" href=""https://huggingface.co/w601sxs/b1ade-embed"">b1ade-embed</a>",335,1.25,1024,512,85.04,89.15,82.83,78.65,90.0,84.97,89.81,86.71,89.8,69.67,88.77
175,8,"<a target=""_blank"" style=""text-decoration: underline"" href=""https://huggingface.co/intfloat/multilingual-e5-large-instruct"">multilingual-e5-large-instruct</a>",560,2.09,1024,514,85.03,87.46,81.73,82.53,88.05,84.83,91.02,87.32,90.33,68.67,88.39
204,9,"<a target=""_blank"" style=""text-decoration: underline"" href=""https://huggingface.co/mixedbread-ai/mxbai-embed-large-v1"">mxbai-embed-large-v1</a>",335,1.25,1024,512,85.0,88.41,82.92,78.76,90.35,85.46,89.62,86.58,89.5,69.34,89.1
151,10,"<a target=""_blank"" style=""text-decoration: underline"" href=""https://huggingface.co/dopeba/mxbai-embed-large-v1-Q6_K-GGUF"">mxbai-embed-large-v1-Q6_K-GGUF</a>",,,,,85.0,88.41,82.92,78.76,90.35,85.46,89.62,86.58,89.5,69.34,89.1
57,11,"<a target=""_blank"" style=""text-decoration: underline"" href=""https://huggingface.co/Labib11/MUG-B-1.6"">MUG-B-1.6</a>",335,1.25,1024,512,84.99,88.38,83.0,79.22,89.43,84.79,89.54,86.69,89.64,70.26,88.96
62,12,"<a target=""_blank"" style=""text-decoration: underline"" href=""https://huggingface.co/Linq-AI-Research/Linq-Embed-Mistral"">Linq-Embed-Mistral</a>",7111,26.49,4096,32768,84.97,86.4,84.31,78.44,88.27,84.49,90.28,87.37,92.68,68.62,88.81
0,13,"<a target=""_blank"" style=""text-decoration: underline"" href=""https://cloud.google.com/vertex-ai/generative-ai/docs/embeddings/get-text-embeddings#latest_models"">google-gecko-256.text-embedding-preview-0409</a>",1200,4.47,256,2048,84.93,89.42,81.67,78.02,90.1,85.44,89.64,87.24,90.46,67.99,89.33
203,14,"<a target=""_blank"" style=""text-decoration: underline"" href=""https://huggingface.co/mixedbread-ai/mxbai-embed-2d-large-v1"">mxbai-embed-2d-large-v1</a>",335,1.25,1024,512,84.9,88.06,82.05,78.77,90.4,85.45,90.01,87.42,88.8,68.8,89.2
230,15,"<a target=""_blank"" style=""text-decoration: underline"" href=""https://huggingface.co/raghavlight/TDTE"">TDTE</a>",,,,,84.82,87.28,82.33,79.7,89.21,86.01,89.7,87.68,88.03,70.16,88.15
170,16,"<a target=""_blank"" style=""text-decoration: underline"" href=""https://huggingface.co/intfloat/e5-mistral-7b-instruct"">e5-mistral-7b-instruct</a>",7111,26.49,4096,32768,84.62,85.5,82.64,79.65,88.43,84.54,90.42,87.69,91.76,66.98,88.6
130,17,"<a target=""_blank"" style=""text-decoration: underline"" href=""https://huggingface.co/avsolatorio/GIST-large-Embedding-v0"">GIST-large-Embedding-v0</a>",335,1.25,1024,512,84.59,89.17,82.8,77.13,89.29,83.83,89.7,86.43,89.66,69.61,88.3
116,18,"<a target=""_blank"" style=""text-decoration: underline"" href=""https://huggingface.co/WhereIsAI/UAE-Large-V1"">UAE-Large-V1</a>",335,1.25,1024,512,84.54,86.14,82.62,79.09,89.62,85.02,89.51,86.61,88.99,68.79,89.06
153,19,"<a target=""_blank"" style=""text-decoration: underline"" href=""https://huggingface.co/dunzhang/stella_en_1.5B_v5"">stella_en_1.5B_v5</a>",1543,5.75,8192,131072,84.51,83.11,82.89,80.09,89.68,85.07,89.39,87.15,91.35,68.1,88.23
6,20,"<a target=""_blank"" style=""text-decoration: underline"" href=""https://docs.voyageai.com/embeddings/"">voyage-large-2-instruct</a>",,,1024,16000,84.31,89.24,83.16,73.34,88.49,86.49,91.13,85.68,90.06,66.32,89.22
223,21,"<a target=""_blank"" style=""text-decoration: underline"" href=""https://huggingface.co/nvidia/NV-Embed-v2"">NV-Embed-v2</a>",7851,29.25,4096,32768,84.31,87.42,82.15,77.89,88.3,84.3,89.04,86.77,90.67,68.12,88.41
22,22,"<a target=""_blank"" style=""text-decoration: underline"" href=""https://huggingface.co/BAAI/bge-en-icl"">bge-en-icl</a>",7111,26.49,4096,32768,84.24,86.47,83.87,78.14,86.59,82.83,87.77,87.04,91.25,70.07,88.42
291,23,"<a target=""_blank"" style=""text-decoration: underline"" href=""https://huggingface.co/zeta-alpha-ai/Zeta-Alpha-E5-Mistral"">Zeta-Alpha-E5-Mistral</a>",7111,26.49,4096,32768,84.24,86.44,81.88,78.64,87.12,83.55,90.1,87.22,91.43,67.76,88.28
154,24,"<a target=""_blank"" style=""text-decoration: underline"" href=""https://huggingface.co/dunzhang/stella_en_400M_v5"">stella_en_400M_v5</a>",435,1.62,8192,8192,84.22,83.3,82.21,79.52,89.19,85.15,89.1,87.14,90.97,67.83,87.74
209,25,"<a target=""_blank"" style=""text-decoration: underline"" href=""https://huggingface.co/neuralmagic/bge-large-en-v1.5-quant"">bge-large-en-v1.5-quant</a>",,,,,84.18,88.37,82.06,78.83,87.99,83.5,89.0,86.45,89.56,68.15,87.89
71,26,"<a target=""_blank"" style=""text-decoration: underline"" href=""https://huggingface.co/McGill-NLP/LLM2Vec-Mistral-7B-Instruct-v2-mntp-supervised"">LLM2Vec-Mistral-supervised</a>",7111,26.49,4096,32768,84.09,85.24,83.7,78.8,86.37,84.04,88.99,87.22,90.19,67.68,88.65
25,27,"<a target=""_blank"" style=""text-decoration: underline"" href=""https://huggingface.co/BAAI/bge-multilingual-gemma2"">bge-multilingual-gemma2</a>",9242,34.43,3584,8192,83.88,85.74,82.66,77.71,87.45,83.48,87.63,86.7,91.18,69.02,87.25
183,28,"<a target=""_blank"" style=""text-decoration: underline"" href=""https://huggingface.co/jamesgpt1/sf_model_e5"">sf_model_e5</a>",335,1.25,1024,512,83.85,86.75,82.33,77.61,87.95,83.85,88.47,86.46,88.7,68.02,88.33
67,29,"<a target=""_blank"" style=""text-decoration: underline"" href=""https://huggingface.co/McGill-NLP/LLM2Vec-Llama-2-7b-chat-hf-mntp-supervised"">LLM2Vec-Llama-2-supervised</a>",6607,24.61,4096,4096,83.73,82.13,83.01,78.85,86.84,84.04,88.72,86.79,90.63,67.55,88.72
69,30,"<a target=""_blank"" style=""text-decoration: underline"" href=""https://huggingface.co/McGill-NLP/LLM2Vec-Meta-Llama-3-8B-Instruct-mntp-supervised"">LLM2Vec-Meta-Llama-3-supervised</a>",7505,27.96,4096,8192,83.58,84.92,83.94,79.27,84.83,82.94,88.09,86.54,89.58,67.67,88.05
73,31,"<a target=""_blank"" style=""text-decoration: underline"" href=""https://huggingface.co/McGill-NLP/LLM2Vec-Sheared-LLaMA-mntp-supervised"">LLM2Vec-Sheared-Llama-supervised</a>",1280,4.77,2048,4096,83.58,85.88,82.25,78.28,85.52,82.49,88.76,87.11,90.1,68.25,87.16
128,32,"<a target=""_blank"" style=""text-decoration: underline"" href=""https://huggingface.co/avsolatorio/GIST-Embedding-v0"">GIST-Embedding-v0</a>",109,0.41,768,512,83.51,87.95,81.29,76.16,87.85,83.39,89.43,85.35,88.59,67.81,87.32
189,33,"<a target=""_blank"" style=""text-decoration: underline"" href=""https://huggingface.co/jinaai/jina-embeddings-v2-base-es"">jina-embeddings-v2-base-es</a>",161,0.6,768,8192,83.49,83.05,83.01,81.62,86.82,83.56,88.75,86.03,88.56,65.62,87.84
226,34,"<a target=""_blank"" style=""text-decoration: underline"" href=""https://huggingface.co/piaopiao0095/jina-embeddings-v2-base-es-Q5_K_M-GGUF"">jina-embeddings-v2-base-es-Q5_K_M-GGUF</a>",,,,,83.49,83.05,83.01,81.62,86.82,83.56,88.75,86.03,88.56,65.62,87.84
45,35,"<a target=""_blank"" style=""text-decoration: underline"" href=""https://huggingface.co/GritLM/GritLM-7B"">GritLM-7B</a>",7240,26.97,,4096,83.35,86.32,83.13,77.34,85.04,82.91,88.13,86.24,90.14,68.63,85.64
267,36,"<a target=""_blank"" style=""text-decoration: underline"" href=""https://huggingface.co/thenlper/gte-large"">gte-large</a>",335,1.25,1024,512,83.35,88.65,79.81,76.81,88.11,82.66,88.93,84.25,88.47,69.71,86.07
104,37,"<a target=""_blank"" style=""text-decoration: underline"" href=""https://huggingface.co/Santyyy/ember-v1-Q8_0-GGUF"">ember-v1-Q8_0-GGUF</a>",,,,,83.34,85.81,81.75,78.51,86.62,83.06,88.39,86.82,87.9,66.76,87.77
196,38,"<a target=""_blank"" style=""text-decoration: underline"" href=""https://huggingface.co/llmrails/ember-v1"">ember-v1</a>",335,1.25,1024,512,83.34,85.81,81.75,78.51,86.62,83.06,88.39,86.82,87.9,66.76,87.77
46,39,"<a target=""_blank"" style=""text-decoration: underline"" href=""https://huggingface.co/GritLM/GritLM-8x7B"">GritLM-8x7B</a>",46703,173.98,4096,32768,83.26,87.34,80.56,73.69,85.82,82.05,88.8,86.2,91.46,69.21,87.43
35,40,"<a target=""_blank"" style=""text-decoration: underline"" href=""https://huggingface.co/Cohere/Cohere-embed-multilingual-v3.0"">Cohere-embed-multilingual-v3.0</a>",,,1024,512,83.15,85.01,82.18,77.62,85.16,80.02,88.92,86.92,90.09,66.81,88.79
163,41,"<a target=""_blank"" style=""text-decoration: underline"" href=""https://huggingface.co/hkunlp/instructor-large"">instructor-large</a>",335,1.25,768,512,83.15,84.39,81.27,76.28,88.18,81.92,89.01,85.49,90.3,67.74,86.88
231,42,"<a target=""_blank"" style=""text-decoration: underline"" href=""https://huggingface.co/sabafallah/bge-large-en-v1.5-Q4_K_M-GGUF"">bge-large-en-v1.5-Q4_K_M-GGUF</a>",,,,,83.11,84.65,81.68,79.05,86.37,82.78,88.03,86.49,87.5,67.05,87.52
232,43,"<a target=""_blank"" style=""text-decoration: underline"" href=""https://huggingface.co/sabafallah/bge-large-en-v1.5-Q8_0-GGUF"">bge-large-en-v1.5-Q8_0-GGUF</a>",,,,,83.11,84.65,81.68,79.05,86.37,82.78,88.03,86.49,87.5,67.05,87.52
23,44,"<a target=""_blank"" style=""text-decoration: underline"" href=""https://huggingface.co/BAAI/bge-large-en-v1.5"">bge-large-en-v1.5</a>",335,1.25,1024,512,83.11,84.65,81.68,79.05,86.37,82.78,88.03,86.49,87.5,67.05,87.52
164,45,"<a target=""_blank"" style=""text-decoration: underline"" href=""https://huggingface.co/hkunlp/instructor-xl"">instructor-xl</a>",1241,4.62,768,512,83.06,84.15,81.7,75.32,87.44,81.87,88.94,85.38,90.54,68.65,86.56
27,46,"<a target=""_blank"" style=""text-decoration: underline"" href=""https://huggingface.co/BN7002/gte-Qwen2-7B-instruct-Q4_K_M-GGUF"">gte-Qwen2-7B-instruct-Q4_K_M-GGUF</a>",,,,,83.04,81.37,79.28,79.55,88.83,83.87,88.54,86.49,88.73,66.88,86.85
17,47,"<a target=""_blank"" style=""text-decoration: underline"" href=""https://huggingface.co/Alibaba-NLP/gte-Qwen2-7B-instruct"">gte-Qwen2-7B-instruct</a>",7613,28.36,3584,131072,83.04,81.37,79.28,79.55,88.83,83.87,88.54,86.49,88.73,66.88,86.85
131,48,"<a target=""_blank"" style=""text-decoration: underline"" href=""https://huggingface.co/avsolatorio/GIST-small-Embedding-v0"">GIST-small-Embedding-v0</a>",33,0.12,384,512,83.03,86.99,80.53,75.57,86.26,82.3,88.74,85.27,89.02,68.51,87.08
165,49,"<a target=""_blank"" style=""text-decoration: underline"" href=""https://huggingface.co/infgrad/stella-base-en-v2"">stella-base-en-v2</a>",55,0.2,768,512,83.02,85.94,81.06,78.72,84.88,83.11,88.74,86.35,87.71,66.28,87.45
182,50,"<a target=""_blank"" style=""text-decoration: underline"" href=""https://huggingface.co/izhx/udever-bloom-7b1"">udever-bloom-7b1</a>",7069,26.33,4096,2048,83.01,85.52,81.41,77.47,86.38,81.17,88.23,86.29,90.62,65.01,88.02
58,51,"<a target=""_blank"" style=""text-decoration: underline"" href=""https://huggingface.co/Lajavaness/bilingual-embedding-base"">bilingual-embedding-base</a>",278,1.04,768,514,83.0,87.13,79.49,79.59,84.7,83.92,89.88,84.88,88.69,64.27,87.44
132,52,"<a target=""_blank"" style=""text-decoration: underline"" href=""https://huggingface.co/avsolatorio/NoInstruct-small-Embedding-v0"">NoInstruct-small-Embedding-v0</a>",33,0.12,384,512,83.0,87.2,80.31,75.76,86.08,82.28,88.9,85.18,88.73,68.54,86.98
8,53,"<a target=""_blank"" style=""text-decoration: underline"" href=""https://docs.voyageai.com/embeddings/"">voyage-lite-01-instruct</a>",,,1024,4000,82.93,84.85,79.71,77.09,88.91,82.08,89.21,84.74,90.73,62.1,89.86
288,54,"<a target=""_blank"" style=""text-decoration: underline"" href=""https://huggingface.co/zeroshot/gte-large-quant"">gte-large-quant</a>",,,,,82.88,87.98,79.13,75.98,87.55,81.99,88.93,83.59,88.51,69.72,85.4
222,55,"<a target=""_blank"" style=""text-decoration: underline"" href=""https://huggingface.co/nvidia/NV-Embed-v1"">NV-Embed-v1</a>",7851,29.25,4096,32768,82.84,85.59,82.8,76.22,86.3,82.09,87.24,84.77,87.42,69.85,86.14
207,56,"<a target=""_blank"" style=""text-decoration: underline"" href=""https://huggingface.co/neuralmagic/bge-base-en-v1.5-quant"">bge-base-en-v1.5-quant</a>",,,,,82.79,86.71,80.06,77.75,86.08,82.89,88.54,85.76,87.82,65.46,86.79
36,57,"<a target=""_blank"" style=""text-decoration: underline"" href=""https://huggingface.co/DecisionOptimizationSystemProduction/DeepFeatTextEmbeddingLarge"">DeepFeatTextEmbeddingLarge</a>",1776,6.62,1536,131072,82.73,82.11,80.49,77.25,87.79,82.91,88.45,85.45,90.33,66.1,86.38
16,58,"<a target=""_blank"" style=""text-decoration: underline"" href=""https://huggingface.co/Alibaba-NLP/gte-Qwen2-1.5B-instruct"">gte-Qwen2-1.5B-instruct</a>",1776,6.62,1536,131072,82.73,82.11,80.49,77.25,87.79,82.91,88.45,85.45,90.33,66.1,86.38
259,59,"<a target=""_blank"" style=""text-decoration: underline"" href=""https://huggingface.co/sentence-transformers/sentence-t5-xxl"">sentence-t5-xxl</a>",4865,18.12,768,512,82.63,80.43,80.47,78.85,88.94,84.86,89.32,84.67,89.46,65.33,84.01
33,60,"<a target=""_blank"" style=""text-decoration: underline"" href=""https://huggingface.co/Cohere/Cohere-embed-english-v3.0"">Cohere-embed-english-v3.0</a>",,,1024,512,82.62,83.5,81.27,74.37,85.2,80.98,89.23,86.32,90.34,66.42,88.55
63,61,"<a target=""_blank"" style=""text-decoration: underline"" href=""https://huggingface.co/MAY-A/jina-embeddings-v2-base-de-Q5_K_M-GGUF"">jina-embeddings-v2-base-de-Q5_K_M-GGUF</a>",,,,,82.61,76.91,80.33,80.59,86.59,82.99,88.79,84.44,89.31,67.97,88.14
138,62,"<a target=""_blank"" style=""text-decoration: underline"" href=""https://huggingface.co/chris-code/jina-embeddings-v2-base-de-Q8_0-GGUF"">jina-embeddings-v2-base-de-Q8_0-GGUF</a>",,,,,82.61,76.91,80.33,80.59,86.59,82.99,88.79,84.44,89.31,67.97,88.14
187,63,"<a target=""_blank"" style=""text-decoration: underline"" href=""https://huggingface.co/jinaai/jina-embeddings-v2-base-de"">jina-embeddings-v2-base-de</a>",161,0.6,768,8192,82.61,76.91,80.33,80.59,86.59,82.99,88.79,84.44,89.31,67.97,88.14
192,64,"<a target=""_blank"" style=""text-decoration: underline"" href=""https://huggingface.co/jspringer/echo-mistral-7b-instruct-lasttoken"">echo-mistral-7b-instruct-lasttoken</a>",7111,26.49,4096,32768,82.56,86.54,83.23,76.13,83.19,80.6,87.16,85.16,90.88,67.04,85.67
210,65,"<a target=""_blank"" style=""text-decoration: underline"" href=""https://huggingface.co/neuralmagic/bge-large-en-v1.5-sparse"">bge-large-en-v1.5-sparse</a>",,,,,82.5,85.64,80.74,76.07,86.81,81.68,88.75,84.61,89.75,64.1,86.88
15,66,"<a target=""_blank"" style=""text-decoration: underline"" href=""https://huggingface.co/Alibaba-NLP/gte-Qwen1.5-7B-instruct"">gte-Qwen1.5-7B-instruct</a>",7099,26.45,4096,32768,82.42,81.12,79.15,76.52,88.63,83.32,87.5,86.39,87.79,66.4,87.35
133,67,"<a target=""_blank"" style=""text-decoration: underline"" href=""https://huggingface.co/aws-neuron/bge-base-en-v1-5-seqlen-384-bs-1"">bge-base-en-v1-5-seqlen-384-bs-1</a>",,,,,82.4,86.94,80.3,78.03,84.19,82.27,87.96,85.48,86.42,65.95,86.42
21,68,"<a target=""_blank"" style=""text-decoration: underline"" href=""https://huggingface.co/BAAI/bge-base-en-v1.5"">bge-base-en-v1.5</a>",109,0.41,768,512,82.4,86.94,80.3,78.03,84.19,82.27,87.96,85.48,86.42,65.95,86.42
180,69,"<a target=""_blank"" style=""text-decoration: underline"" href=""https://huggingface.co/izhx/udever-bloom-3b"">udever-bloom-3b</a>",3003,11.19,2560,2048,82.37,84.82,80.85,76.1,85.49,80.44,87.75,85.42,89.95,65.13,87.71
266,70,"<a target=""_blank"" style=""text-decoration: underline"" href=""https://huggingface.co/thenlper/gte-base"">gte-base</a>",109,0.41,768,512,82.3,87.64,78.86,75.71,85.73,81.51,88.81,83.82,87.9,67.33,85.73
162,71,"<a target=""_blank"" style=""text-decoration: underline"" href=""https://huggingface.co/hkunlp/instructor-base"">instructor-base</a>",110,0.41,768,512,82.29,82.31,80.26,77.02,86.58,81.32,88.19,84.88,89.46,66.45,86.43
118,72,"<a target=""_blank"" style=""text-decoration: underline"" href=""https://huggingface.co/YanshekWoo/kalm-embedding-multilingual-mini"">kalm-embedding-multilingual-mini</a>",,,,,82.12,86.37,79.83,76.4,84.83,80.02,88.41,84.22,86.72,68.98,85.44
20,73,"<a target=""_blank"" style=""text-decoration: underline"" href=""https://huggingface.co/Alibaba-NLP/gte-multilingual-base"">gte-multilingual-base</a>",305,1.14,768,8192,82.11,81.21,79.34,77.51,85.55,81.68,88.95,84.34,88.88,67.2,86.46
268,74,"<a target=""_blank"" style=""text-decoration: underline"" href=""https://huggingface.co/thenlper/gte-small"">gte-small</a>",33,0.12,384,512,82.07,88.17,77.93,75.12,85.09,81.03,88.32,83.91,87.59,68.0,85.57
213,75,"<a target=""_blank"" style=""text-decoration: underline"" href=""https://huggingface.co/nomic-ai/nomic-embed-text-v1"">nomic-embed-text-v1</a>",137,0.51,768,8192,82.06,86.47,78.58,78.92,85.4,81.64,87.2,85.44,87.2,64.22,85.54
168,76,"<a target=""_blank"" style=""text-decoration: underline"" href=""https://huggingface.co/intfloat/e5-large"">e5-large</a>",335,1.25,1024,512,82.06,84.73,80.49,75.93,85.22,80.54,88.81,85.28,89.37,62.99,87.21
55,77,"<a target=""_blank"" style=""text-decoration: underline"" href=""https://huggingface.co/KeyurRamoliya/e5-large-v2-GGUF"">e5-large-v2-GGUF</a>",,,,,82.05,83.6,79.28,76.95,84.12,80.46,89.76,85.47,89.03,64.11,87.74
169,78,"<a target=""_blank"" style=""text-decoration: underline"" href=""https://huggingface.co/intfloat/e5-large-v2"">e5-large-v2</a>",335,1.25,1024,512,82.05,83.6,79.28,76.95,84.12,80.46,89.76,85.47,89.03,64.11,87.74
211,79,"<a target=""_blank"" style=""text-decoration: underline"" href=""https://huggingface.co/neuralmagic/bge-small-en-v1.5-quant"">bge-small-en-v1.5-quant</a>",,,,,82.04,86.66,79.44,76.17,84.15,81.49,88.11,84.99,87.98,65.07,86.31
18,80,"<a target=""_blank"" style=""text-decoration: underline"" href=""https://huggingface.co/Alibaba-NLP/gte-base-en-v1.5"">gte-base-en-v1.5</a>",137,0.51,768,8192,81.97,83.65,79.37,74.38,84.71,80.1,87.16,85.02,90.64,68.63,86.04
293,81,"<a target=""_blank"" style=""text-decoration: underline"" href=""https://huggingface.co/zyj2003lj/nomic-embed-text-v1.5-Q4_K_M-GGUF"">nomic-embed-text-v1.5-Q4_K_M-GGUF</a>",,,,,81.94,84.25,79.38,78.52,86.05,81.54,86.97,84.77,87.47,65.02,85.47
220,82,"<a target=""_blank"" style=""text-decoration: underline"" href=""https://huggingface.co/nomic-ai/nomic-embed-text-v1.5"">nomic-embed-text-v1.5</a>",137,0.51,768,8192,81.94,84.25,79.38,78.52,86.05,81.54,86.97,84.77,87.47,65.02,85.47
119,83,"<a target=""_blank"" style=""text-decoration: underline"" href=""https://huggingface.co/YorkieOH10/nomic-embed-text-v1.5-Q8_0-GGUF"">nomic-embed-text-v1.5-Q8_0-GGUF</a>",,,,,81.94,84.25,79.38,78.52,86.05,81.54,86.97,84.77,87.47,65.02,85.47
100,84,"<a target=""_blank"" style=""text-decoration: underline"" href=""https://huggingface.co/RinaChen/nomic-embed-text-v1.5-Q4_K_M-GGUF"">nomic-embed-text-v1.5-Q4_K_M-GGUF</a>",,,,,81.94,84.25,79.38,78.52,86.05,81.54,86.97,84.77,87.47,65.02,85.47
61,85,"<a target=""_blank"" style=""text-decoration: underline"" href=""https://huggingface.co/Lajavaness/bilingual-embedding-small"">bilingual-embedding-small</a>",118,0.44,384,512,81.93,83.99,74.65,79.39,85.32,83.9,88.47,84.44,85.77,67.24,86.08
289,86,"<a target=""_blank"" style=""text-decoration: underline"" href=""https://huggingface.co/zeroshot/gte-large-sparse"">gte-large-sparse</a>",,,,,81.9,85.83,79.0,73.48,86.14,80.36,88.53,84.08,89.42,66.75,85.45
257,87,"<a target=""_blank"" style=""text-decoration: underline"" href=""https://huggingface.co/sentence-transformers/sentence-t5-large"">sentence-t5-large</a>",168,0.63,768,512,81.83,78.93,80.34,79.11,87.33,83.17,88.28,84.36,88.99,62.39,85.36
305,88,"<a target=""_blank"" style=""text-decoration: underline"" href=""https://openai.com/blog/new-embedding-models-and-api-updates"">text-embedding-3-large</a>",,,3072,8191,81.73,84.68,79.0,72.84,86.1,81.15,88.49,85.08,90.22,66.14,83.56
218,89,"<a target=""_blank"" style=""text-decoration: underline"" href=""https://huggingface.co/nomic-ai/nomic-embed-text-v1.5"">nomic-embed-text-v1.5-512</a>",138,0.51,512,8192,81.7,83.3,79.27,78.3,85.81,81.38,86.79,84.56,87.25,65.24,85.14
258,90,"<a target=""_blank"" style=""text-decoration: underline"" href=""https://huggingface.co/sentence-transformers/sentence-t5-xl"">sentence-t5-xl</a>",1240,4.62,768,512,81.66,73.12,79.98,79.02,88.8,84.33,88.89,85.31,88.91,64.32,83.93
174,91,"<a target=""_blank"" style=""text-decoration: underline"" href=""https://huggingface.co/intfloat/multilingual-e5-large"">multilingual-e5-large</a>",560,2.09,1024,514,81.62,82.49,80.23,80.02,81.55,77.72,89.31,85.79,88.12,63.66,87.29
26,92,"<a target=""_blank"" style=""text-decoration: underline"" href=""https://huggingface.co/BAAI/bge-small-en-v1.5"">bge-small-en-v1.5</a>",33,0.12,384,512,81.59,83.75,79.41,77.44,82.98,81.84,87.26,84.93,87.15,65.3,85.86
306,93,"<a target=""_blank"" style=""text-decoration: underline"" href=""https://openai.com/blog/new-embedding-models-and-api-updates"">text-embedding-3-small</a>",,,1536,8191,81.58,88.72,76.73,73.09,84.92,79.81,88.01,84.41,90.94,64.96,84.24
56,94,"<a target=""_blank"" style=""text-decoration: underline"" href=""https://huggingface.co/KeyurRamoliya/multilingual-e5-large-GGUF"">multilingual-e5-large-GGUF</a>",,,,,81.56,82.51,80.23,80.02,81.55,77.72,89.31,85.78,88.12,63.06,87.29
126,95,"<a target=""_blank"" style=""text-decoration: underline"" href=""https://huggingface.co/amazon/Titan-text-embeddings-v2"">Titan-text-embeddings-v2</a>",,,,,81.54,87.13,76.49,75.0,87.91,82.26,87.87,80.92,87.23,68.59,81.95
179,96,"<a target=""_blank"" style=""text-decoration: underline"" href=""https://huggingface.co/izhx/udever-bloom-1b1"">udever-bloom-1b1</a>",,,1536,2048,81.52,84.65,79.92,75.8,83.62,78.73,86.41,84.5,89.95,65.81,85.79
290,97,"<a target=""_blank"" style=""text-decoration: underline"" href=""https://huggingface.co/zeroshot/gte-small-quant"">gte-small-quant</a>",,,,,81.5,87.81,77.31,73.99,84.23,80.09,88.2,83.61,87.8,66.84,85.13
19,98,"<a target=""_blank"" style=""text-decoration: underline"" href=""https://huggingface.co/Alibaba-NLP/gte-large-en-v1.5"">gte-large-en-v1.5</a>",434,1.62,1024,8192,81.43,85.39,79.78,73.88,85.08,79.61,86.15,81.6,89.11,70.59,83.07
217,99,"<a target=""_blank"" style=""text-decoration: underline"" href=""https://huggingface.co/nomic-ai/nomic-embed-text-v1.5"">nomic-embed-text-v1.5-256</a>",138,0.51,256,8192,81.34,81.58,79.24,78.16,86.01,81.25,86.51,84.24,86.44,65.14,84.8
102,100,"<a target=""_blank"" style=""text-decoration: underline"" href=""https://huggingface.co/Salesforce/SFR-Embedding-2_R"">SFR-Embedding-2_R</a>",7111,26.49,4096,32768,81.26,87.6,77.01,75.67,82.4,79.93,85.82,84.5,88.93,67.1,83.6
208,101,"<a target=""_blank"" style=""text-decoration: underline"" href=""https://huggingface.co/neuralmagic/bge-base-en-v1.5-sparse"">bge-base-en-v1.5-sparse</a>",,,,,81.19,83.94,78.64,74.88,83.64,80.4,88.01,84.31,88.3,63.84,85.93
256,102,"<a target=""_blank"" style=""text-decoration: underline"" href=""https://huggingface.co/sentence-transformers/sentence-t5-base"">sentence-t5-base</a>",110,0.41,768,512,81.14,75.89,80.18,78.05,85.85,82.19,87.46,84.03,89.57,62.66,85.52
155,103,"<a target=""_blank"" style=""text-decoration: underline"" href=""https://huggingface.co/dwzhu/e5-base-4k"">e5-base-4k</a>",112,0.42,768,4096,81.05,81.4,78.3,75.79,83.58,79.95,88.82,84.46,87.58,64.07,86.52
167,104,"<a target=""_blank"" style=""text-decoration: underline"" href=""https://huggingface.co/intfloat/e5-base-v2"">e5-base-v2</a>",110,0.41,768,512,81.05,81.4,78.3,75.79,83.58,79.95,88.82,84.46,87.58,64.07,86.52
304,105,"<a target=""_blank"" style=""text-decoration: underline"" href=""https://openai.com/blog/new-embedding-models-and-api-updates"">text-embedding-3-large-256</a>",,,256,8191,81.04,84.87,79.18,71.98,85.52,80.5,87.51,84.48,88.11,65.92,82.34
303,106,"<a target=""_blank"" style=""text-decoration: underline"" href=""https://openai.com/blog/new-and-improved-embedding-model"">text-embedding-ada-002</a>",,,1536,8191,80.97,86.35,80.6,69.8,83.27,76.09,86.12,85.96,90.25,68.12,83.17
185,107,"<a target=""_blank"" style=""text-decoration: underline"" href=""https://huggingface.co/jinaai/jina-embedding-l-en-v1"">jina-embedding-l-en-v1</a>",335,1.25,1024,512,80.96,84.43,79.2,74.52,83.16,78.09,86.91,83.65,90.16,64.88,84.6
166,108,"<a target=""_blank"" style=""text-decoration: underline"" href=""https://huggingface.co/intfloat/e5-base"">e5-base</a>",109,0.41,768,512,80.96,85.1,79.66,74.22,83.31,78.52,88.35,84.15,87.23,62.88,86.18
32,109,"<a target=""_blank"" style=""text-decoration: underline"" href=""https://huggingface.co/Cohere/Cohere-embed-english-light-v3.0"">Cohere-embed-english-light-v3.0</a>",,,,,80.92,81.72,79.65,72.6,82.88,79.74,86.98,84.41,89.22,65.42,86.58
171,110,"<a target=""_blank"" style=""text-decoration: underline"" href=""https://huggingface.co/intfloat/e5-small"">e5-small</a>",33,0.12,384,512,80.87,84.22,78.9,75.19,81.8,78.48,87.49,84.58,87.94,63.76,86.36
215,111,"<a target=""_blank"" style=""text-decoration: underline"" href=""https://huggingface.co/nomic-ai/nomic-embed-text-v1-unsupervised"">nomic-embed-text-v1-unsupervised</a>",137,0.51,768,8192,80.84,87.19,74.19,73.22,84.77,79.99,87.27,82.31,89.54,65.93,83.96
255,112,"<a target=""_blank"" style=""text-decoration: underline"" href=""https://huggingface.co/sentence-transformers/paraphrase-multilingual-mpnet-base-v2"">paraphrase-multilingual-mpnet-base-v2</a>",278,1.04,768,514,80.77,76.27,79.62,77.9,85.11,80.81,87.48,83.2,86.99,63.52,86.82
216,113,"<a target=""_blank"" style=""text-decoration: underline"" href=""https://huggingface.co/nomic-ai/nomic-embed-text-v1.5"">nomic-embed-text-v1.5-128</a>",138,0.51,128,8192,80.74,80.19,79.09,77.49,85.62,80.5,85.84,83.9,86.27,64.24,84.28
129,114,"<a target=""_blank"" style=""text-decoration: underline"" href=""https://huggingface.co/avsolatorio/GIST-all-MiniLM-L6-v2"">GIST-all-MiniLM-L6-v2</a>",23,0.08,384,512,80.72,81.26,79.09,75.04,83.26,78.62,87.03,83.01,87.36,68.11,84.4
188,115,"<a target=""_blank"" style=""text-decoration: underline"" href=""https://huggingface.co/jinaai/jina-embeddings-v2-base-en"">jina-embeddings-v2-base-en</a>",137,0.51,768,8192,80.7,81.23,79.65,74.27,84.18,78.81,87.55,85.35,88.88,62.2,84.84
282,116,"<a target=""_blank"" style=""text-decoration: underline"" href=""https://huggingface.co/walsons/jina-embeddings-v2-base-en-Q4_K_M-GGUF"">jina-embeddings-v2-base-en-Q4_K_M-GGUF</a>",,,,,80.7,81.23,79.65,74.27,84.18,78.81,87.55,85.35,88.88,62.2,84.84
286,117,"<a target=""_blank"" style=""text-decoration: underline"" href=""https://huggingface.co/yessilver/new_model"">new_model</a>",,,,,80.59,82.19,79.25,73.71,82.32,80.07,87.21,82.33,87.58,66.3,84.92
91,118,"<a target=""_blank"" style=""text-decoration: underline"" href=""https://huggingface.co/Muennighoff/SGPT-5.8B-weightedmean-nli-bitfit"">SGPT-5.8B-weightedmean-nli-bitfit</a>",5874,21.88,4096,2048,80.53,79.5,79.59,74.29,85.35,79.21,85.52,82.54,90.44,63.2,85.67
195,119,"<a target=""_blank"" style=""text-decoration: underline"" href=""https://huggingface.co/lixsh6/XLM-3B5-embedding"">XLM-3B5-embedding</a>",,,,,80.47,80.72,81.87,70.75,84.37,74.51,86.41,84.74,89.03,65.87,86.46
115,120,"<a target=""_blank"" style=""text-decoration: underline"" href=""https://huggingface.co/TaylorAI/gte-tiny"">gte-tiny</a>",23,0.08,384,512,80.46,86.63,75.85,72.58,82.39,77.98,86.54,83.31,88.28,66.68,84.38
172,121,"<a target=""_blank"" style=""text-decoration: underline"" href=""https://huggingface.co/intfloat/e5-small-v2"">e5-small-v2</a>",33,0.12,384,512,80.39,79.43,78.51,76.21,82.4,79.0,87.76,83.8,87.72,63.15,85.95
173,122,"<a target=""_blank"" style=""text-decoration: underline"" href=""https://huggingface.co/intfloat/multilingual-e5-base"">multilingual-e5-base</a>",278,1.04,768,514,80.31,85.05,78.51,76.7,78.02,76.6,88.16,84.28,87.84,62.26,85.64
243,123,"<a target=""_blank"" style=""text-decoration: underline"" href=""https://huggingface.co/sentence-transformers/all-mpnet-base-v2"">all-mpnet-base-v2</a>",110,0.41,768,514,80.28,80.43,80.59,72.63,83.48,78.0,85.66,80.03,90.6,67.95,83.42
262,124,"<a target=""_blank"" style=""text-decoration: underline"" href=""https://huggingface.co/shibing624/text2vec-base-multilingual"">text2vec-base-multilingual</a>",118,0.44,384,512,80.24,66.16,79.97,80.91,82.86,87.36,88.31,81.61,85.81,62.99,86.45
214,125,"<a target=""_blank"" style=""text-decoration: underline"" href=""https://huggingface.co/nomic-ai/nomic-embed-text-v1-ablated"">nomic-embed-text-v1-ablated</a>",137,0.51,768,8192,80.22,85.37,77.3,77.97,79.39,78.17,85.51,84.95,85.87,64.28,83.42
146,126,"<a target=""_blank"" style=""text-decoration: underline"" href=""https://huggingface.co/deepfile/embedder-100p"">embedder-100p</a>",278,1.04,768,514,80.17,75.32,80.91,76.98,82.63,77.84,85.92,80.68,88.99,68.26,84.2
34,127,"<a target=""_blank"" style=""text-decoration: underline"" href=""https://huggingface.co/Cohere/Cohere-embed-multilingual-light-v3.0"">Cohere-embed-multilingual-light-v3.0</a>",,,384,512,80.09,84.01,77.04,73.22,79.5,76.96,86.43,84.33,88.67,65.31,85.46
190,128,"<a target=""_blank"" style=""text-decoration: underline"" href=""https://huggingface.co/jinaai/jina-embeddings-v2-small-en"">jina-embeddings-v2-small-en</a>",33,0.12,512,8192,80.0,80.52,76.72,73.66,83.3,79.17,87.3,83.6,88.23,63.46,84.04
184,129,"<a target=""_blank"" style=""text-decoration: underline"" href=""https://huggingface.co/jinaai/jina-embedding-b-en-v1"">jina-embedding-b-en-v1</a>",110,0.41,768,512,79.93,83.58,79.14,75.06,80.86,76.13,85.55,81.21,88.98,66.22,82.57
181,130,"<a target=""_blank"" style=""text-decoration: underline"" href=""https://huggingface.co/izhx/udever-bloom-560m"">udever-bloom-560m</a>",,,1024,2048,79.93,84.44,78.53,74.07,81.81,77.05,84.61,83.09,89.15,62.92,83.63
76,131,"<a target=""_blank"" style=""text-decoration: underline"" href=""https://huggingface.co/Mihaiii/Ivysaur"">Ivysaur</a>",23,0.08,384,512,79.89,87.32,75.63,68.58,80.54,77.63,86.16,82.82,88.57,67.39,84.25
241,132,"<a target=""_blank"" style=""text-decoration: underline"" href=""https://huggingface.co/sentence-transformers/all-MiniLM-L12-v2"">all-MiniLM-L12-v2</a>",33,0.12,384,512,79.8,83.57,79.32,73.08,82.13,76.73,85.58,80.23,88.63,65.67,83.09
219,133,"<a target=""_blank"" style=""text-decoration: underline"" href=""https://huggingface.co/nomic-ai/nomic-embed-text-v1.5"">nomic-embed-text-v1.5-64</a>",138,0.51,64,8192,79.79,77.18,78.76,77.3,84.18,79.37,84.69,83.36,85.73,63.83,83.46
292,134,"<a target=""_blank"" style=""text-decoration: underline"" href=""https://huggingface.co/zhou-xl/bi-cse"">bi-cse</a>",560,2.09,1024,514,79.66,70.56,79.04,78.39,83.72,79.19,85.58,82.33,87.9,63.92,85.99
75,135,"<a target=""_blank"" style=""text-decoration: underline"" href=""https://huggingface.co/Mihaiii/Bulbasaur"">Bulbasaur</a>",17,0.06,384,512,79.18,85.05,76.04,69.5,80.96,77.08,85.42,82.3,88.03,64.12,83.34
176,136,"<a target=""_blank"" style=""text-decoration: underline"" href=""https://huggingface.co/intfloat/multilingual-e5-small"">multilingual-e5-small</a>",118,0.44,384,512,79.16,82.46,77.51,76.56,76.97,75.52,87.12,83.63,86.42,61.25,84.11
227,137,"<a target=""_blank"" style=""text-decoration: underline"" href=""https://huggingface.co/princeton-nlp/sup-simcse-bert-base-uncased"">sup-simcse-bert-base-uncased</a>",110,0.41,768,512,79.12,68.38,80.77,75.3,84.67,80.19,85.4,80.82,89.44,61.96,84.25
193,138,"<a target=""_blank"" style=""text-decoration: underline"" href=""https://huggingface.co/lixsh6/MegatronBert-1B3-embedding"">MegatronBert-1B3-embedding</a>",,,,,79.11,83.86,79.38,73.65,75.57,72.1,85.63,82.07,89.0,66.16,83.69
66,139,"<a target=""_blank"" style=""text-decoration: underline"" href=""https://huggingface.co/Marqo/multilingual-e5-small"">multilingual-e5-small</a>",118,0.44,384,512,79.1,82.26,77.51,76.56,76.97,75.52,87.12,83.63,86.44,60.94,84.01
194,140,"<a target=""_blank"" style=""text-decoration: underline"" href=""https://huggingface.co/lixsh6/XLM-0B6-embedding"">XLM-0B6-embedding</a>",,,,,79.02,80.25,79.68,69.94,79.63,71.34,82.81,82.65,88.89,68.48,86.5
254,141,"<a target=""_blank"" style=""text-decoration: underline"" href=""https://huggingface.co/sentence-transformers/paraphrase-multilingual-MiniLM-L12-v2"">paraphrase-multilingual-MiniLM-L12-v2</a>",118,0.44,384,512,78.96,74.18,79.61,76.02,80.7,78.85,85.84,81.05,86.87,62.07,84.42
242,142,"<a target=""_blank"" style=""text-decoration: underline"" href=""https://huggingface.co/sentence-transformers/all-MiniLM-L6-v2"">all-MiniLM-L6-v2</a>",23,0.09,384,512,78.9,81.64,77.58,72.37,80.6,75.59,85.39,78.99,87.59,67.21,82.03
79,143,"<a target=""_blank"" style=""text-decoration: underline"" href=""https://huggingface.co/Mihaiii/Wartortle"">Wartortle</a>",17,0.06,384,512,78.81,80.78,78.24,75.19,79.33,76.56,84.7,81.44,86.61,63.43,81.79
114,144,"<a target=""_blank"" style=""text-decoration: underline"" href=""https://huggingface.co/TaylorAI/bge-micro-v2"">bge-micro-v2</a>",17,0.06,384,512,78.65,82.92,73.62,71.89,79.85,76.86,84.77,81.91,86.82,65.38,82.5
299,145,"<a target=""_blank"" style=""text-decoration: underline"" href=""https://openai.com/blog/introducing-text-and-code-embeddings"">text-similarity-ada-001</a>",,,1024,2046,78.6,78.04,77.48,72.3,81.49,74.74,84.28,82.06,87.08,64.71,83.78
127,146,"<a target=""_blank"" style=""text-decoration: underline"" href=""https://huggingface.co/andersonbcdefg/bge-small-4096"">bge-small-4096</a>",35,0.13,384,4096,78.59,81.6,74.18,72.2,80.54,76.2,85.2,81.93,86.61,65.46,81.94
212,147,"<a target=""_blank"" style=""text-decoration: underline"" href=""https://huggingface.co/neuralmagic/bge-small-en-v1.5-sparse"">bge-small-en-v1.5-sparse</a>",,,,,78.53,78.95,74.39,72.22,81.0,76.99,85.21,82.83,87.78,64.17,81.77
72,148,"<a target=""_blank"" style=""text-decoration: underline"" href=""https://huggingface.co/McGill-NLP/LLM2Vec-Mistral-7B-Instruct-v2-mntp-unsup-simcse"">LLM2Vec-Mistral-unsupervised</a>",7111,26.49,4096,32768,78.5,83.29,75.55,67.65,83.9,76.97,83.8,81.91,85.58,65.93,80.42
111,149,"<a target=""_blank"" style=""text-decoration: underline"" href=""https://huggingface.co/Snowflake/snowflake-arctic-embed-s"">snowflake-arctic-embed-s</a>",33,0.12,384,512,78.44,86.27,69.66,68.79,79.62,75.58,84.64,82.4,86.73,69.49,81.19
251,150,"<a target=""_blank"" style=""text-decoration: underline"" href=""https://huggingface.co/sentence-transformers/gtr-t5-xxl"">gtr-t5-xxl</a>",4865,18.12,768,512,78.38,81.91,74.29,70.12,82.72,78.24,86.26,81.61,85.18,65.76,77.73
113,151,"<a target=""_blank"" style=""text-decoration: underline"" href=""https://huggingface.co/TaylorAI/bge-micro"">bge-micro</a>",17,0.06,384,512,78.37,83.42,72.39,71.9,80.93,76.6,84.92,80.72,85.61,65.9,81.32
249,152,"<a target=""_blank"" style=""text-decoration: underline"" href=""https://huggingface.co/sentence-transformers/gtr-t5-large"">gtr-t5-large</a>",168,0.63,768,512,78.19,84.86,73.39,70.33,82.19,77.16,86.31,81.85,83.93,64.3,77.6
90,153,"<a target=""_blank"" style=""text-decoration: underline"" href=""https://huggingface.co/Muennighoff/SGPT-5.8B-weightedmean-msmarco-specb-bitfit"">SGPT-5.8B-weightedmean-msmarco-specb-bitfit</a>",5874,21.88,4096,2048,78.1,86.25,69.63,67.5,79.16,74.46,84.47,80.96,87.78,69.35,81.39
186,154,"<a target=""_blank"" style=""text-decoration: underline"" href=""https://huggingface.co/jinaai/jina-embedding-s-en-v1"">jina-embedding-s-en-v1</a>",35,0.13,512,512,78.06,82.96,76.33,74.28,78.55,73.84,83.71,80.03,87.49,64.25,79.2
250,155,"<a target=""_blank"" style=""text-decoration: underline"" href=""https://huggingface.co/sentence-transformers/gtr-t5-xl"">gtr-t5-xl</a>",1240,4.62,768,512,77.8,78.94,73.63,69.11,81.82,77.07,86.01,82.23,84.9,66.61,77.65
135,156,"<a target=""_blank"" style=""text-decoration: underline"" href=""https://huggingface.co/bigscience/sgpt-bloom-7b1-msmarco"">sgpt-bloom-7b1-msmarco</a>",,,,,77.74,85.31,69.82,69.66,79.67,74.61,83.81,80.4,87.07,66.13,80.9
109,157,"<a target=""_blank"" style=""text-decoration: underline"" href=""https://huggingface.co/Snowflake/snowflake-arctic-embed-m-long"">snowflake-arctic-embed-m-long</a>",137,0.51,768,8192,77.08,88.24,70.91,66.11,79.82,73.64,83.23,81.58,80.59,68.79,77.9
287,158,"<a target=""_blank"" style=""text-decoration: underline"" href=""https://huggingface.co/yixuan-chia/snowflake-arctic-embed-m-long-Q8_0-GGUF"">snowflake-arctic-embed-m-long-Q8_0-GGUF</a>",,,,,77.08,88.24,70.91,66.11,79.82,73.64,83.23,81.58,80.59,68.79,77.9
248,159,"<a target=""_blank"" style=""text-decoration: underline"" href=""https://huggingface.co/sentence-transformers/gtr-t5-base"">gtr-t5-base</a>",110,0.41,768,512,77.07,79.0,71.45,68.59,79.09,74.64,84.85,81.57,85.8,66.17,79.58
307,160,"<a target=""_blank"" style=""text-decoration: underline"" href=""https://www.elastic.co/guide/en/machine-learning/current/ml-nlp-elser.html"">elser-v2</a>",110,0.41,30522,512,76.95,83.79,68.78,64.81,80.1,74.96,83.7,80.55,85.74,67.5,79.54
89,161,"<a target=""_blank"" style=""text-decoration: underline"" href=""https://huggingface.co/Muennighoff/SGPT-2.7B-weightedmean-msmarco-specb-bitfit"">SGPT-2.7B-weightedmean-msmarco-specb-bitfit</a>",2685,10.0,2560,2048,76.83,84.84,68.2,66.99,77.58,72.78,82.62,80.1,87.25,68.75,79.21
84,162,"<a target=""_blank"" style=""text-decoration: underline"" href=""https://huggingface.co/Mihaiii/test24"">test24</a>",17,0.06,384,512,76.56,80.94,69.07,71.78,77.7,74.04,83.13,78.88,85.55,65.55,78.93
221,163,"<a target=""_blank"" style=""text-decoration: underline"" href=""https://huggingface.co/nthakur/contriever-base-msmarco"">contriever-base-msmarco</a>",110,0.41,768,512,76.51,83.32,70.2,64.34,80.03,74.51,83.3,79.67,86.32,64.64,78.81
252,164,"<a target=""_blank"" style=""text-decoration: underline"" href=""https://huggingface.co/sentence-transformers/msmarco-bert-co-condensor"">msmarco-bert-co-condensor</a>",110,0.41,768,512,76.47,77.32,72.0,68.19,80.4,74.02,82.57,79.78,85.94,67.54,76.97
68,165,"<a target=""_blank"" style=""text-decoration: underline"" href=""https://huggingface.co/McGill-NLP/LLM2Vec-Llama-2-7b-chat-hf-mntp-unsup-simcse"">LLM2Vec-Llama-2-unsupervised</a>",6607,24.61,4096,4096,76.4,82.41,71.77,65.39,79.26,72.98,82.72,81.02,86.7,63.47,78.32
112,166,"<a target=""_blank"" style=""text-decoration: underline"" href=""https://huggingface.co/Snowflake/snowflake-arctic-embed-xs"">snowflake-arctic-embed-xs</a>",23,0.08,384,512,76.39,84.05,69.26,65.9,77.87,72.82,83.49,80.58,84.49,66.28,79.18
77,167,"<a target=""_blank"" style=""text-decoration: underline"" href=""https://huggingface.co/Mihaiii/Squirtle"">Squirtle</a>",16,0.06,384,512,75.9,71.78,77.34,70.15,78.42,74.76,82.0,78.27,85.85,61.2,79.21
70,168,"<a target=""_blank"" style=""text-decoration: underline"" href=""https://huggingface.co/McGill-NLP/LLM2Vec-Meta-Llama-3-8B-Instruct-mntp-unsup-simcse"">LLM2Vec-Meta-Llama-3-unsupervised</a>",7505,27.96,4096,8192,75.86,84.67,72.16,61.6,79.71,72.11,82.18,79.41,85.44,63.9,77.44
86,169,"<a target=""_blank"" style=""text-decoration: underline"" href=""https://huggingface.co/Muennighoff/SGPT-1.3B-weightedmean-msmarco-specb-bitfit"">SGPT-1.3B-weightedmean-msmarco-specb-bitfit</a>",1341,4.99,2048,2048,75.74,83.02,67.23,66.59,77.33,71.83,80.66,78.91,86.99,67.3,77.59
247,170,"<a target=""_blank"" style=""text-decoration: underline"" href=""https://huggingface.co/sentence-transformers/distiluse-base-multilingual-cased-v2"">distiluse-base-multilingual-cased-v2</a>",135,0.5,512,512,75.6,78.34,75.25,72.96,70.58,70.29,81.94,76.8,86.19,62.88,80.75
107,171,"<a target=""_blank"" style=""text-decoration: underline"" href=""https://huggingface.co/Snowflake/snowflake-arctic-embed-l"">snowflake-arctic-embed-l</a>",334,1.24,1024,512,75.48,86.35,69.32,67.85,77.49,69.77,80.16,77.94,82.28,67.97,75.68
277,172,"<a target=""_blank"" style=""text-decoration: underline"" href=""https://huggingface.co/vprelovac/universal-sentence-encoder-multilingual-3"">universal-sentence-encoder-multilingual-3</a>",,,512,512,75.39,78.19,74.43,72.58,72.22,69.98,82.22,76.91,85.22,61.9,80.28
85,173,"<a target=""_blank"" style=""text-decoration: underline"" href=""https://huggingface.co/Mihaiii/test25"">test25</a>",17,0.06,384,512,75.37,76.49,71.7,69.73,76.43,73.66,82.62,79.49,84.38,60.61,78.61
278,174,"<a target=""_blank"" style=""text-decoration: underline"" href=""https://huggingface.co/vprelovac/universal-sentence-encoder-multilingual-large-3"">universal-sentence-encoder-multilingual-large-3</a>",,,512,512,75.35,79.14,76.43,74.25,71.82,71.38,82.47,77.54,86.38,52.85,81.24
64,175,"<a target=""_blank"" style=""text-decoration: underline"" href=""https://huggingface.co/ManiShankar-AlpesAi/paraphrase-multilingual-mpnet-base-v2-KE_Sieve"">paraphrase-multilingual-mpnet-base-v2-KE_Sieve</a>",,,,,75.11,65.29,76.01,71.25,78.4,74.23,81.41,79.13,85.4,58.63,81.34
272,176,"<a target=""_blank"" style=""text-decoration: underline"" href=""https://huggingface.co/twadada/nmc-nignore15"">nmc-nignore15</a>",,,,,75.07,80.16,66.06,67.62,79.15,74.97,82.0,77.45,85.17,60.88,77.27
108,177,"<a target=""_blank"" style=""text-decoration: underline"" href=""https://huggingface.co/Snowflake/snowflake-arctic-embed-m"">snowflake-arctic-embed-m</a>",109,0.41,768,512,75.03,86.62,69.12,66.97,79.12,68.51,79.92,78.66,81.46,65.84,74.1
273,178,"<a target=""_blank"" style=""text-decoration: underline"" href=""https://huggingface.co/twadada/nmc-nignore30"">nmc-nignore30</a>",,,,,74.83,80.49,65.37,68.03,78.45,74.71,82.13,77.2,84.97,59.61,77.35
88,179,"<a target=""_blank"" style=""text-decoration: underline"" href=""https://huggingface.co/Muennighoff/SGPT-125M-weightedmean-nli-bitfit"">SGPT-125M-weightedmean-nli-bitfit</a>",138,0.51,768,2048,74.71,70.93,74.57,69.17,77.23,70.99,79.74,77.93,87.33,59.64,79.54
274,180,"<a target=""_blank"" style=""text-decoration: underline"" href=""https://huggingface.co/twadada/nmc-nignore50"">nmc-nignore50</a>",,,,,74.53,80.24,64.09,67.74,77.9,74.35,82.09,76.85,83.88,60.82,77.32
271,181,"<a target=""_blank"" style=""text-decoration: underline"" href=""https://huggingface.co/twadada/nmc-300-w75k-b10k"">nmc-300-w75k-b10k</a>",,,,,74.39,76.97,67.84,67.06,78.78,74.49,81.23,76.92,84.11,60.68,75.84
228,182,"<a target=""_blank"" style=""text-decoration: underline"" href=""https://huggingface.co/princeton-nlp/unsup-simcse-bert-base-uncased"">unsup-simcse-bert-base-uncased</a>",110,0.41,768,512,74.33,72.31,72.24,66.05,81.49,73.61,79.72,78.12,83.58,59.65,76.52
150,183,"<a target=""_blank"" style=""text-decoration: underline"" href=""https://huggingface.co/djovak/multi-qa-MiniLM-L6-cos-v1"">multi-qa-MiniLM-L6-cos-v1</a>",23,0.09,384,512,74.23,79.76,70.04,64.38,76.41,69.33,80.18,79.57,81.18,65.51,75.98
270,184,"<a target=""_blank"" style=""text-decoration: underline"" href=""https://huggingface.co/twadada/nmc-300-w50k-b10k"">nmc-300-w50k-b10k</a>",,,,,74.2,76.33,67.66,66.64,78.57,74.33,81.02,76.62,84.24,60.87,75.76
276,185,"<a target=""_blank"" style=""text-decoration: underline"" href=""https://huggingface.co/vprelovac/universal-sentence-encoder-large-5"">universal-sentence-encoder-large-5</a>",,,,,74.05,69.36,76.84,72.49,73.65,71.88,82.9,79.83,85.19,48.44,79.93
47,186,"<a target=""_blank"" style=""text-decoration: underline"" href=""https://huggingface.co/Hum-Works/lodestone-base-4096-v1"">lodestone-base-4096-v1</a>",69,0.26,768,4096,73.7,70.87,70.47,64.0,78.2,70.78,80.03,78.8,83.88,64.39,75.57
125,187,"<a target=""_blank"" style=""text-decoration: underline"" href=""https://huggingface.co/aimlresearch2023/snowflake-arctic-embed-m-v1.5-Q8_0-GGUF"">snowflake-arctic-embed-m-v1.5-Q8_0-GGUF</a>",,,,,73.63,86.4,69.86,61.8,82.67,68.95,75.55,77.27,74.97,69.08,69.72
110,188,"<a target=""_blank"" style=""text-decoration: underline"" href=""https://huggingface.co/Snowflake/snowflake-arctic-embed-m-v1.5"">snowflake-arctic-embed-m-v1.5</a>",109,0.41,768,512,73.63,86.4,69.86,61.8,82.67,68.95,75.55,77.27,74.97,69.08,69.72
87,189,"<a target=""_blank"" style=""text-decoration: underline"" href=""https://huggingface.co/Muennighoff/SGPT-125M-weightedmean-msmarco-specb-bitfit"">SGPT-125M-weightedmean-msmarco-specb-bitfit</a>",138,0.51,768,2048,73.41,75.21,65.93,66.53,76.17,69.05,79.24,76.07,84.95,65.66,75.34
78,190,"<a target=""_blank"" style=""text-decoration: underline"" href=""https://huggingface.co/Mihaiii/Venusaur"">Venusaur</a>",16,0.06,384,512,72.43,77.59,74.68,54.35,74.24,69.99,75.74,73.65,84.81,62.56,76.72
275,191,"<a target=""_blank"" style=""text-decoration: underline"" href=""https://huggingface.co/vprelovac/universal-sentence-encoder-4"">universal-sentence-encoder-4</a>",,,,,72.04,63.38,69.79,67.06,71.54,70.59,80.27,75.76,84.94,60.0,77.08
74,192,"<a target=""_blank"" style=""text-decoration: underline"" href=""https://huggingface.co/McGill-NLP/LLM2Vec-Sheared-LLaMA-mntp-unsup-simcse"">LLM2Vec-Sheared-Llama-unsupervised</a>",1280,4.77,2048,4096,71.61,75.12,69.34,60.09,72.52,66.7,77.69,75.94,81.67,63.7,73.36
142,193,"<a target=""_blank"" style=""text-decoration: underline"" href=""https://huggingface.co/consciousAI/cai-lunaris-text-embeddings"">cai-lunaris-text-embeddings</a>",,,,,70.81,73.97,68.99,58.5,74.03,66.18,75.55,73.71,80.14,65.65,71.4
240,194,"<a target=""_blank"" style=""text-decoration: underline"" href=""https://huggingface.co/sentence-transformers/LaBSE"">LaBSE</a>",471,1.75,768,512,70.8,78.7,69.99,65.08,67.98,64.03,76.59,72.98,79.45,60.97,72.25
156,195,"<a target=""_blank"" style=""text-decoration: underline"" href=""https://huggingface.co/facebook/SONAR"">SONAR</a>",,,,,67.23,79.11,62.94,65.46,62.79,57.54,74.25,75.73,79.94,47.12,67.39
11,196,"<a target=""_blank"" style=""text-decoration: underline"" href=""https://github.com/facebookresearch/LASER"">LASER2</a>",43,0.16,1024,N/A,63.27,62.01,62.86,62.6,59.62,57.03,71.57,70.75,76.73,39.76,69.77
246,197,"<a target=""_blank"" style=""text-decoration: underline"" href=""https://huggingface.co/sentence-transformers/average_word_embeddings_komninos"">komninos</a>",134,0.5,300,N/A,62.46,50.25,55.49,53.51,70.8,63.56,74.08,64.6,76.91,53.89,61.55
245,198,"<a target=""_blank"" style=""text-decoration: underline"" href=""https://huggingface.co/sentence-transformers/average_word_embeddings_glove.6B.300d"">glove.6B.300d</a>",120,0.45,300,N/A,61.85,44.93,55.43,54.64,69.16,60.81,72.31,65.34,77.95,56.35,61.54
244,199,"<a target=""_blank"" style=""text-decoration: underline"" href=""https://huggingface.co/sentence-transformers/allenai-specter"">allenai-specter</a>",110,0.41,768,512,61.02,64.95,56.39,62.49,58.7,54.87,62.54,64.27,69.63,55.06,61.26
134,200,"<a target=""_blank"" style=""text-decoration: underline"" href=""https://huggingface.co/bert-base-uncased"">bert-base-uncased</a>",110,0.41,768,512,54.36,54.7,58.65,30.87,59.89,47.73,60.29,63.73,64.1,56.37,47.29
269,201,"<a target=""_blank"" style=""text-decoration: underline"" href=""https://huggingface.co/thtang/ALL_862873"">ALL_862873</a>",118,0.44,384,512,39.1,21.34,48.55,55.59,18.36,28.84,29.19,39.05,61.22,44.45,44.39
2,202,"<a target=""_blank"" style=""text-decoration: underline"" href=""https://docs.aws.amazon.com/bedrock/latest/userguide/embeddings.html"">titan-embed-text-v1</a>",,,1536,8000,,84.17,73.05,66.59,83.24,73.71,82.4,,80.9,,74.85
3,203,"<a target=""_blank"" style=""text-decoration: underline"" href=""https://docs.mistral.ai/guides/embeddings"">mistral-embed</a>",,,1024,,,,,,,,,,,,
4,204,"<a target=""_blank"" style=""text-decoration: underline"" href=""https://docs.voyageai.com/embeddings/"">voyage-2</a>",,,1024,1024,,,,,,,,,,,
5,205,"<a target=""_blank"" style=""text-decoration: underline"" href=""https://docs.voyageai.com/embeddings/"">voyage-code-2</a>",,,1536,16000,,,,,,,,,,,
7,206,"<a target=""_blank"" style=""text-decoration: underline"" href=""https://docs.voyageai.com/embeddings/"">voyage-law-2</a>",,,1024,16000,,,,,,,,,,,
10,207,"<a target=""_blank"" style=""text-decoration: underline"" href=""https://docs.voyageai.com/embeddings/"">voyage-multilingual-2</a>",,,1024,32000,,,,,,,,,,,
13,209,"<a target=""_blank"" style=""text-decoration: underline"" href=""https://huggingface.co/AdrienB134/llm2vec-croissant-mntp"">llm2vec-croissant-mntp</a>",1280,4.77,2048,2048,,,,,,,,,,,
24,211,"<a target=""_blank"" style=""text-decoration: underline"" href=""https://huggingface.co/BAAI/bge-m3"">bge-m3</a>",567,2.11,1024,8192,,,,,,,,,,,
28,212,"<a target=""_blank"" style=""text-decoration: underline"" href=""https://huggingface.co/BeastyZ/e5-R-mistral-7b"">e5-R-mistral-7b</a>",7242,26.98,4096,32768,,,,,,,,,,,
37,216,"<a target=""_blank"" style=""text-decoration: underline"" href=""https://huggingface.co/DeepPavlov/distilrubert-small-cased-conversational"">distilrubert-small-cased-conversational</a>",106,0.39,768,512,,,,,,,,,,,
38,217,"<a target=""_blank"" style=""text-decoration: underline"" href=""https://huggingface.co/DeepPavlov/rubert-base-cased"">rubert-base-cased</a>",180,0.67,768,512,,,,,,,,,,,
39,218,"<a target=""_blank"" style=""text-decoration: underline"" href=""https://huggingface.co/DeepPavlov/rubert-base-cased-sentence"">rubert-base-cased-sentence</a>",180,0.67,768,512,,,,,,,,,,,
41,220,"<a target=""_blank"" style=""text-decoration: underline"" href=""https://huggingface.co/Gameselo/STS-multilingual-mpnet-base-v2"">STS-multilingual-mpnet-base-v2</a>",278,1.04,768,514,,,,,,,,,,,0.98
42,221,"<a target=""_blank"" style=""text-decoration: underline"" href=""https://huggingface.co/Geotrend/bert-base-10lang-cased"">bert-base-10lang-cased</a>",138,0.51,768,512,,,,,,,,,,,
43,222,"<a target=""_blank"" style=""text-decoration: underline"" href=""https://huggingface.co/Geotrend/bert-base-15lang-cased"">bert-base-15lang-cased</a>",138,0.51,768,512,,,,,,,,,,,
44,223,"<a target=""_blank"" style=""text-decoration: underline"" href=""https://huggingface.co/Geotrend/bert-base-25lang-cased"">bert-base-25lang-cased</a>",138,0.51,768,512,,,,,,,,,,,
54,230,"<a target=""_blank"" style=""text-decoration: underline"" href=""https://huggingface.co/Jaume/gemma-2b-embeddings"">gemma-2b-embeddings</a>",2506,9.34,2048,8192,,,,,,,,,,,
60,231,"<a target=""_blank"" style=""text-decoration: underline"" href=""https://huggingface.co/Lajavaness/bilingual-embedding-large-8k"">bilingual-embedding-large-8k</a>",568,2.12,1024,8194,,,,,,,,,,,
80,233,"<a target=""_blank"" style=""text-decoration: underline"" href=""https://huggingface.co/Mihaiii/gte-micro"">gte-micro</a>",17,0.06,384,512,,,,,,,,,,,
81,234,"<a target=""_blank"" style=""text-decoration: underline"" href=""https://huggingface.co/Mihaiii/gte-micro-v2"">gte-micro-v2</a>",17,0.06,384,512,,,,,,,,,,,
82,235,"<a target=""_blank"" style=""text-decoration: underline"" href=""https://huggingface.co/Mihaiii/gte-micro-v3"">gte-micro-v3</a>",17,0.06,384,512,,,,,,,,,,,
83,236,"<a target=""_blank"" style=""text-decoration: underline"" href=""https://huggingface.co/Mihaiii/gte-micro-v4"">gte-micro-v4</a>",19,0.07,384,512,,,,,,,,,,,
92,237,"<a target=""_blank"" style=""text-decoration: underline"" href=""https://huggingface.co/Omartificial-Intelligence-Space/Arabert-all-nli-triplet-Matryoshka"">Arabert-all-nli-triplet-Matryoshka</a>",135,0.5,768,512,,67.37,57.64,69.67,51.95,57.37,70.1,65.05,,,61.59
93,238,"<a target=""_blank"" style=""text-decoration: underline"" href=""https://huggingface.co/Omartificial-Intelligence-Space/Arabic-MiniLM-L12-v2-all-nli-triplet"">Arabic-MiniLM-L12-v2-all-nli-triplet</a>",118,0.44,384,512,,69.41,79.62,77.39,79.59,79.79,86.21,81.4,,,84.35
94,239,"<a target=""_blank"" style=""text-decoration: underline"" href=""https://huggingface.co/Omartificial-Intelligence-Space/Arabic-all-nli-triplet-Matryoshka"">Arabic-all-nli-triplet-Matryoshka</a>",278,1.04,768,514,,77.44,79.39,78.93,82.73,81.65,87.62,83.66,,,86.16
95,240,"<a target=""_blank"" style=""text-decoration: underline"" href=""https://huggingface.co/Omartificial-Intelligence-Space/Arabic-labse-Matryoshka"">Arabic-labse-Matryoshka</a>",471,1.75,768,512,,76.66,77.03,79.21,79.55,78.85,85.61,79.93,,,82.05
96,241,"<a target=""_blank"" style=""text-decoration: underline"" href=""https://huggingface.co/Omartificial-Intelligence-Space/Arabic-mpnet-base-all-nli-triplet"">Arabic-mpnet-base-all-nli-triplet</a>",109,0.41,768,514,,67.12,68.94,68.72,56.04,58.81,73.74,68.25,,,67.56
97,242,"<a target=""_blank"" style=""text-decoration: underline"" href=""https://huggingface.co/Omartificial-Intelligence-Space/Marbert-all-nli-triplet-Matryoshka"">Marbert-all-nli-triplet-Matryoshka</a>",163,0.61,768,512,,51.88,65.8,63.0,52.23,59.23,70.02,64.99,,,61.17
98,243,"<a target=""_blank"" style=""text-decoration: underline"" href=""https://huggingface.co/OrdalieTech/Solon-embeddings-large-0.1"">Solon-embeddings-large-0.1</a>",560,2.09,1024,514,,,,,,,,,,,
99,244,"<a target=""_blank"" style=""text-decoration: underline"" href=""https://huggingface.co/OrlikB/st-polish-kartonberta-base-alpha-v1"">st-polish-kartonberta-base-alpha-v1</a>",124,0.46,768,514,,,,,,,,,,,
101,245,"<a target=""_blank"" style=""text-decoration: underline"" href=""https://huggingface.co/RookieHX/bge_m3e_stella"">bge_m3e_stella</a>",,,,,,,,,,,,,,,61.83
105,246,"<a target=""_blank"" style=""text-decoration: underline"" href=""https://huggingface.co/Shimin/LLaMA-embeeding"">LLaMA-embeeding</a>",,,,,,67.85,57.32,42.8,58.77,53.36,69.23,58.81,68.6,,52.67
106,247,"<a target=""_blank"" style=""text-decoration: underline"" href=""https://huggingface.co/Shimin/yiyouliao"">yiyouliao</a>",,,,,,,79.98,77.64,81.23,77.94,86.87,83.31,87.35,60.99,
117,248,"<a target=""_blank"" style=""text-decoration: underline"" href=""https://huggingface.co/Wissam42/sentence-croissant-llm-base"">sentence-croissant-llm-base</a>",1280,4.77,2048,2048,,,,,,,,,,,
120,249,"<a target=""_blank"" style=""text-decoration: underline"" href=""https://huggingface.co/aari1995/German_Semantic_STS_V2"">German_Semantic_STS_V2</a>",336,1.25,1024,512,,,,,,,,,,,
122,250,"<a target=""_blank"" style=""text-decoration: underline"" href=""https://huggingface.co/ai-forever/ru-en-RoSBERTa"">ru-en-RoSBERTa</a>",404,1.5,1024,514,,,,,,,,,,,
123,251,"<a target=""_blank"" style=""text-decoration: underline"" href=""https://huggingface.co/ai-forever/sbert_large_mt_nlu_ru"">sbert_large_mt_nlu_ru</a>",427,1.59,1024,514,,,,,,,,,,,
124,252,"<a target=""_blank"" style=""text-decoration: underline"" href=""https://huggingface.co/ai-forever/sbert_large_nlu_ru"">sbert_large_nlu_ru</a>",427,1.59,1024,512,,,,,,,,,,,
136,253,"<a target=""_blank"" style=""text-decoration: underline"" href=""https://huggingface.co/biswa921/bge-m3"">bge-m3</a>",567,2.11,1024,8192,,83.38,79.71,78.73,79.6,79.0,87.81,85.4,87.13,,84.85
137,254,"<a target=""_blank"" style=""text-decoration: underline"" href=""https://huggingface.co/brahmairesearch/slx-v0.1"">slx-v0.1</a>",23,0.08,384,512,,,,,,,,,,,
139,255,"<a target=""_blank"" style=""text-decoration: underline"" href=""https://huggingface.co/cointegrated/LaBSE-en-ru"">LaBSE-en-ru</a>",129,0.48,768,512,,,,,,,,,,59.47,
140,256,"<a target=""_blank"" style=""text-decoration: underline"" href=""https://huggingface.co/cointegrated/rubert-tiny"">rubert-tiny</a>",12,0.04,512,514,,,,,,,,,,,
141,257,"<a target=""_blank"" style=""text-decoration: underline"" href=""https://huggingface.co/cointegrated/rubert-tiny2"">rubert-tiny2</a>",29,0.11,2048,514,,,,,,,,,,,
143,258,"<a target=""_blank"" style=""text-decoration: underline"" href=""https://huggingface.co/consciousAI/cai-stellaris-text-embeddings"">cai-stellaris-text-embeddings</a>",53,0.2,768,514,,,,,,,,,,,
144,259,"<a target=""_blank"" style=""text-decoration: underline"" href=""https://huggingface.co/dangvantuan/sentence-camembert-base"">sentence-camembert-base</a>",110,0.41,768,512,,,,,,,,,,,
145,260,"<a target=""_blank"" style=""text-decoration: underline"" href=""https://huggingface.co/dangvantuan/sentence-camembert-large"">sentence-camembert-large</a>",337,1.26,1024,512,,,,,,,,,,,
147,261,"<a target=""_blank"" style=""text-decoration: underline"" href=""https://huggingface.co/deepvk/USER-base"">USER-base</a>",124,0.46,768,512,,,,,,,,,,,
148,262,"<a target=""_blank"" style=""text-decoration: underline"" href=""https://huggingface.co/deepvk/USER-bge-m3"">USER-bge-m3</a>",359,1.34,1024,8192,,,,,,,,,,,
149,263,"<a target=""_blank"" style=""text-decoration: underline"" href=""https://huggingface.co/deepvk/deberta-v1-base"">deberta-v1-base</a>",124,0.46,768,512,,,,,,,,,,,
152,264,"<a target=""_blank"" style=""text-decoration: underline"" href=""https://huggingface.co/dumyy/sft-bge-small"">sft-bge-small</a>",24,0.09,512,512,,,,,,,,,,,
157,265,"<a target=""_blank"" style=""text-decoration: underline"" href=""https://huggingface.co/flaubert/flaubert_base_cased"">flaubert_base_cased</a>",138,0.51,768,512,,,,,,,,,,,
158,266,"<a target=""_blank"" style=""text-decoration: underline"" href=""https://huggingface.co/flaubert/flaubert_base_uncased"">flaubert_base_uncased</a>",138,0.51,768,512,,,,,,,,,,,
159,267,"<a target=""_blank"" style=""text-decoration: underline"" href=""https://huggingface.co/flaubert/flaubert_large_cased"">flaubert_large_cased</a>",372,1.39,1024,512,,,,,,,,,,,
160,268,"<a target=""_blank"" style=""text-decoration: underline"" href=""https://huggingface.co/google-bert/bert-base-multilingual-cased"">bert-base-multilingual-cased</a>",179,0.67,768,512,,,,,,,,,,,
161,269,"<a target=""_blank"" style=""text-decoration: underline"" href=""https://huggingface.co/google-bert/bert-base-multilingual-uncased"">bert-base-multilingual-uncased</a>",168,0.63,768,512,,,,,,,,,,,
177,270,"<a target=""_blank"" style=""text-decoration: underline"" href=""https://huggingface.co/ipipan/herbert-base-retrieval-v2"">herbert-base-retrieval-v2</a>",125,0.47,768,514,,,,,,,,,,,
178,271,"<a target=""_blank"" style=""text-decoration: underline"" href=""https://huggingface.co/ipipan/silver-retriever-base-v1"">silver-retriever-base-v1</a>",125,0.47,768,514,,,,,,,,,,,
197,272,"<a target=""_blank"" style=""text-decoration: underline"" href=""https://huggingface.co/manu/bge-m3-custom-fr"">bge-m3-custom-fr</a>",568,2.12,1024,8194,,,,,,,,,,,
198,273,"<a target=""_blank"" style=""text-decoration: underline"" href=""https://huggingface.co/manu/sentence_croissant_alpha_v0.1"">sentence_croissant_alpha_v0.1</a>",1280,4.77,2048,2048,,,,,,,,,,,
199,274,"<a target=""_blank"" style=""text-decoration: underline"" href=""https://huggingface.co/manu/sentence_croissant_alpha_v0.2"">sentence_croissant_alpha_v0.2</a>",1280,4.77,2048,2048,,,,,,,,,,,
200,275,"<a target=""_blank"" style=""text-decoration: underline"" href=""https://huggingface.co/manu/sentence_croissant_alpha_v0.3"">sentence_croissant_alpha_v0.3</a>",1280,4.77,2048,2048,,,,,,,,,,,
201,276,"<a target=""_blank"" style=""text-decoration: underline"" href=""https://huggingface.co/manu/sentence_croissant_alpha_v0.4"">sentence_croissant_alpha_v0.4</a>",1280,4.77,2048,2048,,,,,,,,,,,
206,279,"<a target=""_blank"" style=""text-decoration: underline"" href=""https://huggingface.co/mukaj/fin-mpnet-base"">fin-mpnet-base</a>",109,0.41,768,514,,,,,,,,,,,
224,280,"<a target=""_blank"" style=""text-decoration: underline"" href=""https://huggingface.co/nvidia/NV-Retriever-v1"">NV-Retriever-v1</a>",7111,26.49,4096,512,,,,,,,,,,,
225,281,"<a target=""_blank"" style=""text-decoration: underline"" href=""https://huggingface.co/openbmb/MiniCPM-Embedding"">MiniCPM-Embedding</a>",2725,10.15,2304,2048,,,,,,,,,,,
229,282,"<a target=""_blank"" style=""text-decoration: underline"" href=""https://huggingface.co/qinxianliu/FAE-v1"">FAE-v1</a>",335,1.25,1024,512,,,,,,,,,85.06,68.84,
233,283,"<a target=""_blank"" style=""text-decoration: underline"" href=""https://huggingface.co/sdadas/mmlw-e5-base"">mmlw-e5-base</a>",278,1.04,768,514,,,,,,,,,,,
234,284,"<a target=""_blank"" style=""text-decoration: underline"" href=""https://huggingface.co/sdadas/mmlw-e5-large"">mmlw-e5-large</a>",560,2.09,1024,514,,,,,,,,,,,
235,285,"<a target=""_blank"" style=""text-decoration: underline"" href=""https://huggingface.co/sdadas/mmlw-e5-small"">mmlw-e5-small</a>",118,0.44,384,512,,,,,,,,,,,
236,286,"<a target=""_blank"" style=""text-decoration: underline"" href=""https://huggingface.co/sdadas/mmlw-roberta-base"">mmlw-roberta-base</a>",124,0.46,768,514,,,,,,,,,,,
237,287,"<a target=""_blank"" style=""text-decoration: underline"" href=""https://huggingface.co/sdadas/mmlw-roberta-large"">mmlw-roberta-large</a>",435,1.62,1024,514,,,,,,,,,,,
238,288,"<a target=""_blank"" style=""text-decoration: underline"" href=""https://huggingface.co/sdadas/st-polish-paraphrase-from-distilroberta"">st-polish-paraphrase-from-distilroberta</a>",125,0.47,768,514,,,,,,,,,,,
239,289,"<a target=""_blank"" style=""text-decoration: underline"" href=""https://huggingface.co/sdadas/st-polish-paraphrase-from-mpnet"">st-polish-paraphrase-from-mpnet</a>",125,0.47,768,514,,,,,,,,,,,
253,290,"<a target=""_blank"" style=""text-decoration: underline"" href=""https://huggingface.co/sentence-transformers/multi-qa-MiniLM-L6-cos-v1"">multi-qa-MiniLM-L6-cos-v1</a>",23,0.09,384,512,,,,,,,,,,,
260,291,"<a target=""_blank"" style=""text-decoration: underline"" href=""https://huggingface.co/sergeyzh/LaBSE-ru-turbo"">LaBSE-ru-turbo</a>",128,0.48,768,512,,,,,,,,,,,
261,292,"<a target=""_blank"" style=""text-decoration: underline"" href=""https://huggingface.co/sergeyzh/rubert-tiny-turbo"">rubert-tiny-turbo</a>",29,0.11,312,2048,,,,,,,,,,47.06,
264,294,"<a target=""_blank"" style=""text-decoration: underline"" href=""https://huggingface.co/tanmaylaud/ret-phi2-v0"">ret-phi2-v0</a>",2649,9.87,2560,2048,,,,,,,,,,,
265,295,"<a target=""_blank"" style=""text-decoration: underline"" href=""https://huggingface.co/technicolor/Angle_BERT"">Angle_BERT</a>",109,0.41,768,512,,,,,,,,,,,
280,296,"<a target=""_blank"" style=""text-decoration: underline"" href=""https://huggingface.co/w601sxs/b1ade-embed-kd"">b1ade-embed-kd</a>",335,1.25,1024,512,,84.75,80.74,75.42,85.48,78.85,85.23,82.16,,,82.69
281,297,"<a target=""_blank"" style=""text-decoration: underline"" href=""https://huggingface.co/w601sxs/b1ade-embed-kd_3"">b1ade-embed-kd_3</a>",335,1.25,1024,512,,0.74,0.81,0.74,0.8300000000000001,0.75,0.8200000000000001,0.81,,,0.8
283,298,"<a target=""_blank"" style=""text-decoration: underline"" href=""https://huggingface.co/xlm-roberta-base"">xlm-roberta-base</a>",279,1.04,768,514,,,,,,,,,,,
284,299,"<a target=""_blank"" style=""text-decoration: underline"" href=""https://huggingface.co/xlm-roberta-large"">xlm-roberta-large</a>",560,2.09,1024,514,,,,,,,,,,,
285,300,"<a target=""_blank"" style=""text-decoration: underline"" href=""https://huggingface.co/yco/bilingual-embedding-base"">bilingual-embedding-base</a>",278,1.04,768,514,,,,,,,,,,,
294,301,"<a target=""_blank"" style=""text-decoration: underline"" href=""https://openai.com/blog/introducing-text-and-code-embeddings"">text-search-ada-001</a>",,,1024,2046,,,,,,,,,,,
295,302,"<a target=""_blank"" style=""text-decoration: underline"" href=""https://openai.com/blog/introducing-text-and-code-embeddings"">text-search-ada-doc-001</a>",,,1024,2046,,,,,,,,,,,
296,303,"<a target=""_blank"" style=""text-decoration: underline"" href=""https://openai.com/blog/introducing-text-and-code-embeddings"">text-search-babbage-001</a>",,,2048,2046,,,,,,,,,,,
297,304,"<a target=""_blank"" style=""text-decoration: underline"" href=""https://openai.com/blog/introducing-text-and-code-embeddings"">text-search-curie-001</a>",,,4096,2046,,,,,,,,,,,
298,305,"<a target=""_blank"" style=""text-decoration: underline"" href=""https://openai.com/blog/introducing-text-and-code-embeddings"">text-search-davinci-001</a>",,,12288,2046,,,,,,,,,,,
300,306,"<a target=""_blank"" style=""text-decoration: underline"" href=""https://openai.com/blog/introducing-text-and-code-embeddings"">text-similarity-babbage-001</a>",,,2048,2046,,78.12,77.02,,,,,,,,84.32
301,307,"<a target=""_blank"" style=""text-decoration: underline"" href=""https://openai.com/blog/introducing-text-and-code-embeddings"">text-similarity-curie-001</a>",,,4096,2046,,77.46,77.26,,,,,,,,83.02
302,308,"<a target=""_blank"" style=""text-decoration: underline"" href=""https://openai.com/blog/introducing-text-and-code-embeddings"">text-similarity-davinci-001</a>",,,12288,2046,,68.95,78.72,,,,,,,,84.08
